{
    "title": "Tevez facing Man City disciplinary action",
    "url": "https://edition.cnn.com/2011/10/13/sport/football/football-tevez-city-mancini/index.html",
    "date": "2011-10-13",
    "keywords": [
        "tevez",
        "city",
        "statement",
        "carlos",
        "case",
        "contract",
        "match",
        "investigation",
        "club",
        "breach",
        "substitute",
        "argentina",
        "fine",
        "footballer",
        "britain",
        "action",
        "mancini",
        "coach",
        "outfit",
        "move",
        "transfer",
        "story",
        "striker",
        "record",
        "cnn",
        "manchester",
        "refusal",
        "wednesday",
        "relation",
        "defeat",
        "arena",
        "september",
        "captain",
        "incident",
        "manager",
        "roberto",
        "mancinis",
        "team",
        "strike",
        "soccer",
        "stage",
        "hearing",
        "newspaper",
        "guardian",
        "player",
        "tevezs",
        "munich",
        "result",
        "misunderstanding",
        "publication",
        "sixweek",
        "multimillion",
        "dollar",
        "figure",
        "sanction",
        "pitch",
        "state",
        "confusion",
        "bench",
        "position",
        "ham",
        "request",
        "december",
        "boca",
        "july",
        "time",
        "deal",
        "close",
        "window",
        "season",
        "marksman",
        "campaign",
        "league",
        "weekend",
        "villa",
        "stadium",
        "saturday"
    ],
    "category": [
        "sport",
        "football"
    ]
}