{
    "title": "Man jailed over Real IRA weapons smuggling bid",
    "url": "https://edition.cnn.com/2011/10/21/world/europe/lithuania-ireland-weapons/index.html",
    "date": "2011-10-21",
    "keywords": [
        "group",
        "ireland",
        "campbell",
        "vilnius",
        "operation",
        "court",
        "london",
        "belfast",
        "state",
        "ira",
        "case",
        "story",
        "heard",
        "terror",
        "cnn",
        "irishman",
        "lithuania",
        "michael",
        "county",
        "louth",
        "republic",
        "prison",
        "surveillance",
        "security",
        "evidence",
        "countryside",
        "wrongdoing",
        "possession",
        "government",
        "conviction",
        "secretary",
        "statement",
        "example",
        "cooperation",
        "europe",
        "terrorism",
        "paterson",
        "doubt",
        "blow",
        "whole",
        "community",
        "kingdom",
        "brother",
        "liam",
        "omagh",
        "car",
        "bomb",
        "town",
        "woman"
    ],
    "category": [
        "world",
        "europe"
    ]
}