{
    "title": "Tottenham win as English clubs dominate once again",
    "url": "https://edition.cnn.com/2011/10/20/sport/football/football-europa-league-review/index.html",
    "date": "2011-10-20",
    "keywords": [
        "group",
        "side",
        "win",
        "league",
        "home",
        "victory",
        "goal",
        "superb",
        "city",
        "night",
        "lisbon",
        "pavlyuchenko",
        "game",
        "minute",
        "table",
        "top",
        "draw",
        "tel",
        "story",
        "europa",
        "rubin",
        "anderlecht",
        "record",
        "thursday",
        "freekick",
        "competition",
        "second",
        "success",
        "shamrock",
        "premier",
        "season",
        "level",
        "h",
        "chris",
        "wood",
        "injury",
        "time",
        "winner",
        "comeback",
        "maribor",
        "stoke",
        "head",
        "wisla",
        "krakow",
        "k",
        "cha",
        "du",
        "ri",
        "pace",
        "j",
        "aek",
        "haifa",
        "scoreline",
        "point",
        "place",
        "psv",
        "aviv",
        "israel",
        "legia",
        "warsaw",
        "poland",
        "bucharest",
        "vaslui",
        "romania",
        "name",
        "lazio",
        "match",
        "meaning",
        "l",
        "sturm",
        "graz"
    ],
    "category": [
        "sport",
        "football"
    ]
}