{
    "title": "Court: Bosnia Serb genocide suspect faces health problems",
    "url": "https://edition.cnn.com/2011/10/11/world/europe/netherlands-mladic-health/index.html",
    "date": "2011-10-11",
    "keywords": [
        "mladic",
        "tribunal",
        "massacre",
        "war",
        "yugoslavia",
        "health",
        "genocide",
        "serb",
        "court",
        "statement",
        "bosnia",
        "bosniaherzegovina",
        "story",
        "treatement",
        "masscare",
        "wwii",
        "cnn",
        "ratko",
        "pneumonia",
        "series",
        "treatment",
        "detainee",
        "care",
        "attention",
        "spokeswoman",
        "jelacic",
        "connection",
        "srebrenica",
        "hiding",
        "june",
        "august",
        "terror",
        "capital",
        "sarajevo",
        "hostage",
        "humanity",
        "world",
        "ii",
        "witness",
        "icty",
        "july",
        "appearance",
        "plea",
        "judge",
        "case"
    ],
    "category": [
        "world",
        "europe"
    ]
}