{
    "title": "Vettel finishes third to retain Formula One world title",
    "url": "https://edition.cnn.com/2011/10/09/sport/motorsport/motorsport-f1-vettel-champion/index.html",
    "date": "2011-10-09",
    "keywords": [
        "vettel",
        "world",
        "button",
        "driver",
        "champion",
        "race",
        "victory",
        "prix",
        "bull",
        "year",
        "alonso",
        "lot",
        "japan",
        "history",
        "f1",
        "title",
        "suzuka",
        "place",
        "fernando",
        "goal",
        "ferrari",
        "circuit",
        "front",
        "crowd",
        "hamilton",
        "massa",
        "schumacher",
        "story",
        "youngestever",
        "backtoback",
        "challenger",
        "jensen",
        "cnn",
        "formula",
        "championship",
        "needing",
        "point",
        "man",
        "crown",
        "time",
        "occasion",
        "home",
        "target",
        "jenson",
        "pit",
        "lane",
        "everyone",
        "team",
        "quick",
        "scenario",
        "rival",
        "side",
        "bargain",
        "motivation",
        "finish",
        "mark",
        "webber",
        "position",
        "clash",
        "series",
        "pair",
        "back",
        "singapore",
        "michael",
        "sergio",
        "perez",
        "vitali",
        "petrov",
        "rosberg",
        "placing",
        "season",
        "alberto",
        "ascari",
        "juan",
        "manuel",
        "fangio",
        "jack",
        "brabham",
        "ayrton",
        "senna",
        "hakkinen",
        "total"
    ],
    "category": [
        "sport",
        "motorsport"
    ]
}