{
    "title": "Nobel Prize in economics to be awarded Monday",
    "url": "https://edition.cnn.com/2011/10/10/world/europe/sweden-nobel-economics/index.html",
    "date": "2011-10-10",
    "keywords": [
        "prize",
        "nobel",
        "academy",
        "university",
        "peace",
        "literature",
        "chemistry",
        "job",
        "unemployment",
        "year",
        "medicine",
        "winner",
        "diamond",
        "mortensen",
        "science",
        "research",
        "policy",
        "physiology",
        "committee",
        "transtromer",
        "discovery",
        "laureate",
        "story",
        "monday",
        "memory",
        "mit",
        "dale",
        "school",
        "analysis",
        "search",
        "market",
        "regulation",
        "misinformation",
        "cost",
        "transportation",
        "disparity",
        "royal",
        "disconnect",
        "part",
        "study",
        "week",
        "sirleaf",
        "gbowee",
        "liberia",
        "karman",
        "friday",
        "struggle",
        "safety",
        "participation",
        "work",
        "poet",
        "tomas",
        "thursday",
        "award",
        "translucent",
        "access",
        "reality",
        "scientist",
        "daniel",
        "shechtman",
        "professor",
        "institute",
        "technology",
        "perlmutter",
        "lawrence",
        "laboratory",
        "california",
        "berkeley",
        "p",
        "schmidt",
        "g",
        "riess",
        "johns",
        "space",
        "telescope",
        "universe",
        "rate",
        "bang",
        "biologist",
        "rockefeller",
        "beutler",
        "hoffmann",
        "bank",
        "j",
        "arrow",
        "hurwicz"
    ],
    "category": [
        "world",
        "europe"
    ]
}