{
    "title": "Hamilton claims Korean pole ahead of Vettel",
    "url": "https://edition.cnn.com/2011/10/15/sport/motorsport/motorsport/index.html",
    "date": "2011-10-16",
    "keywords": [
        "hamilton",
        "champion",
        "world",
        "stoner",
        "vettel",
        "button",
        "bull",
        "prix",
        "jenson",
        "casey",
        "position",
        "saturday",
        "session",
        "grid",
        "pole",
        "title",
        "teammate",
        "race",
        "team",
        "tomorrow",
        "day",
        "story",
        "cnn",
        "qualifying",
        "performance",
        "mclaren",
        "culminating",
        "lap",
        "minute",
        "place",
        "return",
        "head",
        "podium",
        "career",
        "year",
        "japan",
        "week",
        "win",
        "suzuka",
        "improvement",
        "end",
        "season",
        "im",
        "press",
        "conference",
        "mark",
        "webber",
        "ferraris",
        "felipe",
        "massa",
        "spaniard",
        "fernando",
        "alonso",
        "rosberg",
        "germany",
        "michael",
        "schumacher",
        "top",
        "vitaly",
        "petrov",
        "renault",
        "force",
        "india",
        "rookie",
        "paul",
        "di",
        "resta",
        "sutil",
        "circuit",
        "practice",
        "motorsport",
        "news",
        "home",
        "motogp",
        "australia",
        "australian",
        "fastest",
        "honda",
        "jorge",
        "lorenzo",
        "spain",
        "yamaha",
        "marco",
        "simoncelli",
        "front",
        "row",
        "championship",
        "crown",
        "victory",
        "phillip",
        "island",
        "sunday"
    ],
    "category": [
        "sport",
        "motorsport"
    ]
}