{
    "title": "Messi hat-trick puts Barcelona into last 16 of Champions League",
    "url": "https://edition.cnn.com/2011/11/01/sport/football/football-messi-barcelona-champions/index.html",
    "date": "2011-11-01",
    "keywords": [
        "minute",
        "group",
        "milan",
        "home",
        "penalty",
        "goal",
        "win",
        "club",
        "striker",
        "match",
        "barca",
        "bottom",
        "point",
        "side",
        "ac",
        "belarus",
        "messi",
        "box",
        "firsthalf",
        "injurytime",
        "adriano",
        "pass",
        "defender",
        "ballon",
        "dor",
        "borisov",
        "right",
        "lead",
        "halftime",
        "chelsea",
        "draw",
        "genk",
        "luiz",
        "arsenal",
        "hour",
        "story",
        "fail",
        "progress",
        "hattrick",
        "knockout",
        "stage",
        "night",
        "tuesday",
        "favorite",
        "world",
        "player",
        "year",
        "century",
        "coach",
        "josep",
        "charge",
        "defeat",
        "game",
        "cisovsky",
        "foul",
        "scoring",
        "milestone",
        "argentine",
        "rout",
        "stoppage",
        "time",
        "superb",
        "backheel",
        "gerard",
        "pique",
        "candidate",
        "cesc",
        "fabregas",
        "fifa",
        "shortlist",
        "cross",
        "winger",
        "isaac",
        "cuenca",
        "guardiola",
        "boss",
        "period",
        "sheet",
        "goalkeeper",
        "victor",
        "record",
        "mark",
        "miguel",
        "reina",
        "round",
        "bate",
        "kickoff",
        "denying",
        "antonio",
        "cassano",
        "stroke",
        "patient",
        "nothing",
        "executive",
        "galliani",
        "today",
        "form",
        "course",
        "bit",
        "fear"
    ],
    "category": [
        "sport",
        "football"
    ]
}