{
    "title": "Ferguson: Manchester United reign has been a \u2018fairytale\u2019",
    "url": "https://edition.cnn.com/2011/11/04/sport/football/football-ferguson-25-united/index.html",
    "date": "2011-11-04",
    "keywords": [
        "ferguson",
        "trafford",
        "charlton",
        "manchester",
        "reign",
        "fairytale",
        "manager",
        "football",
        "league",
        "triumphs",
        "video",
        "bobby",
        "bit",
        "mark",
        "story",
        "weekend",
        "sunday",
        "scotsman",
        "month",
        "dominance",
        "fa",
        "success",
        "highlight",
        "scotland",
        "coachs",
        "win",
        "munich",
        "historic",
        "treble",
        "cup",
        "alex",
        "man",
        "moments_00005307",
        "moment",
        "fergie",
        "spell",
        "something",
        "outfit",
        "aberdeen",
        "array",
        "star",
        "quarter",
        "century",
        "club",
        "game",
        "whos",
        "robson",
        "whiteside",
        "brian",
        "mcclair",
        "ince",
        "roy",
        "keane",
        "cantona",
        "collection",
        "glasgow",
        "mind",
        "dugout",
        "season",
        "record",
        "title",
        "date",
        "job",
        "health",
        "management",
        "change",
        "lot",
        "city",
        "flight",
        "captain",
        "steve",
        "bruce",
        "sunderland",
        "team",
        "clash",
        "saturday"
    ],
    "category": [
        "sport",
        "football"
    ]
}