{
    "title": "Scientists studying universe\u2019s expansion win Nobel Prize in Physics",
    "url": "https://edition.cnn.com/2011/10/04/world/europe/sweden-nobel-physics/index.html",
    "date": "2011-10-04",
    "keywords": [
        "prize",
        "universe",
        "nobel",
        "university",
        "award",
        "discovery",
        "perlmutter",
        "riess",
        "rate",
        "energy",
        "force",
        "statement",
        "committee",
        "laureate",
        "schmidt",
        "g",
        "expansion",
        "academy",
        "nature",
        "half",
        "johns",
        "bragg",
        "age",
        "death",
        "story",
        "saul",
        "p",
        "cnn",
        "bang",
        "world",
        "astronomy",
        "head",
        "australia",
        "conclusion",
        "hand",
        "role",
        "organization",
        "lawrence",
        "laboratory",
        "california",
        "space",
        "telescope",
        "science",
        "reiss",
        "project",
        "adventure",
        "work",
        "kind",
        "star",
        "supernova",
        "effort",
        "indicating",
        "rest",
        "form",
        "gravity",
        "matter",
        "today",
        "percent",
        "website",
        "state",
        "crunch",
        "extent",
        "everything",
        "month",
        "year",
        "geim",
        "novoselov",
        "manchester",
        "england",
        "material",
        "graphene",
        "recipient",
        "area",
        "davis",
        "jr",
        "chemistry",
        "literature",
        "peace",
        "biologist",
        "rockefeller",
        "beutler",
        "hoffmann",
        "physiology",
        "announcement",
        "cancer",
        "rule",
        "one",
        "decision",
        "assembly"
    ],
    "category": [
        "world",
        "europe"
    ]
}