{
    "title": "London theater to stage Shakespeare\u2019s plays in 37 languages",
    "url": "https://edition.cnn.com/2011/09/27/world/europe/uk-shakespeare/index.html",
    "date": "2011-09-27",
    "keywords": [
        "theater",
        "bird",
        "globe",
        "part",
        "company",
        "world",
        "afghanistan",
        "festival",
        "language",
        "london",
        "cnn",
        "nation",
        "belarus",
        "play",
        "project",
        "history",
        "shakespeare",
        "kabul",
        "day",
        "performance",
        "group",
        "arabic",
        "story",
        "buildup",
        "nobody",
        "spring",
        "theatre",
        "sudan",
        "south",
        "france",
        "russia",
        "sign",
        "bsl",
        "deaf",
        "community",
        "chicago",
        "hip",
        "hop",
        "director",
        "event",
        "april",
        "kind",
        "half",
        "enthusiasm",
        "cut",
        "thing",
        "everyone",
        "bit",
        "yoruba",
        "georgia",
        "armenia",
        "show",
        "face",
        "council",
        "compound",
        "capital",
        "month",
        "miss",
        "britain",
        "comedy",
        "india",
        "challenge",
        "independence",
        "summer",
        "conflict",
        "juba",
        "moment",
        "country",
        "henry",
        "vi",
        "war",
        "century",
        "trilogy",
        "serbia",
        "albania",
        "macedonia",
        "past",
        "statement",
        "work",
        "spite",
        "threat",
        "state",
        "persecution",
        "ramallah",
        "iii",
        "habima",
        "merchant",
        "venice",
        "range",
        "audience",
        "reproduction",
        "elizabethan",
        "river",
        "william",
        "stake",
        "city",
        "tower",
        "area",
        "tongue",
        "portuguese"
    ],
    "category": [
        "world",
        "europe"
    ]
}