{
    "title": "News International to pay girl\u2019s family in hacking case",
    "url": "https://edition.cnn.com/2011/10/21/world/europe/uk-phonehacking/index.html",
    "date": "2011-10-21",
    "keywords": [
        "news",
        "family",
        "murdoch",
        "dowler",
        "rupert",
        "world",
        "statement",
        "donation",
        "settlement",
        "scandal",
        "britain",
        "company",
        "part",
        "year",
        "memory",
        "story",
        "behavior",
        "phonehacking",
        "publisher",
        "newspaper",
        "equivalent",
        "chairman",
        "executive",
        "corporation",
        "parent",
        "july",
        "phone",
        "founder",
        "corp",
        "ceo",
        "boot",
        "support",
        "crime",
        "nothing",
        "traumas",
        "disappearance",
        "murder",
        "trial",
        "way",
        "tribute",
        "charity",
        "behaviour",
        "regret",
        "role",
        "event",
        "something",
        "daughter"
    ],
    "category": [
        "world",
        "europe"
    ]
}