{
    "title": "Calendar creators take another jab at Putin: a coloring book",
    "url": "https://edition.cnn.com/2011/10/07/world/europe/russia-dima-and-vova/index.html",
    "date": "2011-10-07",
    "keywords": [
        "book",
        "calendar",
        "putin",
        "dmitry",
        "birthday",
        "vladimir",
        "vova",
        "perlin",
        "medvedev",
        "moscow",
        "state",
        "dima",
        "year",
        "story",
        "star",
        "cnn",
        "life",
        "sexy",
        "minister",
        "gift",
        "president",
        "working",
        "tabak",
        "friday",
        "premier",
        "copy",
        "coloring",
        "age",
        "front",
        "map",
        "russia",
        "bed",
        "bear",
        "poster",
        "purple",
        "portrait",
        "medvedevs",
        "badminton",
        "house",
        "kremlin",
        "school",
        "case",
        "emblem",
        "wise",
        "advice",
        "building",
        "flag",
        "rooftop",
        "job",
        "one",
        "friend",
        "university",
        "lingerie",
        "briefly",
        "sale",
        "outcry",
        "racy",
        "negativity",
        "artist",
        "target",
        "audience",
        "fun",
        "beautiful",
        "project"
    ],
    "category": [
        "world",
        "europe"
    ]
}