{
    "title": "Extradition of U.S. militant from Portugal may take time",
    "url": "https://edition.cnn.com/2011/09/28/world/europe/portugal-black-panther/index.html",
    "date": "2011-09-29",
    "keywords": [
        "wright",
        "portugal",
        "prison",
        "extradition",
        "george",
        "murder",
        "jersey",
        "plane",
        "monday",
        "cnn",
        "lawyer",
        "flight",
        "liberation",
        "story",
        "delta",
        "run",
        "casas",
        "remainder",
        "term",
        "law",
        "name",
        "manhunt",
        "resort",
        "sintra",
        "lisbon",
        "house",
        "wife",
        "reason",
        "cant",
        "vitor",
        "losada",
        "neighbor",
        "understand",
        "dept",
        "july",
        "army",
        "airport",
        "miami",
        "priest",
        "handgun",
        "hollowedout",
        "ground",
        "nothing",
        "attempt",
        "fbi",
        "sight",
        "agent",
        "court",
        "appearance",
        "union",
        "situation",
        "request",
        "process",
        "cnns",
        "dan",
        "report"
    ],
    "category": [
        "world",
        "europe"
    ]
}