{
    "title": "Cabrera-Bello leads way after third round of Portugal Masters",
    "url": "https://edition.cnn.com/2011/10/15/sport/golf/golf-portugal-cabrera-bello/index.html",
    "date": "2011-10-15",
    "keywords": [
        "tour",
        "star",
        "season",
        "round",
        "title",
        "nilsson",
        "vilamoura",
        "thomas",
        "hunt",
        "win",
        "hanson",
        "bjorn",
        "story",
        "spaniard",
        "shot",
        "cnn",
        "cabrerabello",
        "lead",
        "portugal",
        "eightunder",
        "austria",
        "clubhouse",
        "sweden",
        "ive",
        "website",
        "goal",
        "today",
        "thing",
        "boost",
        "denmark",
        "race",
        "world",
        "ranking",
        "bit",
        "part",
        "game",
        "hennie",
        "otto",
        "bestofthe",
        "day",
        "leader",
        "simon",
        "khan",
        "mark",
        "kaymer",
        "harrington",
        "champion",
        "richard",
        "green",
        "australia",
        "stroke"
    ],
    "category": [
        "sport",
        "golf"
    ]
}