{
    "title": "Pedrosa edges out new champion Stoner for Malaysia pole",
    "url": "https://edition.cnn.com/2011/10/22/sport/motorsport/motorsport-malaysia-pedrosa-pole/index.html",
    "date": "2011-10-22",
    "keywords": [
        "race",
        "pedrosa",
        "stoner",
        "world",
        "champion",
        "casey",
        "position",
        "crash",
        "sepang",
        "honda",
        "teammate",
        "motogp",
        "lap",
        "rider",
        "pole",
        "title",
        "story",
        "spain",
        "moto",
        "gp",
        "time",
        "circuit",
        "cnn",
        "dani",
        "saturday",
        "year",
        "collarbone",
        "injury",
        "qualifying",
        "session",
        "repsol",
        "season",
        "member",
        "team",
        "italys",
        "andrea",
        "dovizioso",
        "front",
        "row",
        "grid",
        "home",
        "weekend",
        "stability",
        "bike",
        "rival",
        "jorge",
        "lorenzo",
        "round",
        "hand",
        "surgery",
        "phillip",
        "island",
        "colin",
        "yamaha",
        "legend",
        "valentino",
        "ducati",
        "ninth",
        "thomas",
        "luthi",
        "moto2",
        "category",
        "suter",
        "championship",
        "leader",
        "terol",
        "aprilia",
        "crown",
        "johann",
        "zarco",
        "derbi"
    ],
    "category": [
        "sport",
        "motorsport"
    ]
}