{
    "title": "Tomic ousts Fish at Shanghai Masters",
    "url": "https://edition.cnn.com/2011/10/11/sport/tennis/tennis-fish-tomic-stosur/index.html",
    "date": "2011-10-11",
    "keywords": [
        "round",
        "seed",
        "fish",
        "japan",
        "defeat",
        "shanghai",
        "win",
        "grigor",
        "dimitrov",
        "samantha",
        "stosur",
        "opponent",
        "roddick",
        "tournament",
        "courtesy",
        "story",
        "scare",
        "advance",
        "number",
        "mardy",
        "fifth",
        "event",
        "tuesday",
        "tour",
        "title",
        "end",
        "world",
        "ive",
        "surface",
        "run",
        "lot",
        "year",
        "wimbledon",
        "july",
        "compatriot",
        "andy",
        "form",
        "winner",
        "success",
        "time",
        "career",
        "forehand",
        "im",
        "serve",
        "court",
        "bit",
        "everything",
        "doesnt",
        "thing",
        "ill",
        "countryman",
        "tommy",
        "frenchman",
        "simon",
        "straightforward",
        "triumph",
        "nalbandian",
        "germanys",
        "mayer",
        "champion",
        "embarrassment",
        "noppawan",
        "opening",
        "doi",
        "coco",
        "marion",
        "bartoli",
        "hungarys",
        "melinda",
        "angelique",
        "kerber",
        "match",
        "victory",
        "kurumi",
        "nara"
    ],
    "category": [
        "sport",
        "tennis"
    ]
}