{
    "title": "Politics and football mix as Iran hosts Palestine",
    "url": "https://edition.cnn.com/2011/10/05/sport/football/football-iran-palestine/index.html",
    "date": "2011-10-05",
    "keywords": [
        "football",
        "match",
        "team",
        "world",
        "palestine",
        "cup",
        "support",
        "iran",
        "tehran",
        "cause",
        "nation",
        "round",
        "qualifier",
        "cnn",
        "side",
        "squad",
        "javad",
        "penalty",
        "pejman",
        "idea",
        "expert",
        "group",
        "chance",
        "story",
        "warmup",
        "bahrain",
        "level",
        "host",
        "sporting",
        "contest",
        "procession",
        "thrashing",
        "statehood",
        "condition",
        "israel",
        "cancer",
        "cell",
        "president",
        "ahmadinejad",
        "conference",
        "intifada",
        "uprising",
        "arab",
        "stadium",
        "chunk",
        "scoreless",
        "injurytime",
        "goal",
        "ghazi",
        "ansarifard",
        "nekounam",
        "montazeri",
        "rout",
        "end",
        "goalkeeper",
        "soccer",
        "star",
        "coach",
        "carlos",
        "queiroz",
        "substitute",
        "step",
        "home",
        "march",
        "qualifying",
        "contrast",
        "e",
        "tuesday",
        "middle",
        "east",
        "fifa",
        "entity",
        "existence",
        "flag",
        "fact",
        "head",
        "fa",
        "man",
        "jibril",
        "rajoub",
        "yasser",
        "security",
        "adviser",
        "fatah",
        "power",
        "unity",
        "propaganda",
        "author",
        "book",
        "friday",
        "war",
        "zone",
        "popularity",
        "montague",
        "opposition",
        "country",
        "dissent",
        "occupation",
        "league",
        "stage"
    ],
    "category": [
        "sport",
        "football"
    ]
}