{
    "title": "How Greeks have stopped dreaming of the future",
    "url": "https://edition.cnn.com/2011/11/05/world/europe/greece-athens-reactions/index.html",
    "date": "2011-11-06",
    "keywords": [
        "euro",
        "crisis",
        "future",
        "way",
        "vote",
        "video",
        "greece",
        "spending",
        "power",
        "night",
        "confidence",
        "parliament",
        "mind",
        "bankruptcy",
        "countrys",
        "taxi",
        "driver",
        "view",
        "divide",
        "papandreou",
        "couple",
        "regardless",
        "currency",
        "nation",
        "story",
        "minister",
        "fisherman",
        "cnn",
        "rest",
        "europe",
        "poker",
        "cant",
        "countenance",
        "morning",
        "group",
        "cafe",
        "everything",
        "day",
        "sophia",
        "tsekoura",
        "consultant",
        "opposition",
        "side",
        "country",
        "moment",
        "history",
        "effort",
        "everyone",
        "journalist",
        "bs",
        "greece_00005912",
        "student",
        "milan",
        "townhall",
        "youth",
        "result",
        "training",
        "center",
        "thing",
        "dont",
        "solution",
        "mentality",
        "shopping",
        "plenty",
        "luxury",
        "havent",
        "marinas",
        "maritime",
        "questioning",
        "peace",
        "time",
        "fatherandson",
        "duo",
        "fishing",
        "agreement",
        "father",
        "majority",
        "share",
        "chatter",
        "return",
        "drachma",
        "alex",
        "firefighter",
        "pilot",
        "sun",
        "traffic",
        "bustling",
        "commerce",
        "scale",
        "turmoil",
        "irene",
        "tsikimi",
        "cab",
        "business",
        "end",
        "austerity",
        "lot",
        "class",
        "taxis",
        "job"
    ],
    "category": [
        "world",
        "europe"
    ]
}