{
    "title": "7 killed after flooding ravages parts of northern Italy, officials say",
    "url": "https://edition.cnn.com/2011/10/28/world/europe/italy-flooding/index.html",
    "date": "2011-10-28",
    "keywords": [
        "region",
        "emergency",
        "town",
        "agency",
        "betta",
        "state",
        "sea",
        "mayor",
        "cinque",
        "flood",
        "situation",
        "weather",
        "liguria",
        "la",
        "report",
        "story",
        "death",
        "toll",
        "transportation",
        "flooding",
        "protection",
        "hit",
        "italys",
        "coast",
        "council",
        "disaster",
        "della",
        "sera",
        "newspaper",
        "cabinet",
        "meeting",
        "friday",
        "government",
        "night",
        "milan",
        "nation",
        "servizio",
        "meteorologico",
        "alert",
        "rainfall",
        "wind",
        "hail",
        "calabria",
        "basilicata",
        "italy",
        "part",
        "mare",
        "genoa",
        "pisa",
        "angelo",
        "news",
        "vernazza",
        "progress",
        "volunteer",
        "community",
        "yesterday",
        "defense",
        "ministry",
        "thursday",
        "website",
        "massa",
        "carrara",
        "spezia",
        "wake",
        "house",
        "ansa",
        "manslaughter",
        "investigation",
        "aulla",
        "anything",
        "faulty",
        "work",
        "magra",
        "river",
        "travel",
        "mudslide",
        "truck",
        "driver",
        "highway",
        "tuesday",
        "train",
        "messia",
        "marilia",
        "brochetto"
    ],
    "category": [
        "world",
        "europe"
    ]
}