{
    "title": "Tottenham fail to cheer absent Redknapp",
    "url": "https://edition.cnn.com/2011/11/03/sport/football/football-europa-tottenham-redknapp/index.html",
    "date": "2011-11-04",
    "keywords": [
        "group",
        "side",
        "point",
        "place",
        "kazan",
        "round",
        "home",
        "win",
        "league",
        "redknapp",
        "competition",
        "paok",
        "goal",
        "draw",
        "victory",
        "tottenham",
        "rubin",
        "thursday",
        "manager",
        "harry",
        "heart",
        "surgery",
        "dutch",
        "twente",
        "l",
        "defeat",
        "result",
        "shamrock",
        "standard",
        "hannover",
        "copenhagen",
        "match",
        "qualification",
        "tel",
        "aviv",
        "time",
        "vaslui",
        "stoke",
        "verge",
        "battle",
        "malmo",
        "braga",
        "story",
        "qualify",
        "anderlecht",
        "moscow",
        "premier",
        "cheer",
        "europa",
        "season",
        "trip",
        "week",
        "night",
        "ireland",
        "way",
        "host",
        "liege",
        "look",
        "germany",
        "encounter",
        "strootman",
        "lie",
        "warsaw",
        "need",
        "lisbon",
        "romania",
        "setback",
        "zurich",
        "e",
        "whitehead",
        "peter",
        "beat",
        "dynamo",
        "meaning",
        "bilbao",
        "salzburg",
        "st",
        "germain",
        "javier",
        "pastore",
        "metalist",
        "kharkiv",
        "foot",
        "g",
        "h",
        "tightest",
        "club",
        "larnaca",
        "cyprus",
        "j",
        "israelis",
        "bucharest",
        "behind",
        "odense",
        "denmark",
        "top",
        "aek"
    ],
    "category": [
        "sport",
        "football"
    ]
}