{
    "title": "Aguero injury mars Manchester City\u2019s perfect response",
    "url": "https://edition.cnn.com/2011/10/01/sport/football/football-manchester-city-united/index.html",
    "date": "2011-10-01",
    "keywords": [
        "striker",
        "city",
        "home",
        "goal",
        "victory",
        "minute",
        "season",
        "header",
        "win",
        "place",
        "injury",
        "league",
        "balotelli",
        "manager",
        "level",
        "blackburn",
        "aguero",
        "liverpool",
        "merseyside",
        "tevez",
        "lead",
        "half",
        "substitute",
        "defeat",
        "match",
        "theo",
        "corner",
        "midfielder",
        "draw",
        "winger",
        "chelsea",
        "penalty",
        "ball",
        "everton",
        "suarez",
        "story",
        "bigmoney",
        "secondhalf",
        "difference",
        "cnn",
        "manchester",
        "carlos",
        "controversy",
        "contention",
        "premier",
        "rout",
        "mancinis",
        "impact",
        "preseason",
        "groin",
        "problem",
        "argentine",
        "mario",
        "strike",
        "sad",
        "soccer",
        "italian",
        "trip",
        "germany",
        "dzeko",
        "eightgoal",
        "man",
        "player",
        "trouble",
        "reaction",
        "bavaria",
        "pinto",
        "walcott",
        "questions_00023616",
        "video",
        "walcotts",
        "fire",
        "scoreless",
        "post",
        "johnson",
        "deadlock",
        "superb",
        "effort",
        "replacement",
        "samir",
        "nasri",
        "counterattack",
        "kean",
        "defender",
        "stefan",
        "savic",
        "bottom",
        "anderson",
        "welbeck",
        "record",
        "ferguson",
        "basel",
        "performance",
        "quality",
        "rooney",
        "bar",
        "qualifier",
        "montenegro",
        "friday",
        "ashley"
    ],
    "category": [
        "sport",
        "football"
    ]
}