{
    "title": "Zvonareva beats Kvitova to reach Tokyo final",
    "url": "https://edition.cnn.com/2011/09/30/sport/tennis/tennisroundup/index.html",
    "date": "2011-09-30",
    "keywords": [
        "set",
        "zvonareva",
        "petra",
        "radwanska",
        "seed",
        "match",
        "vera",
        "champion",
        "kvitova",
        "tokyo",
        "maria",
        "sharapova",
        "injury",
        "murray",
        "tournament",
        "thailand",
        "opening",
        "title",
        "service",
        "wta",
        "website",
        "end",
        "time",
        "world",
        "number",
        "season",
        "story",
        "wimbledon",
        "semis",
        "tiebreaker",
        "china",
        "andy",
        "cnn",
        "friday",
        "career",
        "no2",
        "toray",
        "pan",
        "pacific",
        "star",
        "fight",
        "home",
        "decider",
        "point",
        "trouble",
        "tiebreak",
        "carrer",
        "scoreline",
        "loss",
        "kvitovas",
        "semifinal",
        "russian",
        "force",
        "ankle",
        "circuit",
        "istanbul",
        "bangkok",
        "beat",
        "grigor",
        "hour",
        "course"
    ],
    "category": [
        "sport",
        "tennis"
    ]
}