{
    "title": "Federer wins opener in home tournament",
    "url": "https://edition.cnn.com/2011/10/31/sport/tennis/tennis-basel-federer/index.html",
    "date": "2011-10-31",
    "keywords": [
        "federer",
        "roger",
        "basel",
        "troicki",
        "baghdatis",
        "world",
        "match",
        "victory",
        "starace",
        "murray",
        "viktor",
        "marcos",
        "round",
        "tournament",
        "seed",
        "event",
        "year",
        "london",
        "end",
        "season",
        "move",
        "davydenko",
        "story",
        "cnn",
        "home",
        "favorite",
        "winner",
        "thomas",
        "bellucci",
        "nieminen",
        "finland",
        "success",
        "opponent",
        "claycourt",
        "specialist",
        "switzerland",
        "cup",
        "september",
        "succession",
        "doha",
        "week",
        "number",
        "focus",
        "priority",
        "paris",
        "semis",
        "surprise",
        "serb",
        "runnerup",
        "marathon",
        "lasting",
        "kuala",
        "lumpur",
        "month",
        "valencia",
        "spain",
        "nikolay",
        "comeback",
        "injury",
        "superb",
        "win",
        "france",
        "defeat",
        "tour",
        "meet",
        "mahut",
        "guillermo"
    ],
    "category": [
        "sport",
        "tennis"
    ]
}