{
    "title": "Tiger Woods: Former caddy not racist",
    "url": "https://edition.cnn.com/2011/11/08/sport/golf/woods-caddy/index.html",
    "date": "2011-11-08",
    "keywords": [
        "night",
        "comment",
        "golfer",
        "caddy",
        "racist",
        "website",
        "july",
        "scott",
        "statement",
        "thing",
        "apology",
        "golf",
        "dinner",
        "williams",
        "life",
        "tour",
        "sex",
        "scandal",
        "time",
        "respect",
        "story",
        "shook",
        "tiger",
        "remark",
        "something",
        "speaking",
        "club",
        "site",
        "day",
        "award",
        "friday",
        "china",
        "boss",
        "adam",
        "bridgestone",
        "invitational",
        "ohio",
        "august",
        "acceptance",
        "speech",
        "zealander",
        "shanghai",
        "year",
        "spirit",
        "fun",
        "intent",
        "anyone",
        "tuesday",
        "doubt",
        "shouldnt",
        "one",
        "pga",
        "matter",
        "room",
        "discrimination",
        "walk",
        "game",
        "article",
        "relationship",
        "fact",
        "loyalty",
        "way",
        "stood",
        "guy",
        "thick",
        "affiliate",
        "zealand",
        "timing",
        "youre",
        "somebody",
        "situation",
        "kind",
        "change",
        "stevie",
        "friend",
        "success",
        "future"
    ],
    "category": [
        "sport",
        "golf"
    ]
}