{
    "title": "Hundreds of wounded Libyans to be treated in Germany",
    "url": "https://edition.cnn.com/2011/10/28/world/europe/germany-wounded-libyans/index.html",
    "date": "2011-10-28",
    "keywords": [
        "germany",
        "treatment",
        "berlin",
        "ministry",
        "health",
        "service",
        "video",
        "cnn",
        "libya",
        "tunisia",
        "story",
        "operation",
        "libyas",
        "government",
        "expectation",
        "amount",
        "hour",
        "holz",
        "marketing",
        "chief",
        "michael",
        "company",
        "number",
        "territory",
        "friday",
        "saif",
        "gadhafi",
        "riverslibyagadhafiskiller_00002712",
        "france",
        "britain",
        "turkey",
        "hospital",
        "boston",
        "massachusetts",
        "janelle",
        "jeffrey",
        "command",
        "council",
        "gesture",
        "support",
        "almeda",
        "request",
        "finance",
        "plane",
        "day",
        "economy",
        "minister",
        "roesler",
        "help",
        "libyan",
        "beginning",
        "week",
        "cnns",
        "larry",
        "shaughnessy",
        "washington",
        "frederik",
        "pleitgen",
        "report"
    ],
    "category": [
        "world",
        "europe"
    ]
}