{
    "title": "McIlroy leads big-money Shanghai Masters",
    "url": "https://edition.cnn.com/2011/10/27/sport/golf/golf-mcilroy-westwood-shanghai/index.html",
    "date": "2011-10-27",
    "keywords": [
        "mcilroy",
        "round",
        "champion",
        "westwood",
        "shanghai",
        "opening",
        "shot",
        "golf",
        "rory",
        "clear",
        "hunter",
        "mahan",
        "winner",
        "lake",
        "malaren",
        "club",
        "world",
        "prize",
        "chandler",
        "schwartzel",
        "level",
        "story",
        "leaderboard",
        "check",
        "cnn",
        "number",
        "thursday",
        "eightunderpar",
        "position",
        "tournament",
        "account",
        "site",
        "twitter",
        "briton",
        "andrew",
        "chubby",
        "agent",
        "no2",
        "darren",
        "clarke",
        "fifth",
        "threetime",
        "harrington",
        "duo",
        "poulter",
        "paul",
        "casey",
        "share",
        "fiveunder",
        "trio",
        "portion",
        "fund",
        "chinas",
        "li",
        "chao",
        "start",
        "anthony",
        "kim",
        "threeunder",
        "twotime",
        "john",
        "daly",
        "retief",
        "goosen",
        "louis",
        "oosthuizen",
        "karlsson",
        "ye",
        "yang"
    ],
    "category": [
        "sport",
        "golf"
    ]
}