{
    "title": "\u2018Carlos the Jackal\u2019 on trial for 1980s bombings in France",
    "url": "https://edition.cnn.com/2011/11/07/world/europe/france-carlos-jackal-trial/index.html",
    "date": "2011-11-07",
    "keywords": [
        "ramirez",
        "trial",
        "revolutionary",
        "jackal",
        "france",
        "court",
        "thing",
        "sudan",
        "run",
        "monday",
        "sanchez",
        "courtroom",
        "szpiner",
        "lawyer",
        "story",
        "hasnt",
        "attorney",
        "place",
        "man",
        "carlos",
        "paris",
        "name",
        "role",
        "train",
        "station",
        "newspaper",
        "office",
        "venezuelanborn",
        "life",
        "sentence",
        "informant",
        "member",
        "front",
        "liberation",
        "palestine",
        "attack",
        "meeting",
        "vienna",
        "hostage",
        "oil",
        "press",
        "reference",
        "character",
        "assassin",
        "day",
        "sack",
        "jacket",
        "profession",
        "fist",
        "air",
        "back",
        "case",
        "ramirezs",
        "bit",
        "patience",
        "perseverance",
        "wife",
        "isabelle",
        "coutantpeyre",
        "client",
        "fighting",
        "mood",
        "innocence",
        "evidence",
        "lie",
        "turn",
        "sevenjudge",
        "terrorism",
        "panel",
        "week",
        "journalist",
        "saskya",
        "vandoorne",
        "report"
    ],
    "category": [
        "world",
        "europe"
    ]
}