{
    "title": "McGowan holds one-stroke Madrid lead",
    "url": "https://edition.cnn.com/2011/10/06/sport/golf/golf-madrid-mcgowan-donald/index.html",
    "date": "2011-10-06",
    "keywords": [
        "round",
        "mcgowan",
        "lead",
        "champion",
        "world",
        "number",
        "donald",
        "tour",
        "couple",
        "week",
        "opening",
        "advantage",
        "luke",
        "pace",
        "day",
        "golf",
        "fernandezcastano",
        "share",
        "story",
        "winner",
        "eightunderpar",
        "cnn",
        "ross",
        "el",
        "encin",
        "triumph",
        "brett",
        "rumford",
        "lorenzo",
        "gagli",
        "favourite",
        "gonzalo",
        "bogey",
        "race",
        "danger",
        "school",
        "season",
        "edoardo",
        "molinari",
        "shot",
        "group",
        "wrist",
        "problem",
        "finish",
        "africa",
        "year",
        "careless",
        "lot",
        "ye",
        "yang",
        "rickie",
        "fowler",
        "rory",
        "mcilroy",
        "water",
        "way",
        "place",
        "soonsang",
        "lee",
        "soomin"
    ],
    "category": [
        "sport",
        "golf"
    ]
}