{
    "title": "Oosthuizen shares lead at St Andrews",
    "url": "https://edition.cnn.com/2011/09/29/sport/golf/golf-alfred-dunhill-links/index.html",
    "date": "2011-09-29",
    "keywords": [
        "lead",
        "championship",
        "jug",
        "cabrerabello",
        "hoey",
        "winner",
        "graeme",
        "mcdowell",
        "form",
        "tom",
        "scene",
        "round",
        "site",
        "nothing",
        "end",
        "im",
        "story",
        "dunhill",
        "rafael",
        "michael",
        "surprise",
        "package",
        "cnn",
        "south",
        "louis",
        "oosthuizen",
        "triumph",
        "share",
        "claret",
        "year",
        "return",
        "nice",
        "experience",
        "everything",
        "week",
        "trophy",
        "austria",
        "distance",
        "ryder",
        "cup",
        "clarity",
        "thought",
        "game",
        "point",
        "august",
        "schedule",
        "season",
        "harrington",
        "champion",
        "kaymer",
        "lee",
        "westwood",
        "colin",
        "day",
        "lewis",
        "burst",
        "record",
        "summer",
        "score",
        "amateur",
        "history",
        "firstround",
        "fourunderpar",
        "hole",
        "fourunder",
        "disappointing",
        "leader",
        "board",
        "memory"
    ],
    "category": [
        "sport",
        "golf"
    ]
}