{
    "title": "Torres finds form as Chelsea romp to victory",
    "url": "https://edition.cnn.com/2011/10/19/sport/football/football-chelsea-torres-arsenal/index.html",
    "date": "2011-10-19",
    "keywords": [
        "group",
        "chelsea",
        "match",
        "winner",
        "striker",
        "home",
        "stamford",
        "bridge",
        "fernando",
        "win",
        "game",
        "aaron",
        "ramsey",
        "genk",
        "kick",
        "lead",
        "point",
        "side",
        "ballack",
        "break",
        "victory",
        "story",
        "top",
        "time",
        "arsenal",
        "touch",
        "double",
        "e",
        "club",
        "football",
        "hattrick",
        "start",
        "post",
        "raul",
        "shot",
        "penalty",
        "area",
        "score",
        "sheet",
        "foot",
        "effort",
        "header",
        "cross",
        "branislav",
        "ivanovic",
        "malouda",
        "weekend",
        "search",
        "keeper",
        "laszlo",
        "kalou",
        "fifth",
        "rebound",
        "bayer",
        "midfielder",
        "michael",
        "inspiration",
        "leverkusen",
        "goal",
        "schuerrle",
        "sidney",
        "sam",
        "superb",
        "pass",
        "meanwhile",
        "night",
        "premier",
        "league",
        "marseille",
        "stade",
        "draw",
        "substitute",
        "greece",
        "qualification",
        "knockout",
        "player",
        "descent",
        "opener",
        "robert",
        "half",
        "djebbour",
        "defender",
        "francois",
        "modesto",
        "delivery"
    ],
    "category": [
        "sport",
        "football"
    ]
}