{
    "title": "Profile: Amanda Knox co-defendant Raffaele Sollecito",
    "url": "https://edition.cnn.com/2011/09/28/world/europe/italy-raffaele-sollecito-profile/index.html",
    "date": "2011-10-03",
    "keywords": [
        "sollecito",
        "prison",
        "knox",
        "murder",
        "kercher",
        "computer",
        "student",
        "meredith",
        "science",
        "smell",
        "sea",
        "life",
        "trial",
        "home",
        "appeal",
        "interview",
        "raffaele",
        "crime",
        "clasp",
        "video",
        "amanda",
        "jury",
        "sentencing",
        "lawyer",
        "degree",
        "university",
        "bongiorno",
        "monday",
        "involvement",
        "death",
        "college",
        "profile",
        "story",
        "innocence",
        "conviction",
        "perugia",
        "italy",
        "cnn",
        "house",
        "discovery",
        "beginning",
        "nightmare",
        "summer",
        "december",
        "man",
        "rudy",
        "guede",
        "evidence",
        "dna",
        "bra",
        "defense",
        "material",
        "id",
        "police",
        "alibi",
        "night",
        "killing",
        "activity",
        "time",
        "explained_00002322",
        "end",
        "year",
        "bar",
        "owner",
        "lumumba",
        "result",
        "week",
        "insane",
        "postgraduate",
        "press",
        "world",
        "top",
        "verdict",
        "love",
        "companion",
        "misadventure",
        "idea",
        "thing",
        "girl",
        "close",
        "month",
        "giulia",
        "patsy",
        "fatale",
        "kid",
        "today",
        "favor",
        "bari",
        "coast",
        "town",
        "family",
        "attorney",
        "luca",
        "maori",
        "square",
        "sooner",
        "cnns",
        "hada",
        "messia",
        "report"
    ],
    "category": [
        "world",
        "europe"
    ]
}