{
    "title": "Love wants Woods for 2012 Ryder Cup",
    "url": "https://edition.cnn.com/2011/09/27/sport/golf/woods-love-ryder-cup/index.html",
    "date": "2011-09-27",
    "keywords": [
        "cup",
        "team",
        "iii",
        "world",
        "joe",
        "lacava",
        "ryder",
        "year",
        "tiger",
        "captain",
        "davis",
        "wildcard",
        "form",
        "situation",
        "golf",
        "story",
        "bagman",
        "decision",
        "number",
        "europe",
        "winner",
        "fitness",
        "life",
        "tournament",
        "slump",
        "pick",
        "clash",
        "australia",
        "lot",
        "champion",
        "press",
        "conference",
        "country",
        "club",
        "chicago",
        "venue",
        "game",
        "im",
        "season",
        "partner",
        "experience",
        "victory",
        "brookline",
        "massachusetts",
        "rest",
        "selection",
        "fryscom",
        "playing",
        "schedule",
        "player",
        "dustin",
        "johnson",
        "end",
        "pga",
        "fedex",
        "caddy",
        "website",
        "sunday",
        "job",
        "freddie",
        "mark",
        "steinberg",
        "agent",
        "opportunity",
        "part",
        "something",
        "time"
    ],
    "category": [
        "sport",
        "golf"
    ]
}