{
    "title": "Murray thrashes Young to win Thailand title",
    "url": "https://edition.cnn.com/2011/10/02/sport/tennis/murray-wins/index.html",
    "date": "2011-10-02",
    "keywords": [
        "murray",
        "title",
        "season",
        "tipsarevic",
        "li",
        "thailand",
        "career",
        "home",
        "round",
        "sunday",
        "end",
        "world",
        "number",
        "federer",
        "story",
        "bangkok",
        "serb",
        "janko",
        "malaysia",
        "star",
        "china",
        "cnn",
        "seed",
        "mistake",
        "cincinnati",
        "london",
        "atp",
        "website",
        "set",
        "bit",
        "japan",
        "tokyo",
        "draw",
        "rafael",
        "spot",
        "start",
        "roger",
        "indoor",
        "im",
        "lot",
        "goal",
        "shot",
        "success",
        "time",
        "run",
        "action",
        "baghdatis",
        "cyprus",
        "player",
        "tour",
        "champion",
        "shock",
        "defeat",
        "front",
        "monica",
        "niculescu",
        "roland",
        "garros",
        "triumph",
        "exit",
        "crowd",
        "beijing"
    ],
    "category": [
        "sport",
        "tennis"
    ]
}