{
    "title": "NASCAR team owner Rick Hendrick involved in plane crash",
    "url": "https://edition.cnn.com/2011/11/01/sport/motorsport/florida-plane-crash/index.html",
    "date": "2011-11-01",
    "keywords": [
        "hendrick",
        "plane",
        "runway",
        "board",
        "one",
        "nascar",
        "jeff",
        "gordon",
        "dale",
        "earnhardt",
        "jr",
        "statement",
        "office",
        "johnson",
        "story",
        "florida",
        "crash",
        "team",
        "owner",
        "evening",
        "airport",
        "wife",
        "linda",
        "gulfstream",
        "g150",
        "county",
        "time",
        "transportation",
        "safety",
        "incident",
        "ii",
        "carolina",
        "roster",
        "stockcar",
        "mark",
        "martin",
        "jimmie",
        "cnns",
        "john",
        "branch",
        "report"
    ],
    "category": [
        "sport",
        "motorsport"
    ]
}