{
    "title": "Elizabeth Taylor\u2019s \u2018crown jewels of Hollywood\u2019 dazzle on display",
    "url": "https://edition.cnn.com/2011/09/23/world/europe/elizabeth-taylor-jewelry-exhibition/index.html",
    "date": "2011-09-24",
    "keywords": [
        "jewelry",
        "collection",
        "taylor",
        "diamond",
        "burton",
        "elizabeth",
        "love",
        "richard",
        "schoenberger",
        "hollywood",
        "mike",
        "todd",
        "london",
        "passion",
        "marriage",
        "century",
        "penton",
        "display",
        "bidding",
        "salesroom",
        "couture",
        "house",
        "part",
        "york",
        "auction",
        "head",
        "department",
        "design",
        "workmanship",
        "combination",
        "girl",
        "nancy",
        "coauthor",
        "book",
        "necklace",
        "taste",
        "ring",
        "year",
        "lady",
        "glamor",
        "story",
        "frenzy",
        "cnn",
        "jonathan",
        "chairman",
        "screen",
        "idol",
        "selection",
        "chanel",
        "dior",
        "edgar",
        "degas",
        "camille",
        "pissarro",
        "world",
        "tour",
        "series",
        "video",
        "excess",
        "andshe",
        "romance",
        "actor",
        "pearl",
        "la",
        "peregrina",
        "spain",
        "ruby",
        "december",
        "taj",
        "pendant",
        "birthday",
        "gift",
        "emperor",
        "shah",
        "jahan",
        "wife",
        "jewel",
        "provenance",
        "age",
        "father",
        "art",
        "dealer",
        "film",
        "broadway",
        "producer",
        "hold",
        "husband",
        "tiara",
        "academy",
        "star",
        "piece",
        "exhibition",
        "deal",
        "todds",
        "son",
        "welsh",
        "coalminer",
        "quality",
        "skys",
        "limit"
    ],
    "category": [
        "world",
        "europe"
    ]
}