{
    "title": "Football broadcasting faces shake-up after historic court ruling",
    "url": "https://edition.cnn.com/2011/10/04/sport/football/football-tv-rights-europe/index.html",
    "date": "2011-10-05",
    "keywords": [
        "league",
        "football",
        "premier",
        "europe",
        "ruling",
        "television",
        "broadcasting",
        "business",
        "court",
        "impact",
        "money",
        "lawyer",
        "sport",
        "cnn",
        "statement",
        "member",
        "match",
        "choice",
        "right",
        "deal",
        "london",
        "holder",
        "territory",
        "exclusivity",
        "state",
        "law",
        "model",
        "bskyb",
        "feed",
        "price",
        "consumer",
        "competition",
        "broadcaster",
        "value",
        "rouse",
        "consequence",
        "im",
        "issue",
        "lowerleague",
        "story",
        "tv",
        "landmark",
        "way",
        "justice",
        "soccer",
        "range",
        "system",
        "basis",
        "decoder",
        "card",
        "launch",
        "number",
        "world",
        "income",
        "newspaper",
        "guardian",
        "response",
        "case",
        "pub",
        "landlady",
        "espn",
        "owner",
        "kingdom",
        "share",
        "drop",
        "news",
        "sanjay",
        "sky",
        "spokesman",
        "aim",
        "highquality",
        "content",
        "effect",
        "amount",
        "record",
        "prize",
        "manchester",
        "finance",
        "stadia",
        "coach",
        "skys",
        "property",
        "specialist",
        "prospect",
        "effort",
        "course",
        "ability",
        "talent",
        "turn",
        "polarization",
        "game",
        "license",
        "continent",
        "host",
        "provider",
        "person",
        "nijran",
        "affect",
        "ban",
        "afternoon"
    ],
    "category": [
        "sport",
        "football"
    ]
}