{
    "title": "Two arrested in Poland over Ikea explosions",
    "url": "https://edition.cnn.com/2011/10/08/world/europe/poland-arrests/index.html",
    "date": "2011-10-08",
    "keywords": [
        "police",
        "poland",
        "ikea",
        "statement",
        "record",
        "story",
        "euros",
        "year",
        "cnn",
        "connection",
        "age",
        "ransom",
        "operation",
        "investigation",
        "bureau",
        "strength",
        "september",
        "france",
        "belgium",
        "germany",
        "plot",
        "use",
        "technology",
        "detection",
        "racketeering",
        "extortion",
        "adam",
        "k",
        "criminal",
        "manager",
        "expertise",
        "suspect",
        "g",
        "drug",
        "cnns",
        "nyberg",
        "report"
    ],
    "category": [
        "world",
        "europe"
    ]
}