{
    "title": "Tennis: Holders Serbia hit back in Davis Cup",
    "url": "https://edition.cnn.com/2011/09/17/sport/tennis/tennis-davis-cup-semis/index.html",
    "date": "2011-09-17",
    "keywords": [
        "zimonjic",
        "opening",
        "victory",
        "france",
        "world",
        "set",
        "viktor",
        "troicki",
        "monaco",
        "ignacio",
        "djokovic",
        "cup",
        "argentina",
        "crowd",
        "tomorrow",
        "tsonga",
        "home",
        "clay",
        "story",
        "chela",
        "clash",
        "cnn",
        "title",
        "belgrade",
        "no1",
        "injury",
        "exhaustion",
        "triumph",
        "serbia",
        "sunday",
        "martin",
        "del",
        "potro",
        "janko",
        "rubber",
        "tie",
        "participation",
        "troickis",
        "play",
        "tiebreaker",
        "pair",
        "traffic",
        "match",
        "support",
        "position",
        "website",
        "deficit",
        "spain",
        "michael",
        "fernando",
        "verdasco",
        "feliciano",
        "plaza",
        "pride",
        "rafael",
        "nadal",
        "ferrer",
        "richard",
        "gasquet",
        "reverse",
        "no2",
        "playing",
        "player",
        "captain",
        "guy"
    ],
    "category": [
        "sport",
        "tennis"
    ]
}