{
    "title": "Tiger lands high-profile new sponsor",
    "url": "https://edition.cnn.com/2011/10/05/sport/golf/golf-tiger-woods-rolex/index.html",
    "date": "2011-10-05",
    "keywords": [
        "golf",
        "season",
        "tournament",
        "rolex",
        "home",
        "deal",
        "watchmaker",
        "scandal",
        "week",
        "fall",
        "event",
        "california",
        "force",
        "history",
        "tiger",
        "champion",
        "pga",
        "practice",
        "gun",
        "club",
        "story",
        "bigname",
        "slump",
        "highprofile",
        "sponsor",
        "wake",
        "heuer",
        "highend",
        "world",
        "career",
        "statement",
        "wednesday",
        "company",
        "association",
        "tribute",
        "nature",
        "role",
        "appeal",
        "celebs",
        "compete",
        "jack",
        "nicklaus",
        "palmer",
        "player",
        "backing",
        "value",
        "business",
        "magazine",
        "forbes",
        "winner",
        "top",
        "brand",
        "worth",
        "june",
        "group",
        "evidence",
        "fryscom",
        "championship",
        "august",
        "start",
        "month",
        "place",
        "team",
        "captain",
        "courserecord",
        "saturday",
        "course",
        "jupiter",
        "greg",
        "medalist",
        "opening",
        "cordevalle",
        "jose",
        "oosthuizen",
        "africa",
        "cantlay",
        "thursday",
        "friday"
    ],
    "category": [
        "sport",
        "golf"
    ]
}