{
    "title": "Greek minister confident of \u2018Yes\u2019 vote in referendum",
    "url": "https://edition.cnn.com/2011/11/02/world/europe/greece-referendum-lambrinidis/index.html",
    "date": "2011-11-02",
    "keywords": [
        "referendum",
        "greece",
        "minister",
        "country",
        "bailout",
        "europe",
        "lambrinidis",
        "euro",
        "commitment",
        "decision",
        "surprise",
        "agreement",
        "everyone",
        "future",
        "program",
        "loan",
        "story",
        "favor",
        "place",
        "cnn",
        "eu",
        "greeks",
        "cnns",
        "becky",
        "anderson",
        "interview",
        "wisdom",
        "pain",
        "cabinet",
        "wednesday",
        "george",
        "shock",
        "call",
        "plan",
        "world",
        "stock",
        "disarray",
        "papandreou",
        "idea",
        "bouldengreecebailoutvote_00015127",
        "video",
        "government",
        "fire",
        "vassileva",
        "icu",
        "uncertainty",
        "stuns",
        "reax_00003715",
        "view",
        "mind",
        "sense",
        "step",
        "success",
        "eurozone",
        "thursday",
        "debt",
        "couple",
        "message",
        "fact",
        "process",
        "doesnt",
        "wording",
        "question",
        "debate",
        "opportunity",
        "stability",
        "date",
        "vote",
        "yes",
        "manner",
        "currency",
        "union"
    ],
    "category": [
        "world",
        "europe"
    ]
}