{
    "title": "Abbas lauds prisoner exchange, criticizes Israeli housing plans",
    "url": "https://edition.cnn.com/2011/10/14/world/europe/france-abbas-trip/index.html",
    "date": "2011-10-14",
    "keywords": [
        "abbas",
        "israel",
        "statehood",
        "bid",
        "security",
        "state",
        "france",
        "committee",
        "housing",
        "status",
        "support",
        "report",
        "analysis",
        "measure",
        "president",
        "council",
        "hamas",
        "veto",
        "story",
        "authority",
        "meeting",
        "friday",
        "counterpart",
        "prisoner",
        "exchange",
        "sarkozy",
        "member",
        "week",
        "deal",
        "soldier",
        "speech",
        "course",
        "shalit",
        "order",
        "release",
        "leader",
        "nation",
        "peace",
        "settler",
        "watchdog",
        "group",
        "east",
        "jerusalem",
        "threecountry",
        "tour",
        "month",
        "move",
        "premature",
        "majority",
        "application",
        "vote",
        "favor",
        "concern",
        "backlash",
        "middle",
        "assembly",
        "entity",
        "body",
        "effort",
        "recognition",
        "organization",
        "gaza"
    ],
    "category": [
        "world",
        "europe"
    ]
}