{
    "title": "English football must move quickly to deal with racism claims",
    "url": "https://edition.cnn.com/2011/10/28/sport/football/powar-lewis-racism-terry/index.html",
    "date": "2011-10-28",
    "keywords": [
        "football",
        "terry",
        "racism",
        "match",
        "player",
        "england",
        "fa",
        "incident",
        "game",
        "slur",
        "captain",
        "league",
        "john",
        "chelsea",
        "ferdinand",
        "footage",
        "wrongdoing",
        "manager",
        "world",
        "abuse",
        "mirror",
        "month",
        "moment",
        "onus",
        "audience",
        "suarez",
        "story",
        "powar",
        "bottom",
        "view",
        "piara",
        "executive",
        "director",
        "europe",
        "cnn",
        "saga",
        "isnt",
        "association",
        "police",
        "weekend",
        "video",
        "controversy",
        "comment",
        "andre",
        "villasboas",
        "friday",
        "affair",
        "misunderstanding",
        "sport",
        "tv",
        "coverage",
        "awareness",
        "asia",
        "field",
        "play",
        "journalist",
        "newspaper",
        "verdict",
        "case",
        "darren",
        "profile",
        "center",
        "racist",
        "youtube",
        "prestige",
        "spain",
        "prospect",
        "cloud",
        "thing",
        "build",
        "premier",
        "manchester",
        "patrice",
        "evra",
        "liverpool",
        "dalglish",
        "conclusion",
        "press",
        "conference",
        "whoever",
        "party",
        "person",
        "accuser",
        "punishment"
    ],
    "category": [
        "sport",
        "football"
    ]
}