{
    "title": "South Africa launch Cup of Nations appeal",
    "url": "https://edition.cnn.com/2011/10/10/sport/football/football-south-africa-niger/index.html",
    "date": "2011-10-10",
    "keywords": [
        "cup",
        "group",
        "goal",
        "difference",
        "tournament",
        "team",
        "qualification",
        "football",
        "safa",
        "caf",
        "country",
        "saturday",
        "draw",
        "leone",
        "guinea",
        "egypt",
        "letter",
        "top",
        "interpretation",
        "application",
        "end",
        "competition",
        "place",
        "meantime",
        "story",
        "bottom",
        "association",
        "confederation",
        "home",
        "nelspruit",
        "spot",
        "gabon",
        "result",
        "headtohead",
        "record",
        "africa",
        "defeat",
        "side",
        "cairo",
        "niger",
        "log",
        "objection",
        "wish",
        "president",
        "nematandani",
        "match",
        "organization",
        "lack",
        "clarity",
        "case",
        "fight",
        "way",
        "cafs",
        "everything",
        "year",
        "world",
        "bafana",
        "qualifying",
        "campaign",
        "pharaohs",
        "event",
        "row",
        "history",
        "bradley",
        "attempt",
        "twotime",
        "equalizer",
        "book",
        "expense",
        "super"
    ],
    "category": [
        "sport",
        "football"
    ]
}