{
    "title": "Spain\u2019s round-the-clock solar power plant",
    "url": "https://edition.cnn.com/2011/10/03/world/europe/solar-power-24-hours/index.html",
    "date": "2011-10-02",
    "keywords": [
        "plant",
        "energy",
        "power",
        "electricity",
        "night",
        "sun",
        "day",
        "receiver",
        "spain",
        "suns",
        "tower",
        "nitrate",
        "oil",
        "rate",
        "time",
        "story",
        "kind",
        "daylight",
        "need",
        "gemasolar",
        "tank",
        "arias",
        "engineer",
        "operation",
        "village",
        "csp",
        "technology",
        "top",
        "beacon",
        "shining",
        "enough",
        "town",
        "molten",
        "liquid",
        "heat",
        "combination",
        "sodium",
        "potassium",
        "form",
        "pound",
        "kilogram",
        "salt",
        "amount",
        "energystore",
        "position",
        "rest",
        "remainder",
        "steam",
        "grid",
        "hookup",
        "production",
        "venture",
        "engineering",
        "construction",
        "firm",
        "investment",
        "dhabis",
        "masdar",
        "company",
        "inauguration",
        "carlos",
        "abu",
        "prince",
        "sheikh",
        "al",
        "nahyan",
        "end",
        "capacity",
        "industry",
        "government",
        "price",
        "vision",
        "cost",
        "gas",
        "subsidy",
        "commercialscale",
        "solar",
        "clock"
    ],
    "category": [
        "world",
        "europe"
    ]
}