{
    "title": "Hoey holds off McIlroy to win Dunhill",
    "url": "https://edition.cnn.com/2011/10/02/sport/golf/hoey-wins/index.html",
    "date": "2011-10-02",
    "keywords": [
        "mcilroy",
        "round",
        "rory",
        "ireland",
        "victory",
        "thing",
        "championship",
        "champion",
        "home",
        "golf",
        "nerve",
        "tie",
        "sevenunder",
        "leader",
        "hoey",
        "day",
        "time",
        "story",
        "title",
        "graeme",
        "mcdowell",
        "cnn",
        "michael",
        "charge",
        "dunhill",
        "compatriot",
        "win",
        "style",
        "closing",
        "domination",
        "george",
        "murray",
        "scotland",
        "louis",
        "tournament",
        "group",
        "shot",
        "marc",
        "halfway",
        "tommy",
        "fleetwood",
        "im",
        "world",
        "no1",
        "luke",
        "donald",
        "nineunder",
        "money",
        "list",
        "composure",
        "turn",
        "challenge",
        "lead",
        "drive",
        "chip",
        "putt",
        "birdie",
        "triumph",
        "year",
        "sunk",
        "tour",
        "way",
        "school",
        "trophy",
        "korea",
        "thursday"
    ],
    "category": [
        "sport",
        "golf"
    ]
}