{
    "title": "Libeskind\u2019s \u2018eagle\u2019 aims to lift Poland",
    "url": "https://edition.cnn.com/2011/09/14/world/europe/poland-libeskind/index.html",
    "date": "2011-09-14",
    "keywords": [
        "poland",
        "world",
        "palace",
        "culture",
        "building",
        "libeskind",
        "country",
        "communism",
        "trade",
        "center",
        "city",
        "project",
        "construction",
        "science",
        "skyline",
        "citys",
        "piece",
        "spirit",
        "daniel",
        "zlota",
        "war",
        "warsaw",
        "architect",
        "structure",
        "energy",
        "york",
        "site",
        "story",
        "highrise",
        "communistera",
        "monument",
        "architecture",
        "gift",
        "josef",
        "stalin",
        "century",
        "star",
        "birth",
        "luxury",
        "apartment",
        "nation",
        "symbol",
        "eye",
        "statement",
        "countrys",
        "desire",
        "revival",
        "identity",
        "eop",
        "boulden",
        "skyline_00000803",
        "video",
        "front",
        "kosciesza",
        "emigrant",
        "homeland",
        "childhood",
        "society",
        "regime",
        "period",
        "renaissance",
        "museum",
        "berlin",
        "role",
        "master",
        "planner",
        "rebuilding",
        "something",
        "immigrant",
        "attitude",
        "inspiration",
        "place",
        "feeling",
        "isnt",
        "estate",
        "ground",
        "statute",
        "liberty",
        "ship",
        "memory",
        "tragedy"
    ],
    "category": [
        "world",
        "europe"
    ]
}