{
    "title": "Norway terror suspect to leave solitary confinement",
    "url": "https://edition.cnn.com/2011/10/13/world/europe/norway-attacks/index.html",
    "date": "2011-11-15",
    "keywords": [
        "breivik",
        "july",
        "confinement",
        "attack",
        "terror",
        "suspect",
        "wont",
        "monday",
        "spokesman",
        "police",
        "bombing",
        "island",
        "norway",
        "world",
        "war",
        "party",
        "youth",
        "age",
        "attack_00002001",
        "video",
        "extremist",
        "immigration",
        "liberalism"
    ],
    "category": [
        "world",
        "europe"
    ]
}