{
    "title": "FIA approves team name changes for 2012 season",
    "url": "https://edition.cnn.com/2011/11/07/sport/motorsport/motorsport-f1-lotus-renault/index.html",
    "date": "2011-11-11",
    "keywords": [
        "name",
        "team",
        "f1",
        "lotus",
        "virgin",
        "season",
        "year",
        "campaign",
        "renault",
        "chassis",
        "race",
        "story",
        "fia",
        "number",
        "body",
        "host",
        "formula",
        "permission",
        "meeting",
        "federation",
        "internationale",
        "commission",
        "geneva",
        "week",
        "caterham",
        "carmaker",
        "marussia",
        "stake",
        "present",
        "car",
        "end",
        "twoyear",
        "spell",
        "change",
        "principal",
        "eric",
        "boullier",
        "website",
        "sport",
        "ambiguity",
        "matter",
        "grid",
        "start",
        "chapter",
        "enstone",
        "history",
        "experience",
        "challenge",
        "process",
        "vettel",
        "world",
        "row",
        "penultimate",
        "sunday",
        "dhabi",
        "seasonending",
        "prix"
    ],
    "category": [
        "sport",
        "motorsport"
    ]
}