{
    "title": "Pedrosa wins as Lorenzo narrows title gap",
    "url": "https://edition.cnn.com/2011/10/02/sport/motorsport/pedrosa-wins/index.html",
    "date": "2011-10-02",
    "keywords": [
        "stoner",
        "motogp",
        "race",
        "leader",
        "lap",
        "championship",
        "champion",
        "jorge",
        "title",
        "casey",
        "motegi",
        "rally",
        "france",
        "dani",
        "victory",
        "world",
        "lorenzo",
        "lead",
        "spain",
        "rider",
        "season",
        "home",
        "citroen",
        "story",
        "pedroas",
        "moegi",
        "pedrosa",
        "superb",
        "spaniard",
        "pedrosas",
        "teammate",
        "gravel",
        "malaysia",
        "valencia",
        "number",
        "losing",
        "control",
        "bike",
        "brake",
        "problem",
        "repsol",
        "honda",
        "andrea",
        "dovizioso",
        "briefly",
        "ridethrough",
        "penalty",
        "start",
        "legend",
        "valentino",
        "rossi",
        "ducati",
        "ben",
        "win",
        "podium",
        "place",
        "im",
        "island",
        "motorsport",
        "news",
        "sunday",
        "sebastien",
        "ds3",
        "bid",
        "round",
        "ogier",
        "sordo",
        "privateer",
        "hirvonen",
        "gap",
        "britain"
    ],
    "category": [
        "sport",
        "motorsport"
    ]
}