{
    "title": "Football unites Turkey\u2019s \u2018marginalized\u2019 African immigrants",
    "url": "https://edition.cnn.com/2011/10/25/sport/football/turkey-africa-cup/index.html",
    "date": "2011-10-25",
    "keywords": [
        "football",
        "championship",
        "match",
        "community",
        "police",
        "istanbul",
        "hamza",
        "turkey",
        "group",
        "cup",
        "competition",
        "tournament",
        "team",
        "chance",
        "game",
        "time",
        "stadium",
        "levitan",
        "field",
        "africa",
        "cameroon",
        "favour",
        "city",
        "summer",
        "way",
        "place",
        "something",
        "event",
        "lawyer",
        "istanbuls",
        "society",
        "story",
        "soccer",
        "interest",
        "bond",
        "bit",
        "score",
        "start",
        "half",
        "doubt",
        "rest",
        "crowd",
        "section",
        "support",
        "flag",
        "history",
        "gathering",
        "show",
        "unity",
        "happiness",
        "nigerian",
        "importexport",
        "business",
        "thing",
        "wherever",
        "heart",
        "isnt",
        "home",
        "exception",
        "interruption",
        "call",
        "mosque",
        "line",
        "outer",
        "fence",
        "pocket",
        "west",
        "air",
        "song",
        "locker",
        "room",
        "country",
        "life",
        "fun",
        "decade",
        "money",
        "sporting",
        "occasion",
        "order",
        "influx",
        "ferikoy",
        "class",
        "neighborhood",
        "center",
        "tradition",
        "sponsorship",
        "talent",
        "platform",
        "whereby",
        "crime",
        "gateway",
        "europe",
        "migration",
        "backdoor",
        "year",
        "fixing",
        "majority",
        "east",
        "asia",
        "trouble"
    ],
    "category": [
        "sport",
        "football"
    ]
}