{
    "title": "New Jersey officials reach deal to bring Formula One racing to the state",
    "url": "https://edition.cnn.com/2011/10/23/sport/motorsport/formula-one---new-jersey/index.html",
    "date": "2011-10-25",
    "keywords": [
        "jersey",
        "york",
        "deal",
        "christie",
        "state",
        "formula",
        "gov",
        "chris",
        "prix",
        "weehawken",
        "race",
        "street",
        "mayor",
        "city",
        "story",
        "boon",
        "austin",
        "texas",
        "butt",
        "driver",
        "agreement",
        "racing",
        "garden",
        "june",
        "source",
        "venture",
        "circuit",
        "route",
        "cockpit",
        "hightech",
        "mph",
        "beginning",
        "boulevard",
        "east",
        "skyline",
        "backdrop",
        "road",
        "press",
        "conference",
        "richard",
        "turner",
        "felix",
        "roque",
        "course",
        "right",
        "elevation",
        "auto",
        "meanwhile",
        "sport",
        "beach",
        "las",
        "vegas",
        "dallas",
        "spokesman",
        "governor",
        "arrival",
        "tourism",
        "boom"
    ],
    "category": [
        "sport",
        "motorsport"
    ]
}