{
    "title": "British riot police move in to clear illegal homes at center of controversy",
    "url": "https://edition.cnn.com/2011/10/19/world/europe/uk-evictions/index.html",
    "date": "2011-10-19",
    "keywords": [
        "police",
        "farm",
        "statement",
        "site",
        "council",
        "committee",
        "violence",
        "elbagir",
        "story",
        "control",
        "woman",
        "wheelchair",
        "iron",
        "cnn",
        "essex",
        "home",
        "fire",
        "eviction",
        "resident",
        "community",
        "video",
        "settlement",
        "basildon",
        "discrimination",
        "riot",
        "morning",
        "group",
        "battle",
        "resolution",
        "smoke",
        "compound",
        "london",
        "wednesday",
        "sheridan",
        "relative",
        "illegal",
        "air",
        "resignation",
        "operation",
        "land",
        "housing",
        "part",
        "protest",
        "showdown_00014425",
        "day",
        "dale",
        "farm_00010323",
        "tension",
        "trevor",
        "roe",
        "afternoon",
        "disorder",
        "breach",
        "peace",
        "gun",
        "person",
        "center",
        "controversy",
        "permission",
        "antidiscrimination",
        "month",
        "case",
        "court",
        "scene",
        "gate",
        "way",
        "leader",
        "fact",
        "intent",
        "ball",
        "government",
        "memory",
        "britain",
        "world",
        "kathleen",
        "mccarthy",
        "elimination",
        "regret",
        "identifying",
        "accommodation",
        "hostility",
        "wider",
        "society",
        "situation",
        "cnns",
        "stephanie",
        "halasz"
    ],
    "category": [
        "world",
        "europe"
    ]
}