{
    "title": "Cyprus, Turkey spar over oil drilling",
    "url": "https://edition.cnn.com/2011/09/19/world/europe/cyprus-drilling/index.html",
    "date": "2011-09-20",
    "keywords": [
        "cyprus",
        "turkey",
        "drilling",
        "oil",
        "provocation",
        "energy",
        "plan",
        "mediterranean",
        "night",
        "state",
        "report",
        "decision",
        "minister",
        "week",
        "law",
        "island",
        "union",
        "story",
        "cnn",
        "monday",
        "coast",
        "staterun",
        "news",
        "agency",
        "taner",
        "yildiz",
        "country",
        "ship",
        "republic",
        "sovereign",
        "shelf",
        "accordance",
        "agreement",
        "ministry",
        "statement",
        "announcement",
        "provocative",
        "act",
        "exploration",
        "response",
        "coup",
        "detat",
        "greece",
        "dictatorship",
        "portion",
        "presidency",
        "organization",
        "post",
        "number",
        "israel",
        "secretary",
        "clinton",
        "york",
        "cnns",
        "yesim",
        "comert"
    ],
    "category": [
        "world",
        "europe"
    ]
}