{
    "title": "279 reported dead in Turkey earthquake; 1,300 more hurt",
    "url": "https://edition.cnn.com/2011/10/24/world/europe/turkey-quake/index.html",
    "date": "2011-10-25",
    "keywords": [
        "turkey",
        "earthquake",
        "minister",
        "atalay",
        "agency",
        "cnn",
        "rescue",
        "death",
        "toll",
        "health",
        "ercis",
        "video",
        "mengu",
        "aid",
        "help",
        "crisis",
        "center",
        "ministry",
        "news",
        "power",
        "night",
        "emergency",
        "machinery",
        "countrys",
        "disaster",
        "number",
        "monday",
        "recep",
        "akdag",
        "erdogan",
        "crescent",
        "survey",
        "city",
        "quake",
        "damage",
        "turk",
        "van",
        "area",
        "man",
        "capital",
        "sunday",
        "israel",
        "impact",
        "world",
        "page",
        "story",
        "government",
        "ground",
        "bare",
        "management",
        "authority",
        "idris",
        "naim",
        "sahin",
        "besir",
        "military",
        "searchandrescue",
        "magnitude",
        "tayyip",
        "shore",
        "lake",
        "apartment",
        "student",
        "dormitory",
        "town",
        "fire",
        "street",
        "destruction",
        "afpgetty",
        "voturkeywomanrescued_00002726",
        "woman",
        "voturkeyquakeerdogan_00000525",
        "building",
        "part",
        "hospital",
        "sister",
        "network",
        "reporter",
        "nevsin",
        "weather",
        "wood",
        "warmth",
        "electricity",
        "gas",
        "food",
        "position",
        "piece",
        "debris",
        "hole",
        "finkel",
        "map",
        "zone",
        "point",
        "anyone",
        "drinking",
        "water",
        "ankara",
        "region",
        "iran",
        "treatment"
    ],
    "category": [
        "world",
        "europe"
    ]
}