{
    "title": "Motorsport community mourns Simoncelli",
    "url": "https://edition.cnn.com/2011/10/24/sport/motorsport/motorsport-motogp-simoncelli-rossi/index.html",
    "date": "2011-11-07",
    "keywords": [
        "marco",
        "simoncelli",
        "motogp",
        "life",
        "rider",
        "family",
        "crash",
        "valentino",
        "rossi",
        "brother",
        "world",
        "champion",
        "motorsport",
        "death",
        "malaysia",
        "tribute",
        "honda",
        "twitter",
        "track",
        "team",
        "driver",
        "community",
        "bike",
        "circuit",
        "account",
        "lot",
        "president",
        "ceo",
        "ito",
        "personality",
        "website",
        "future",
        "ability",
        "jorge",
        "lorenzo",
        "time",
        "day",
        "today",
        "star",
        "martinez",
        "nothing",
        "motorcycle",
        "everyone",
        "jenson",
        "button",
        "talent",
        "belskus",
        "story",
        "cnn",
        "monday",
        "compatriot",
        "colin",
        "control",
        "turn",
        "sepang",
        "seventime",
        "simoncellis",
        "nickname",
        "tweet",
        "sign",
        "number",
        "hometown",
        "cattolica",
        "getty",
        "takanobu",
        "commitment",
        "outfit",
        "bubbling",
        "spirit",
        "prix",
        "following",
        "sterling",
        "corporation",
        "factory",
        "heartfelt",
        "race",
        "finger",
        "yamaha",
        "rest",
        "peace",
        "winner",
        "ducati",
        "hayden",
        "sense",
        "rip",
        "owner",
        "aspar",
        "sadness",
        "collision",
        "end",
        "inertia",
        "inside",
        "corner",
        "official",
        "paddock",
        "loss",
        "age",
        "formula",
        "mclaren",
        "hamilton"
    ],
    "category": [
        "sport",
        "motorsport"
    ]
}