{
    "title": "UK cathedral halts legal action against Occupy protest",
    "url": "https://edition.cnn.com/2011/11/01/world/europe/uk-cathedral-occupy/index.html",
    "date": "2011-11-02",
    "keywords": [
        "st",
        "pauls",
        "decision",
        "corporation",
        "action",
        "cathedral",
        "camp",
        "london",
        "statement",
        "bishop",
        "church",
        "protester",
        "paton",
        "city",
        "district",
        "pause",
        "protest",
        "resignation",
        "rev",
        "situation",
        "occupy",
        "video",
        "morning",
        "eviction",
        "debate",
        "injustice",
        "week",
        "world",
        "story",
        "cleric",
        "tanya",
        "body",
        "anticapitalist",
        "afternoon",
        "stuart",
        "fraser",
        "move",
        "time",
        "reflection",
        "solution",
        "richard",
        "monday",
        "dean",
        "graeme",
        "leadership",
        "opportunity",
        "paul",
        "resignation_00012014",
        "clergyman",
        "mclaughin",
        "pauls_00001801",
        "threat",
        "hanging",
        "pastor",
        "meeting",
        "cnn",
        "forum",
        "expertise",
        "intention",
        "tent",
        "progress",
        "attention",
        "fire",
        "entrance",
        "clergy",
        "handling",
        "alarm",
        "call",
        "country",
        "globe",
        "investment",
        "banker",
        "costa",
        "initiative",
        "support",
        "england",
        "public",
        "chancellor",
        "position",
        "cause",
        "staff",
        "justice",
        "democracy",
        "system",
        "attempt",
        "stock",
        "exchange",
        "tourist",
        "wedding",
        "princess",
        "diana",
        "prince",
        "cnns",
        "mclaughlin",
        "report"
    ],
    "category": [
        "world",
        "europe"
    ]
}