{
    "title": "Former England manager Eriksson sacked by Leicester",
    "url": "https://edition.cnn.com/2011/10/24/sport/football/football-eriksson-leicester-sacked/index.html",
    "date": "2011-10-24",
    "keywords": [
        "eriksson",
        "city",
        "club",
        "leicester",
        "football",
        "team",
        "year",
        "england",
        "manager",
        "boss",
        "svengoran",
        "flight",
        "swede",
        "job",
        "side",
        "position",
        "charge",
        "season",
        "league",
        "story",
        "cnn",
        "monday",
        "championship",
        "secondflight",
        "midway",
        "summer",
        "spending",
        "spree",
        "thai",
        "tune",
        "premier",
        "defeat",
        "millwall",
        "saturday",
        "today",
        "agreement",
        "effect",
        "statement",
        "website",
        "coach",
        "dereck",
        "fazackerley",
        "board",
        "contribution",
        "power",
        "stadium",
        "sacking",
        "mcclaren",
        "martin",
        "oneill",
        "management",
        "aston",
        "villa",
        "favorite",
        "return",
        "career",
        "post",
        "county"
    ],
    "category": [
        "sport",
        "football"
    ]
}