{
    "title": "News International to settle in hacking scandal",
    "url": "https://edition.cnn.com/2011/09/19/world/europe/uk-phone-hacking-settlement/index.html",
    "date": "2011-09-19",
    "keywords": [
        "news",
        "settlement",
        "family",
        "world",
        "charity",
        "voice",
        "phone",
        "outrage",
        "paper",
        "mail",
        "company",
        "source",
        "murdoch",
        "compensation",
        "executive",
        "story",
        "hacking",
        "scandal",
        "publisher",
        "newspaper",
        "uk",
        "teenager",
        "cnn",
        "monday",
        "addition",
        "mogul",
        "parent",
        "part",
        "discussion",
        "business",
        "statement",
        "dowler",
        "july",
        "time",
        "disappearance",
        "millys",
        "room",
        "deletion",
        "hope",
        "britain",
        "week",
        "closing",
        "bestselling",
        "son",
        "miller",
        "money",
        "outofcourt",
        "soccer",
        "gordon",
        "taylor",
        "interception"
    ],
    "category": [
        "world",
        "europe"
    ]
}