{
    "title": "Italy protesters rally against Berlusconi",
    "url": "https://edition.cnn.com/2011/11/05/world/europe/italy-protest/index.html",
    "date": "2011-11-05",
    "keywords": [
        "berlusconi",
        "italy",
        "economy",
        "government",
        "confidence",
        "rome",
        "crisis",
        "opposition",
        "credibility",
        "reform",
        "vote",
        "support",
        "saturday",
        "pressure",
        "president",
        "euro",
        "zone",
        "minister",
        "fund",
        "parliament",
        "napolitano",
        "concern",
        "greece",
        "austerity",
        "tax",
        "europe",
        "head",
        "state",
        "story",
        "gap",
        "cnn",
        "silvio",
        "party",
        "square",
        "rally",
        "formation",
        "friday",
        "summit",
        "program",
        "step",
        "investor",
        "week",
        "criticism",
        "handling",
        "majority",
        "budget",
        "giorgio",
        "commitment",
        "month",
        "meltdown",
        "collapse",
        "shape",
        "borrowing",
        "high",
        "nation",
        "output",
        "strength",
        "track",
        "retirement",
        "age",
        "past",
        "time",
        "leadership",
        "job",
        "determination",
        "reliability",
        "address",
        "university",
        "country",
        "grave",
        "hurt",
        "pride",
        "soul",
        "searching",
        "countrys",
        "way",
        "date",
        "motion",
        "loss",
        "dissolution",
        "holding",
        "election",
        "someone",
        "package",
        "money",
        "rescue",
        "bond",
        "world",
        "interest",
        "ecb",
        "start",
        "august",
        "move",
        "matthew",
        "chance",
        "messia",
        "report"
    ],
    "category": [
        "world",
        "europe"
    ]
}