{
    "title": "Wozniacki survives scare to win WTA Championships opener",
    "url": "https://edition.cnn.com/2011/10/25/sport/tennis/tennis-wozniacki-kvitova-sharapova/index.html",
    "date": "2011-10-25",
    "keywords": [
        "wozniacki",
        "group",
        "match",
        "opener",
        "world",
        "radwanska",
        "champion",
        "stosur",
        "set",
        "win",
        "caroline",
        "petra",
        "vera",
        "zvonareva",
        "samantha",
        "no1",
        "opening",
        "tournament",
        "point",
        "return",
        "defeat",
        "sharapova",
        "story",
        "marathon",
        "wta",
        "loss",
        "istanbul",
        "tuesday",
        "trouble",
        "newcomer",
        "end",
        "season",
        "wozniakci",
        "prompting",
        "polishborn",
        "father",
        "coach",
        "piotr",
        "break",
        "qualifier",
        "field",
        "row",
        "trainer",
        "treatment",
        "shoulder",
        "deciding",
        "level",
        "finale",
        "radwanskas",
        "service",
        "dane",
        "hardfought",
        "victory",
        "year",
        "slam",
        "outcome",
        "question",
        "focus",
        "kvitova",
        "form",
        "debut",
        "maria",
        "campaign",
        "australia",
        "day",
        "action",
        "injury",
        "time",
        "seed",
        "breakthrough",
        "tiebreaker",
        "hour",
        "minute"
    ],
    "category": [
        "sport",
        "tennis"
    ]
}