{
    "title": "Occupy London group issues statement; city officials to meet with activists",
    "url": "https://edition.cnn.com/2011/11/02/world/europe/uk-cathedral-occupy/index.html",
    "date": "2011-11-02",
    "keywords": [
        "statement",
        "cathedral",
        "system",
        "corporation",
        "district",
        "pauls",
        "group",
        "profit",
        "day",
        "london",
        "city",
        "business",
        "protest",
        "camp",
        "announcement",
        "article",
        "dean",
        "leadership",
        "environment",
        "story",
        "water",
        "food",
        "housing",
        "education",
        "health",
        "community",
        "demonstration",
        "roadway",
        "responsibility",
        "access",
        "road",
        "capital",
        "bank",
        "england",
        "campsite",
        "concern",
        "tuesday",
        "pause",
        "anticapitalist",
        "action",
        "archbishop",
        "canterbury",
        "rowan",
        "saint",
        "number",
        "expression",
        "exasperation",
        "establishment",
        "sign",
        "sense",
        "fair",
        "society",
        "irresponsibility",
        "impatience",
        "return",
        "change",
        "banking",
        "rt",
        "rev",
        "graeme",
        "post",
        "criticism",
        "press",
        "opinion",
        "position",
        "st",
        "cottam",
        "order",
        "opportunity",
        "approach",
        "complex",
        "deal",
        "strain",
        "hope",
        "pray",
        "swift",
        "resolution",
        "attempt",
        "stock",
        "exchange",
        "wednesday",
        "growth",
        "humanity",
        "interest",
        "collaboration",
        "occupy",
        "world",
        "struggle",
        "alternative"
    ],
    "category": [
        "world",
        "europe"
    ]
}