{
    "title": "Spanish judge frees 5 terror suspects",
    "url": "https://edition.cnn.com/2011/10/01/world/europe/spain-terror/index.html",
    "date": "2011-10-01",
    "keywords": [
        "judge",
        "court",
        "month",
        "spain",
        "al",
        "qaeda",
        "ministry",
        "money",
        "maghreb",
        "madrid",
        "prison",
        "statement",
        "ruling",
        "investigation",
        "part",
        "province",
        "case",
        "suspect",
        "mediterranean",
        "story",
        "copy",
        "order",
        "tuesday",
        "support",
        "fernando",
        "grandemarlaska",
        "participation",
        "terrorism",
        "arrest",
        "operation",
        "guipuzcoa",
        "region",
        "navarra",
        "contact",
        "evidence",
        "hand",
        "group",
        "concern",
        "base",
        "africa",
        "sea",
        "europe",
        "man",
        "island",
        "custody",
        "computer",
        "documentation",
        "website",
        "origin",
        "latin",
        "america"
    ],
    "category": [
        "world",
        "europe"
    ]
}