{
    "title": "Football: United reject Hargreaves claims",
    "url": "https://edition.cnn.com/2011/09/23/sport/football/hargreaves-united-city-football/index.html",
    "date": "2011-09-23",
    "keywords": [
        "city",
        "manchester",
        "midfielder",
        "owen",
        "staff",
        "england",
        "statement",
        "tendon",
        "trafford",
        "injury",
        "debut",
        "game",
        "man",
        "club",
        "success",
        "bayern",
        "glass",
        "world",
        "story",
        "cnn",
        "august",
        "contract",
        "press",
        "guinea",
        "pig",
        "spell",
        "goalscoring",
        "cup",
        "win",
        "care",
        "anyone",
        "part",
        "time",
        "step",
        "rehabilitation",
        "star",
        "outfit",
        "munich",
        "team",
        "knee",
        "start",
        "preseason",
        "newspaper",
        "impact",
        "surgery",
        "validity",
        "sport",
        "contribution",
        "series",
        "youtube",
        "fitness",
        "bundesliga",
        "cups",
        "career",
        "title",
        "beat",
        "chelsea",
        "moscow"
    ],
    "category": [
        "sport",
        "football"
    ]
}