{
    "title": "Force India announce Sahara partnership",
    "url": "https://edition.cnn.com/2011/10/13/sport/motorsport/motorsport-f1-force-india/index.html",
    "date": "2011-10-13",
    "keywords": [
        "india",
        "team",
        "force",
        "sahara",
        "f1",
        "cent",
        "pride",
        "deal",
        "mallya",
        "world",
        "sport",
        "matter",
        "pariwar",
        "promoter",
        "stake",
        "formula",
        "roy",
        "indias",
        "advent",
        "season",
        "resta",
        "sutil",
        "race",
        "story",
        "announce",
        "partnership",
        "result",
        "principal",
        "director",
        "dr",
        "vijay",
        "share",
        "possession",
        "businessman",
        "michiel",
        "mol",
        "family",
        "agreement",
        "marque",
        "subrata",
        "worker",
        "chairman",
        "statement",
        "vettel",
        "title",
        "car",
        "racing",
        "bastion",
        "coowner",
        "nation",
        "step",
        "division",
        "motorsport",
        "map",
        "performance",
        "group",
        "role",
        "development",
        "country",
        "partner",
        "success",
        "championship",
        "driver",
        "pairing",
        "di",
        "finish",
        "position",
        "mark",
        "singapore",
        "home",
        "prix",
        "debut",
        "month",
        "delhi"
    ],
    "category": [
        "sport",
        "motorsport"
    ]
}