{
    "title": "Man City unveil training academy vision",
    "url": "https://edition.cnn.com/2011/09/20/sport/football/football-man-city-academy/index.html",
    "date": "2011-09-21",
    "keywords": [
        "youth",
        "development",
        "team",
        "academy",
        "city",
        "stadium",
        "strategy",
        "hamilton",
        "football",
        "club",
        "term",
        "talent",
        "manchester",
        "im",
        "youre",
        "time",
        "etihad",
        "recruitment",
        "heart",
        "marwood",
        "facility",
        "citys",
        "world",
        "plan",
        "investment",
        "theyre",
        "barcelona",
        "age",
        "story",
        "premier",
        "league",
        "training",
        "tuesday",
        "success",
        "dhabi",
        "billionaire",
        "bin",
        "nahyan",
        "playing",
        "manager",
        "roberto",
        "mancini",
        "history",
        "thirdplace",
        "finish",
        "division",
        "cup",
        "trophy",
        "outfit",
        "push",
        "brand",
        "complex",
        "home",
        "man",
        "dominance",
        "sign",
        "weakness",
        "planning",
        "application",
        "project",
        "halfsize",
        "accommodation",
        "youthteam",
        "phase",
        "owner",
        "statement",
        "whilst",
        "pedigree",
        "site",
        "building",
        "bridge",
        "area",
        "future",
        "chief",
        "office",
        "brian",
        "opportunity",
        "class",
        "well",
        "step",
        "realization",
        "editor",
        "soccer",
        "magazine",
        "cnn",
        "striker",
        "sergio",
        "aguero",
        "spain",
        "midfielder",
        "david",
        "silva",
        "chelsea",
        "system",
        "doubt",
        "ability",
        "setup",
        "number",
        "firstteam",
        "la"
    ],
    "category": [
        "sport",
        "football"
    ]
}