{
    "title": "Murray faces Nishikori in Shanghai semis",
    "url": "https://edition.cnn.com/2011/10/14/sport/tennis/tennis-murray-kvitova-shanghai/index.html",
    "date": "2011-10-14",
    "keywords": [
        "seed",
        "ferrer",
        "world",
        "champion",
        "murray",
        "shanghai",
        "feliciano",
        "lopez",
        "petra",
        "kvitova",
        "generali",
        "friday",
        "month",
        "face",
        "lot",
        "match",
        "bit",
        "tour",
        "win",
        "roddick",
        "draw",
        "beat",
        "mayer",
        "safarova",
        "story",
        "play",
        "event",
        "spaniard",
        "cnn",
        "andy",
        "course",
        "qualifier",
        "matthew",
        "ebden",
        "briton",
        "player",
        "release",
        "thailand",
        "japan",
        "game",
        "service",
        "scot",
        "website",
        "ball",
        "back",
        "court",
        "couple",
        "alexandr",
        "dolgopolov",
        "home",
        "david",
        "highlight",
        "topeight",
        "atp",
        "place",
        "chance",
        "semis",
        "time",
        "rafael",
        "nadal",
        "austria",
        "tournament",
        "czech",
        "daniela",
        "clash",
        "jelena",
        "jankovic",
        "russias",
        "rodina",
        "loser",
        "lucie",
        "romanias",
        "cibulkova",
        "anastasia"
    ],
    "category": [
        "sport",
        "tennis"
    ]
}