{
    "title": "Man Utd\u2019s Evra to pursue racism claim against Liverpool\u2019s Suarez",
    "url": "https://edition.cnn.com/2011/10/17/sport/football/football-evra-suarez-racism/index.html",
    "date": "2011-10-17",
    "keywords": [
        "ferguson",
        "evra",
        "group",
        "liverpool",
        "patrice",
        "fa",
        "striker",
        "suarez",
        "side",
        "complaint",
        "game",
        "defender",
        "club",
        "manager",
        "league",
        "football",
        "match",
        "clash",
        "saturday",
        "england",
        "rooney",
        "city",
        "news",
        "host",
        "italys",
        "travel",
        "home",
        "search",
        "victory",
        "story",
        "abuse",
        "liverpoolmanchester",
        "trip",
        "cnn",
        "france",
        "footballer",
        "racism",
        "luis",
        "manchester",
        "opponent",
        "draw",
        "association",
        "referee",
        "andre",
        "marriner",
        "incident",
        "statement",
        "facebook",
        "page",
        "alex",
        "monday",
        "television",
        "today",
        "galati",
        "something",
        "samuel",
        "etoo",
        "munich",
        "air",
        "crash",
        "cup",
        "semifinal",
        "chanting",
        "praise",
        "midfielder",
        "ashley",
        "qualifier",
        "sofia",
        "september",
        "premier",
        "scot",
        "maybe",
        "contention",
        "romania",
        "campaign",
        "problem",
        "wayne",
        "bench",
        "card",
        "montenegro",
        "blow",
        "none",
        "basel",
        "benfica",
        "b",
        "internazionale",
        "lille",
        "back",
        "defeat",
        "weekend",
        "lead",
        "moscow",
        "visit",
        "napoli",
        "win",
        "villarreal",
        "madrid",
        "lyon",
        "meeting",
        "ajax"
    ],
    "category": [
        "sport",
        "football"
    ]
}