{
    "title": "Nobel goes to scientist who knocked down \u2018Berlin Wall\u2019 of chemistry",
    "url": "https://edition.cnn.com/2011/10/05/world/europe/sweden-nobel-chemistry/index.html",
    "date": "2011-10-16",
    "keywords": [
        "prize",
        "discovery",
        "shechtman",
        "university",
        "mueller",
        "academy",
        "wall",
        "scientist",
        "chemistry",
        "pattern",
        "structure",
        "lu",
        "fall",
        "berlin",
        "tile",
        "science",
        "level",
        "mit",
        "institute",
        "technology",
        "repeating",
        "geometry",
        "work",
        "knowledge",
        "heat",
        "electricity",
        "nobel",
        "committee",
        "story",
        "help",
        "cnn",
        "battle",
        "matter",
        "peter",
        "revelation",
        "life",
        "germany",
        "world",
        "definition",
        "crystal",
        "way",
        "step",
        "crystallography",
        "professor",
        "glass",
        "art",
        "bathroom",
        "floor",
        "infinity",
        "j",
        "postdoctorate",
        "researcher",
        "thing",
        "palace",
        "spain",
        "darbi",
        "imam",
        "shrine",
        "iran",
        "west",
        "paul",
        "steinhardt",
        "princeton",
        "paper",
        "journal",
        "muslim",
        "mathematician",
        "physicist",
        "roger",
        "penrose",
        "decade",
        "report",
        "nature",
        "guy",
        "principle",
        "research",
        "transport",
        "thermoelectric",
        "perlmutter",
        "lawrence",
        "laboratory",
        "california",
        "berkeley",
        "p",
        "schmidt",
        "g",
        "riess",
        "johns",
        "space",
        "telescope",
        "universe",
        "rate",
        "bang",
        "monday",
        "steinman",
        "biologist",
        "rockefeller",
        "beutler",
        "hoffmann",
        "physiology"
    ],
    "category": [
        "world",
        "europe"
    ]
}