{
    "title": "Stevens returns to Schalke, Laudrup leaves Mallorca",
    "url": "https://edition.cnn.com/2011/09/27/sport/football/schalke-stevens-mallorca-laudrup/index.html",
    "date": "2011-09-27",
    "keywords": [
        "laudrup",
        "coach",
        "mallorca",
        "club",
        "schalke",
        "huub",
        "charge",
        "ferrer",
        "ralf",
        "gelsenkirchen",
        "michael",
        "outfit",
        "owner",
        "rangnick",
        "season",
        "decision",
        "situation",
        "story",
        "hass",
        "departure",
        "dutch",
        "spell",
        "disagreement",
        "side",
        "replacement",
        "day",
        "role",
        "month",
        "fatigue",
        "reason",
        "dutchman",
        "cup",
        "triumph",
        "inter",
        "milan",
        "hertha",
        "berlin",
        "hamburg",
        "psv",
        "deal",
        "royal",
        "stomping",
        "ground",
        "effect",
        "statement",
        "paper",
        "contract",
        "june",
        "fifth",
        "germanys",
        "division",
        "opening",
        "tenure",
        "denmark",
        "press",
        "conference",
        "tuesday",
        "spartak",
        "moscow",
        "relationship",
        "serra",
        "repair",
        "finish",
        "copa",
        "del",
        "rey",
        "relegation",
        "point",
        "star",
        "midfielder",
        "jonathan",
        "guzman",
        "august",
        "erik",
        "larsen",
        "monday",
        "yesterday",
        "peace",
        "team",
        "home",
        "night",
        "family",
        "game",
        "win",
        "sunday",
        "saturday"
    ],
    "category": [
        "sport",
        "football"
    ]
}