{
    "title": "Bartoli boosts Istanbul bid with Kremlin Cup win",
    "url": "https://edition.cnn.com/2011/10/20/sport/tennis/tennis-bartoli-radwanska-wta/index.html",
    "date": "2011-10-20",
    "keywords": [
        "seed",
        "juan",
        "chela",
        "clash",
        "marion",
        "bartoli",
        "match",
        "cup",
        "moscow",
        "dolgopolov",
        "jr",
        "wawrinka",
        "ignacio",
        "tournament",
        "radwanska",
        "champion",
        "cibulkova",
        "face",
        "dimitrov",
        "story",
        "kremlin",
        "title",
        "crash",
        "cnn",
        "seasonending",
        "wta",
        "thursday",
        "order",
        "place",
        "showpiece",
        "week",
        "form",
        "sam",
        "stosur",
        "osaka",
        "weekend",
        "work",
        "persak",
        "opening",
        "firstround",
        "bye",
        "hardcourt",
        "event",
        "berth",
        "career",
        "meeting",
        "ekaterina",
        "top",
        "vera",
        "zvonareva",
        "win",
        "zakopalova",
        "republic",
        "round",
        "jeremy",
        "chardy",
        "muller",
        "kohlschreiber",
        "germany",
        "janko",
        "tipsarevic",
        "serbia",
        "igor",
        "runnerup",
        "dimitry",
        "tursunov",
        "russian",
        "benneteau",
        "finalist",
        "jarkko",
        "nieminen",
        "world",
        "reischick",
        "argentine",
        "martin",
        "del",
        "potro",
        "grigor",
        "gael",
        "france",
        "bernard",
        "latvias",
        "anastasija",
        "sevastova",
        "halep",
        "dutch",
        "qualifier",
        "bibiane",
        "schoofs",
        "fifth",
        "shock",
        "result",
        "alberta",
        "iveta",
        "benesova"
    ],
    "category": [
        "sport",
        "tennis"
    ]
}