{
    "title": "Comic book hero Tintin\u2019s archaeological escapades",
    "url": "https://edition.cnn.com/2011/10/28/world/europe/tintin-archaeological-escapades/index.html",
    "date": "2011-10-28",
    "keywords": [
        "tintin",
        "herge",
        "world",
        "secret",
        "jeanmarc",
        "book",
        "idol",
        "sun",
        "time",
        "archaeologist",
        "reporter",
        "archaeology",
        "treasure",
        "pharaoh",
        "tomb",
        "end",
        "story",
        "explorer",
        "tintinologist",
        "lofficier",
        "anthropology",
        "day",
        "tradition",
        "travel",
        "storyline",
        "tutankhamun",
        "plot",
        "ear",
        "kind",
        "culture",
        "incas",
        "side",
        "issue",
        "period",
        "captain",
        "flight",
        "boy",
        "belgium",
        "profession",
        "addition",
        "indiana",
        "film",
        "spielberg",
        "comicbook",
        "artist",
        "mind",
        "author",
        "coauthor",
        "pocket",
        "guide",
        "spoke",
        "series",
        "adventure",
        "premise",
        "discovery",
        "howard",
        "carter",
        "appearance",
        "number",
        "egypt",
        "catalog",
        "clich\u00e9s",
        "hunt",
        "museum",
        "ethnography",
        "object",
        "stone",
        "hidden",
        "everyone",
        "pretext",
        "travelogue",
        "contact",
        "journey",
        "sequel",
        "group",
        "illness",
        "inca",
        "peru",
        "curse",
        "friend",
        "professor",
        "calculus",
        "desecration",
        "right",
        "civilization",
        "release",
        "exchange",
        "location",
        "basis",
        "script",
        "loot",
        "century",
        "pirate",
        "half",
        "flashback",
        "haddock",
        "ancestor",
        "sea",
        "rackham",
        "voyage"
    ],
    "category": [
        "world",
        "europe"
    ]
}