{
    "title": "Djokovic extended by Baghdatis to reach Basel semifinals",
    "url": "https://edition.cnn.com/2011/11/04/sport/tennis/tennis-djokovic-federer-delpotro/index.html",
    "date": "2011-11-04",
    "keywords": [
        "federer",
        "baghdatis",
        "potro",
        "place",
        "seed",
        "djokovic",
        "set",
        "roger",
        "roddick",
        "juan",
        "martin",
        "tour",
        "valencia",
        "loss",
        "month",
        "nishikori",
        "win",
        "victory",
        "season",
        "london",
        "champion",
        "story",
        "threeset",
        "cyprus",
        "home",
        "favorite",
        "bid",
        "cnn",
        "opening",
        "friday",
        "tournament",
        "basel",
        "world",
        "no1",
        "time",
        "injury",
        "cup",
        "course",
        "showdown",
        "star",
        "winner",
        "mikhail",
        "kukushkin",
        "evening",
        "session",
        "play",
        "mayer",
        "title",
        "year",
        "doha",
        "partner",
        "beijing",
        "cypriot",
        "service",
        "opener",
        "composure",
        "command",
        "part",
        "semifinal",
        "end",
        "run",
        "tomas",
        "berdych",
        "setback",
        "charge",
        "field",
        "del",
        "beat",
        "number",
        "race",
        "david",
        "ferrer",
        "spain",
        "spot",
        "davydenko",
        "russia"
    ],
    "category": [
        "sport",
        "tennis"
    ]
}