{
    "title": "Italian PM cleared in tax fraud case",
    "url": "https://edition.cnn.com/2011/10/18/world/europe/italy-berlusconi-fraud/index.html",
    "date": "2011-10-18",
    "keywords": [
        "berlusconi",
        "company",
        "silvio",
        "minister",
        "tax",
        "fraud",
        "chairman",
        "son",
        "pier",
        "prosecutor",
        "story",
        "berlusconis",
        "trial",
        "cnn",
        "milan",
        "judge",
        "tuesday",
        "misappropriation",
        "broadcast",
        "mediaset",
        "confalonieri",
        "case",
        "fabio",
        "investigation"
    ],
    "category": [
        "world",
        "europe"
    ]
}