{
    "title": "Vettel fastest in Singapore practice",
    "url": "https://edition.cnn.com/2011/09/23/sport/motorsport/f1-vettel/index.html",
    "date": "2011-09-25",
    "keywords": [
        "vettel",
        "time",
        "title",
        "practice",
        "alonso",
        "championship",
        "victory",
        "night",
        "race",
        "mclaren",
        "season",
        "bull",
        "champion",
        "story",
        "quicker",
        "spain",
        "world",
        "hamiton",
        "britain",
        "cnn",
        "leader",
        "domination",
        "formula",
        "star",
        "f1",
        "task",
        "lap",
        "minute",
        "session",
        "fernando",
        "hamilton",
        "morning",
        "teammate",
        "felipe",
        "massa",
        "podium",
        "success",
        "repeat",
        "track",
        "mark",
        "webber",
        "michael",
        "schumacher",
        "pace",
        "jenson",
        "button",
        "brake",
        "control",
        "day",
        "win",
        "humidity",
        "tire",
        "choice"
    ],
    "category": [
        "sport",
        "motorsport"
    ]
}