{
    "title": "Football: Messi hat-trick powers Barca",
    "url": "https://edition.cnn.com/2011/09/17/sport/football/football-messi/index.html",
    "date": "2011-09-17",
    "keywords": [
        "messi",
        "barcelona",
        "werder",
        "goal",
        "win",
        "form",
        "camp",
        "bundesliga",
        "serie",
        "hattrick",
        "milan",
        "scoring",
        "villa",
        "season",
        "draw",
        "point",
        "striker",
        "side",
        "story",
        "thrash",
        "italys",
        "cnn",
        "lionel",
        "display",
        "football",
        "nou",
        "opposition",
        "helpless",
        "attacking",
        "fluency",
        "spree",
        "cesc",
        "fabregas",
        "front",
        "rodriguez",
        "barca",
        "david",
        "hour",
        "mark",
        "owngoal",
        "ruben",
        "gonzalez",
        "night",
        "fifth",
        "break",
        "interval",
        "xavi",
        "keeper",
        "valencia",
        "cent",
        "start",
        "gijon",
        "soldado",
        "target",
        "sunday",
        "top",
        "goalkeeper",
        "tim",
        "playing",
        "schalke",
        "advantage",
        "foul",
        "eigler",
        "lead",
        "midfielder",
        "mehmet",
        "ekici",
        "wollscheid",
        "nuremberg",
        "half",
        "borussia",
        "moenchengladbach",
        "difference",
        "hamburg",
        "cagliari",
        "thiago",
        "ribeiro",
        "joaquin",
        "time",
        "japan",
        "takayuki",
        "morimoto",
        "consolation",
        "novara",
        "roma",
        "inter",
        "goalless",
        "san",
        "siro"
    ],
    "category": [
        "sport",
        "football"
    ]
}