{
    "title": "McIlroy extends lead at Shanghai Masters",
    "url": "https://edition.cnn.com/2011/10/29/sport/golf/mcilroy-china-third-round/index.html",
    "date": "2011-10-29",
    "keywords": [
        "round",
        "place",
        "par",
        "anthony",
        "kim",
        "poulter",
        "hunter",
        "mahan",
        "mcilroy",
        "champion",
        "story",
        "cnn",
        "rory",
        "lead",
        "shanghai",
        "sevenunder",
        "saturday",
        "bogeyfree",
        "course",
        "america",
        "seungyul",
        "possession",
        "noh",
        "chance",
        "challenge",
        "start",
        "end",
        "day",
        "englishman",
        "twounder",
        "geoff",
        "ogilvy",
        "harrington",
        "ye",
        "yang",
        "shot",
        "john",
        "daly",
        "fiveunder",
        "charl",
        "schwartzel",
        "fiveway",
        "tie"
    ],
    "category": [
        "sport",
        "golf"
    ]
}