{
    "title": "Pope straddles dividing lines in Germany visit",
    "url": "https://edition.cnn.com/2011/09/24/world/europe/germany-pope/index.html",
    "date": "2011-09-24",
    "keywords": [
        "pope",
        "church",
        "benedict",
        "germany",
        "day",
        "freedom",
        "abuse",
        "scandal",
        "saturday",
        "visit",
        "sermon",
        "erfurt",
        "community",
        "speech",
        "youth",
        "region",
        "membership",
        "democracy",
        "clergy",
        "berlin",
        "history",
        "country",
        "east",
        "north",
        "catholic",
        "effort",
        "center",
        "evening",
        "pontiff",
        "wake",
        "sex",
        "friday",
        "statement",
        "protection",
        "case",
        "man",
        "archdiocese",
        "life",
        "cnns",
        "story",
        "loss",
        "morning",
        "god",
        "cnn",
        "west",
        "detail",
        "reception",
        "southwest",
        "world",
        "war",
        "ii",
        "faithful",
        "openair",
        "convention",
        "campus",
        "im",
        "breisgau",
        "event",
        "singing",
        "stage",
        "opening",
        "line",
        "applause",
        "crowd",
        "sea",
        "sentence",
        "light",
        "demure",
        "crowds",
        "quaint",
        "city",
        "solemn",
        "reason",
        "reference",
        "attainment",
        "countrys",
        "fall",
        "regime",
        "dictatorship",
        "republic",
        "gdr",
        "trend",
        "faith",
        "majority",
        "belief",
        "christ",
        "attrition",
        "disenchantment",
        "roman",
        "group",
        "press",
        "office",
        "holy",
        "father",
        "compassion",
        "regret",
        "responsibility",
        "face",
        "america",
        "handling"
    ],
    "category": [
        "world",
        "europe"
    ]
}