{
    "title": "Messi goal marks new era for Argentina as Higuain nets treble",
    "url": "https://edition.cnn.com/2011/10/08/sport/football/football-argentina-messi-higuain/index.html",
    "date": "2011-10-08",
    "keywords": [
        "higuain",
        "home",
        "victory",
        "copa",
        "messi",
        "goal",
        "world",
        "cup",
        "campaign",
        "sabella",
        "striker",
        "jose",
        "argentina",
        "hattrick",
        "costa",
        "rica",
        "start",
        "gonzalo",
        "chile",
        "minute",
        "foot",
        "defeat",
        "paraguay",
        "story",
        "cnn",
        "lionel",
        "drought",
        "coach",
        "alejandro",
        "importance",
        "strike",
        "la",
        "albiceleste",
        "run",
        "kind",
        "maria",
        "sanchez",
        "medel",
        "hour",
        "afp",
        "match",
        "lot",
        "batista",
        "america",
        "soil",
        "july",
        "task",
        "trip",
        "ecuador",
        "friday",
        "player",
        "manuel",
        "rey",
        "card",
        "ayovi",
        "benitez",
        "lead",
        "opening",
        "suarez",
        "edinson",
        "cavani",
        "halftime",
        "defender",
        "captain",
        "lugano",
        "consolation",
        "penalty",
        "runnersup",
        "thirdplace",
        "finish",
        "paolo",
        "guerrero",
        "half",
        "host",
        "uruguay",
        "tuesday",
        "visit",
        "bolivia",
        "place",
        "tournament",
        "beat",
        "neymar",
        "winner",
        "team"
    ],
    "category": [
        "sport",
        "football"
    ]
}