{
    "title": "Guy Fawkes mask inspires Occupy protests around the world",
    "url": "https://edition.cnn.com/2011/11/04/world/europe/guy-fawkes-mask/index.html",
    "date": "2011-11-05",
    "keywords": [
        "mask",
        "guy",
        "parliament",
        "death",
        "man",
        "member",
        "vendetta",
        "london",
        "night",
        "government",
        "establishment",
        "money",
        "v",
        "film",
        "symbol",
        "rebellion",
        "anonymity",
        "march",
        "england",
        "cnn",
        "gunpowder",
        "treason",
        "occupy",
        "hacker",
        "group",
        "grin",
        "anyone",
        "malcolm",
        "catholic",
        "story",
        "protester",
        "fifth",
        "plot",
        "figure",
        "childhood",
        "fun",
        "reason",
        "sinister",
        "plan",
        "alan",
        "moore",
        "revolutionary",
        "regime",
        "protagonist",
        "moustache",
        "goatee",
        "porcelain",
        "background",
        "talisman",
        "generation",
        "wave",
        "disgust",
        "anger",
        "world",
        "oakland",
        "kong",
        "month",
        "greed",
        "inequality",
        "online",
        "church",
        "scientology",
        "founder",
        "assange",
        "rally",
        "cathedral",
        "demonstration",
        "camper",
        "point",
        "protest",
        "fear",
        "retribution",
        "aggression",
        "crown",
        "head",
        "problem",
        "identity",
        "fact",
        "fan",
        "fashion",
        "statement",
        "support",
        "book",
        "part",
        "movement",
        "popularity",
        "year",
        "bit",
        "conundrum",
        "time",
        "warner",
        "amount",
        "company",
        "replica",
        "asia",
        "shop",
        "whitfield",
        "punishment",
        "hung",
        "drawn"
    ],
    "category": [
        "world",
        "europe"
    ]
}