{
    "title": "Chelsea condemn supporters\u2019 chants",
    "url": "https://edition.cnn.com/2011/11/02/sport/football/football-chelsea-terry-ferdinand/index.html",
    "date": "2011-11-02",
    "keywords": [
        "chelsea",
        "ferdinand",
        "terry",
        "game",
        "statement",
        "anton",
        "police",
        "abuse",
        "captain",
        "slur",
        "villasboas",
        "football",
        "chanting",
        "match",
        "john",
        "manager",
        "belgium",
        "incident",
        "england",
        "andre",
        "nothing",
        "issue",
        "comment",
        "inquiry",
        "story",
        "investigation",
        "cnn",
        "team",
        "park",
        "premier",
        "league",
        "insult",
        "fan",
        "video",
        "footage",
        "internet",
        "group",
        "arena",
        "substitute",
        "draw",
        "spokesman",
        "race",
        "claim",
        "postmatch",
        "press",
        "conference",
        "newspaper",
        "telegraph",
        "organization",
        "racism",
        "inequality",
        "anyone",
        "body",
        "competition",
        "jurisdiction",
        "uefa",
        "action",
        "chairman",
        "herman",
        "ouseley",
        "website",
        "duty",
        "obligation",
        "club",
        "conduct",
        "behalf",
        "chant",
        "sunderland",
        "defender",
        "association",
        "monday",
        "messi",
        "hattrick",
        "barca",
        "matter",
        "brother",
        "rio",
        "fairness",
        "fa",
        "subject",
        "qpr",
        "misunderstanding",
        "racist",
        "term",
        "thing",
        "im"
    ],
    "category": [
        "sport",
        "football"
    ]
}