{
    "title": "Hollande is French left\u2019s choice to oppose Sarkozy",
    "url": "https://edition.cnn.com/2011/10/16/world/europe/france-politics/index.html",
    "date": "2011-10-16",
    "keywords": [
        "hollande",
        "party",
        "aubry",
        "round",
        "candidate",
        "president",
        "life",
        "martine",
        "dominique",
        "strausskahn",
        "leader",
        "vote",
        "correze",
        "france",
        "story",
        "winner",
        "youth",
        "sex",
        "presidency",
        "politician",
        "francois",
        "election",
        "vitality",
        "country",
        "cnn",
        "affiliate",
        "bfmtv",
        "monday",
        "mitterrand",
        "adviser",
        "council",
        "department",
        "constitution",
        "union",
        "mayor",
        "city",
        "lille",
        "chief",
        "architect",
        "health",
        "care",
        "coverage",
        "labor",
        "minister",
        "reform",
        "daughter",
        "favorite",
        "rape",
        "york",
        "week",
        "evidence",
        "timing",
        "chair",
        "majority",
        "surprise",
        "antiglobalization",
        "cnns",
        "naima",
        "benallal",
        "report"
    ],
    "category": [
        "world",
        "europe"
    ]
}