{
    "title": "F1 drivers hope to bring joy to Japan",
    "url": "https://edition.cnn.com/2011/10/06/sport/motorsport/motorsport-f1/index.html",
    "date": "2011-10-06",
    "keywords": [
        "japan",
        "vettel",
        "home",
        "formula",
        "world",
        "race",
        "suzuka",
        "march",
        "title",
        "button",
        "country",
        "weekend",
        "support",
        "quake",
        "kobayashi",
        "prix",
        "championship",
        "something",
        "driver",
        "place",
        "time",
        "story",
        "wake",
        "cnn",
        "bigname",
        "desire",
        "sporting",
        "spectacle",
        "motorsport",
        "earthquake",
        "year",
        "tsunami",
        "nation",
        "admiration",
        "f1",
        "brink",
        "stamina",
        "show",
        "spoke",
        "fondness",
        "heart",
        "experience",
        "stage",
        "strength",
        "everyone",
        "luck",
        "fellowbriton",
        "teammate",
        "champion",
        "circuit",
        "season",
        "hamilton",
        "track",
        "way",
        "lap",
        "thrill",
        "car",
        "kamui",
        "racer",
        "grid",
        "sauber",
        "prospect",
        "front",
        "crowd"
    ],
    "category": [
        "sport",
        "motorsport"
    ]
}