{
    "title": "Soccer player honors dead son with goal",
    "url": "https://edition.cnn.com/2011/11/02/sport/football/sharp-son-tribute/index.html",
    "date": "2011-11-02",
    "keywords": [
        "goal",
        "son",
        "tonight",
        "tshirt",
        "family",
        "match",
        "luey",
        "something",
        "boy",
        "minute",
        "applause",
        "jacob",
        "sleep",
        "twitter",
        "team",
        "life",
        "support",
        "story",
        "london",
        "soccer",
        "player",
        "career",
        "shot",
        "memory",
        "jersey",
        "brave",
        "boyim",
        "himand",
        "mum",
        "card",
        "message",
        "deadman",
        "sharps",
        "doncaster",
        "field",
        "captain",
        "night",
        "announcer",
        "tribute",
        "side",
        "honor",
        "meant",
        "youve",
        "nation",
        "football",
        "ben",
        "wainwright",
        "wife",
        "love",
        "daddy",
        "proud",
        "angel"
    ],
    "category": [
        "sport",
        "football"
    ]
}