{
    "title": "Europe have narrow lead after Solheim first day",
    "url": "https://edition.cnn.com/2011/09/23/sport/golf/golf-solheim/index.html",
    "date": "2011-09-30",
    "keywords": [
        "putt",
        "lead",
        "gustafson",
        "birdie",
        "cup",
        "morning",
        "europe",
        "afternoon",
        "win",
        "point",
        "day",
        "ireland",
        "paula",
        "creamer",
        "pettersen",
        "champion",
        "reid",
        "hole",
        "winning",
        "team",
        "world",
        "no2",
        "story",
        "session",
        "pull",
        "star",
        "rally",
        "slender",
        "onepoint",
        "friday",
        "opening",
        "threetime",
        "golf",
        "club",
        "county",
        "meath",
        "role",
        "lincicome",
        "repeat",
        "act",
        "pressel",
        "laura",
        "partner",
        "solheim",
        "sorenstam",
        "alltime",
        "scorer",
        "competition",
        "mood",
        "green",
        "nordqvist",
        "wie",
        "effort",
        "veteran",
        "hedwall",
        "hurst",
        "catriona",
        "form",
        "munoz",
        "gal",
        "germany",
        "christina",
        "kim",
        "rookie",
        "otoole"
    ],
    "category": [
        "sport",
        "golf"
    ]
}