{
    "title": "Parents of woman missing at sea demand new cruise laws",
    "url": "https://edition.cnn.com/2011/10/07/world/europe/missing-at-sea/index.html",
    "date": "2011-10-07",
    "keywords": [
        "cruise",
        "ship",
        "disney",
        "coriam",
        "law",
        "police",
        "investigation",
        "disappearance",
        "country",
        "year",
        "call",
        "daughter",
        "bahamas",
        "family",
        "march",
        "europe",
        "cnn",
        "phonecall",
        "wonder",
        "coast",
        "california",
        "maritime",
        "mike",
        "evidence",
        "line",
        "story",
        "sea",
        "london",
        "worker",
        "rebecca",
        "one",
        "trace",
        "idea",
        "board",
        "world",
        "take",
        "association",
        "case",
        "ann",
        "enforcement",
        "coriams",
        "footage",
        "phone",
        "morning",
        "piece",
        "theyve",
        "day",
        "officer",
        "town",
        "interview",
        "extent",
        "superintendent",
        "paul",
        "rolle",
        "newspaper",
        "mail",
        "touch",
        "comment",
        "information",
        "rebeccas",
        "fbi",
        "regardless",
        "president",
        "barack",
        "obama",
        "uk",
        "minister",
        "penning",
        "issue",
        "organization",
        "progress",
        "time",
        "spokeswoman",
        "everything",
        "addition",
        "everyone",
        "contact",
        "way",
        "culture",
        "lack",
        "action",
        "news",
        "company",
        "cunard",
        "support",
        "trauma",
        "weve"
    ],
    "category": [
        "world",
        "europe"
    ]
}