{
    "title": "Pedrosa heads shortened Aragon practice",
    "url": "https://edition.cnn.com/2011/09/16/sport/motorsport/motorsport-motogp-aragon-practice/index.html",
    "date": "2011-09-16",
    "keywords": [
        "practice",
        "pedrosa",
        "aragon",
        "session",
        "season",
        "world",
        "championship",
        "time",
        "prix",
        "power",
        "cut",
        "jorge",
        "casey",
        "stoner",
        "track",
        "story",
        "lorenzo",
        "cnn",
        "dani",
        "opening",
        "race",
        "spain",
        "action",
        "lap",
        "minute",
        "circuit",
        "result",
        "order",
        "round",
        "yamaha",
        "rider",
        "leader",
        "board",
        "honda",
        "start",
        "shoulder",
        "injury",
        "surgery",
        "april",
        "spaniard",
        "form",
        "second",
        "position",
        "lead",
        "champion",
        "marco",
        "simoncelli",
        "town",
        "alcaniz",
        "compatriot",
        "andrea",
        "dovizioso",
        "fifth",
        "debut",
        "venue",
        "replacement"
    ],
    "category": [
        "sport",
        "motorsport"
    ]
}