{
    "title": "Football: Real shocked by Levante",
    "url": "https://edition.cnn.com/2011/09/18/sport/football/euro-roundup/index.html",
    "date": "2011-09-18",
    "keywords": [
        "defeat",
        "win",
        "half",
        "kone",
        "sunday",
        "goal",
        "la",
        "bayern",
        "top",
        "bundesliga",
        "schalke",
        "shock",
        "story",
        "slip",
        "levante",
        "sami",
        "winner",
        "juventus",
        "serie",
        "cnn",
        "madrid",
        "match",
        "eightgoal",
        "show",
        "task",
        "harder",
        "dismissal",
        "khedira",
        "card",
        "kaka",
        "chance",
        "benzema",
        "danger",
        "threat",
        "mourinho",
        "cent",
        "record",
        "stake",
        "star",
        "impression",
        "ball",
        "home",
        "minute",
        "game",
        "point",
        "barcelona",
        "adrift",
        "liga",
        "germany",
        "munichs",
        "werder",
        "signing",
        "petersen",
        "midfielder",
        "thomas",
        "mueller",
        "royal",
        "dortmund",
        "loss",
        "kagawa",
        "hour",
        "mark",
        "hanover",
        "captain",
        "haggui",
        "ya",
        "konan",
        "italys",
        "stadio",
        "friuli",
        "antonio",
        "penalty",
        "mauricio",
        "isla"
    ],
    "category": [
        "sport",
        "football"
    ]
}