{
    "title": "Relieved Radwanska secures final WTA Championships place",
    "url": "https://edition.cnn.com/2011/10/21/sport/tennis/tennis-radwanska-championship-bartoli/index.html",
    "date": "2011-10-21",
    "keywords": [
        "seed",
        "radwanska",
        "bartoli",
        "vera",
        "zvonareva",
        "cibulkova",
        "tournament",
        "event",
        "safarova",
        "champion",
        "beat",
        "spot",
        "marion",
        "moscow",
        "cup",
        "place",
        "field",
        "week",
        "round",
        "title",
        "home",
        "match",
        "chance",
        "season",
        "top",
        "azarenka",
        "world",
        "winner",
        "raonic",
        "injury",
        "story",
        "illness",
        "performance",
        "kremlin",
        "exit",
        "claim",
        "friday",
        "hope",
        "vesnina",
        "infection",
        "japan",
        "weekend",
        "pervak",
        "secondround",
        "thursday",
        "backtoback",
        "pan",
        "pacific",
        "tokyo",
        "china",
        "opener",
        "capital",
        "endofseason",
        "finale",
        "turkey",
        "couple",
        "agnieszka",
        "im",
        "istanbul",
        "samantha",
        "stosur",
        "action",
        "favorite",
        "kanepi",
        "svetlana",
        "twotime",
        "slam",
        "belarus",
        "iveta",
        "anastasija",
        "sevastova",
        "opening",
        "anne",
        "keothavong",
        "run",
        "dutch",
        "debutant",
        "bibiane",
        "number",
        "ana",
        "ivanovic",
        "niculescu",
        "year",
        "janko",
        "tipsarevic",
        "nikolay",
        "davydenko",
        "dimitry",
        "overcame",
        "germanys",
        "michael",
        "viktor",
        "troicki",
        "struggle",
        "bogomolov",
        "jr",
        "clash",
        "chardy",
        "kohlschreiber",
        "gael"
    ],
    "category": [
        "sport",
        "tennis"
    ]
}