{
    "title": "Ambitious McIlroy quits Chubby\u2019s champion stable",
    "url": "https://edition.cnn.com/2011/10/21/sport/golf/golf-mcilroy-chandler-garcia/index.html",
    "date": "2011-10-21",
    "keywords": [
        "mcilroy",
        "chubby",
        "champion",
        "success",
        "management",
        "team",
        "world",
        "horizon",
        "role",
        "rory",
        "manager",
        "chandler",
        "graeme",
        "company",
        "agency",
        "sergio",
        "garcia",
        "lead",
        "stage",
        "year",
        "career",
        "friday",
        "tour",
        "statement",
        "date",
        "ism",
        "club",
        "story",
        "association",
        "mcdowell",
        "halfway",
        "golf",
        "tiger",
        "level",
        "lee",
        "westwood",
        "schwartzel",
        "darren",
        "clarke",
        "view",
        "structure",
        "therefore",
        "guidance",
        "representation",
        "progress",
        "bestfinishing",
        "amateur",
        "honour",
        "pride",
        "golfer",
        "figure",
        "contention",
        "title",
        "home",
        "course",
        "castello",
        "spaniard",
        "shot",
        "eightunderpar",
        "round",
        "mediterraneo",
        "child",
        "score",
        "leader",
        "ross",
        "bit",
        "time",
        "draw",
        "play",
        "weekend",
        "ill",
        "afternoon",
        "alex"
    ],
    "category": [
        "sport",
        "golf"
    ]
}