{
    "title": "Baddeley and Mahan lead Tour Championship after third round",
    "url": "https://edition.cnn.com/2011/09/25/sport/golf/tour-champs/index.html",
    "date": "2011-09-25",
    "keywords": [
        "baddeley",
        "championship",
        "round",
        "donald",
        "fedex",
        "cup",
        "front",
        "jason",
        "day",
        "world",
        "luke",
        "mahan",
        "sixunder",
        "prize",
        "hole",
        "run",
        "tomorrow",
        "phil",
        "mickelson",
        "story",
        "atlanta",
        "sixunderpar",
        "share",
        "no1",
        "chase",
        "cnn",
        "aaron",
        "superb",
        "event",
        "pga",
        "winner",
        "series",
        "place",
        "wildcard",
        "pick",
        "team",
        "motivator",
        "nod",
        "captain",
        "greg",
        "norman",
        "parfour",
        "saturday",
        "number",
        "england",
        "shot",
        "adrift",
        "bill",
        "star",
        "chance",
        "threeunder",
        "simpson",
        "tie",
        "oneunder",
        "sunday"
    ],
    "category": [
        "sport",
        "golf"
    ]
}