{
    "title": "Official: Greece\u2019s next prime minister to be announced Tuesday",
    "url": "https://edition.cnn.com/2011/11/07/world/europe/greece-main/index.html",
    "date": "2011-11-07",
    "keywords": [
        "minister",
        "finance",
        "government",
        "greece",
        "situation",
        "meeting",
        "monday",
        "commitment",
        "program",
        "papandreou",
        "spokesman",
        "austerity",
        "venizelos",
        "debt",
        "crisis",
        "focus",
        "union",
        "eu",
        "bailout",
        "euro",
        "president",
        "juncker",
        "italys",
        "italy",
        "story",
        "replacement",
        "announcement",
        "proof",
        "cnn",
        "george",
        "outcome",
        "end",
        "tuesday",
        "mosialos",
        "weekend",
        "cause",
        "optimism",
        "week",
        "frame",
        "shuffle",
        "fund",
        "intention",
        "group",
        "jeanclaude",
        "currency",
        "importance",
        "crossparty",
        "support",
        "home",
        "banking",
        "context",
        "letter",
        "coalition",
        "karolos",
        "papoulias",
        "leader",
        "pasok",
        "party",
        "post",
        "month",
        "formation",
        "chapter",
        "saga",
        "lightning",
        "rod",
        "leadership",
        "nation",
        "product",
        "influence",
        "default",
        "spain",
        "portugal",
        "ireland",
        "wolfgang",
        "level",
        "concern",
        "nervousness",
        "plethora",
        "state",
        "october",
        "wherewithal",
        "trust",
        "implementation",
        "growth",
        "job",
        "creation",
        "olli",
        "rehn",
        "information",
        "consolidation",
        "statutory",
        "commission",
        "staff",
        "turmoil",
        "cnns",
        "jim",
        "boulden",
        "chance",
        "messia",
        "rome"
    ],
    "category": [
        "world",
        "europe"
    ]
}