{
    "title": "Juventus beat champions AC Milan to top Serie A",
    "url": "https://edition.cnn.com/2011/10/02/sport/football/euro-roundup/index.html",
    "date": "2011-10-02",
    "keywords": [
        "win",
        "top",
        "serie",
        "milan",
        "claudio",
        "marchisio",
        "huub",
        "coach",
        "bundesliga",
        "juventus",
        "time",
        "goal",
        "point",
        "huntelaar",
        "hanover",
        "story",
        "juve",
        "cnn",
        "sunday",
        "game",
        "turin",
        "draw",
        "second",
        "defeat",
        "campaign",
        "number",
        "deadlock",
        "clock",
        "breakthrough",
        "onetwo",
        "vucinic",
        "bonera",
        "ball",
        "foot",
        "injury",
        "beat",
        "abbiati",
        "range",
        "strike",
        "goalkeeper",
        "pace",
        "benatia",
        "lead",
        "natale",
        "penalty",
        "spot",
        "pablo",
        "armero",
        "behind",
        "inter",
        "saturday",
        "start",
        "schalke",
        "hamburg",
        "klaas",
        "jan",
        "scoring",
        "petric",
        "break",
        "ace",
        "winner",
        "match",
        "bid",
        "munich",
        "table",
        "hattrick",
        "pizarro"
    ],
    "category": [
        "sport",
        "football"
    ]
}