{
    "title": "European team fight back against Britain and Ireland",
    "url": "https://edition.cnn.com/2011/09/16/sport/golf/golf-vivendi-seve-trophy/index.html",
    "date": "2011-09-16",
    "keywords": [
        "day",
        "britain",
        "team",
        "ireland",
        "point",
        "europe",
        "trophy",
        "opening",
        "pair",
        "world",
        "end",
        "intensity",
        "commitment",
        "none",
        "game",
        "van",
        "skipper",
        "story",
        "vivendi",
        "tournament",
        "cnn",
        "lead",
        "videndi",
        "paris",
        "event",
        "comeback",
        "match",
        "peter",
        "hanson",
        "poulter",
        "robert",
        "rock",
        "thomas",
        "bjorn",
        "raphael",
        "jacquelin",
        "half",
        "dyson",
        "jamie",
        "donaldson",
        "matteo",
        "manassero",
        "fisher",
        "scott",
        "jamieson",
        "number",
        "westwood",
        "mark",
        "foster",
        "francesco",
        "success",
        "pablo",
        "larrazabal",
        "miguel",
        "angel",
        "jimenez",
        "david",
        "horsey",
        "matchup",
        "reaction",
        "paul",
        "mcginley",
        "today",
        "result",
        "one",
        "golf",
        "yesterday"
    ],
    "category": [
        "sport",
        "golf"
    ]
}