{
    "title": "Euro 2012 playoff seeds announced",
    "url": "https://edition.cnn.com/2011/10/12/sport/football/football-euro-2012-playoffs/index.html",
    "date": "2011-10-12",
    "keywords": [
        "euro",
        "republic",
        "draw",
        "ireland",
        "czech",
        "estonia",
        "herzegovina",
        "tournament",
        "story",
        "croatia",
        "cnn",
        "uefa",
        "round",
        "giovanni",
        "trapattonis",
        "runnersup",
        "turkey",
        "soccer",
        "montenegro",
        "bosnia",
        "denmark",
        "seal",
        "spot",
        "playoff",
        "capital",
        "kiev",
        "thursday",
        "championship",
        "poland"
    ],
    "category": [
        "sport",
        "football"
    ]
}