{
    "title": "Motorsport: Stoner claims eighth win",
    "url": "https://edition.cnn.com/2011/09/18/sport/motorsport/motorgp-stoner/index.html",
    "date": "2011-09-18",
    "keywords": [
        "lorenzo",
        "title",
        "season",
        "stoner",
        "world",
        "motogp",
        "win",
        "honda",
        "prix",
        "aragon",
        "champion",
        "jorge",
        "place",
        "spain",
        "pole",
        "front",
        "ducati",
        "story",
        "star",
        "victory",
        "cnn",
        "casey",
        "step",
        "repsol",
        "line",
        "eighth",
        "teammate",
        "dani",
        "pedrosa",
        "motorland",
        "circuit",
        "yamaha",
        "round",
        "marino",
        "time",
        "start",
        "bike",
        "weekend",
        "race",
        "gap",
        "podium",
        "position",
        "championship",
        "thing",
        "hope",
        "simoncelli",
        "ben",
        "fifth",
        "simoncellis",
        "andrea",
        "dovizioso",
        "lap",
        "valentino",
        "rossi",
        "home",
        "pair",
        "marquez",
        "moto2"
    ],
    "category": [
        "sport",
        "motorsport"
    ]
}