{
    "title": "Prosecutor asks for charges against France\u2019s Jacques Chirac to be dropped",
    "url": "https://edition.cnn.com/2011/09/20/world/europe/france-chirac/index.html",
    "date": "2011-09-20",
    "keywords": [
        "chirac",
        "president",
        "paris",
        "mayor",
        "verdict",
        "prosecutor",
        "corruption",
        "judge",
        "case",
        "wrongdoing",
        "story",
        "city",
        "cnn",
        "sylvie",
        "polack",
        "misuse",
        "immunity",
        "prosecution",
        "france",
        "money",
        "party",
        "rpr",
        "aspect",
        "offense",
        "michel",
        "maes",
        "aide",
        "end",
        "year",
        "courthouse",
        "press",
        "representative",
        "minister",
        "alain",
        "juppe",
        "december",
        "role",
        "affair",
        "office",
        "matter"
    ],
    "category": [
        "world",
        "europe"
    ]
}