{
    "title": "Djokovic eases through to Swiss quarters",
    "url": "https://edition.cnn.com/2011/11/03/sport/tennis/tennis-djokovic-basel/index.html",
    "date": "2011-11-03",
    "keywords": [
        "world",
        "djokovic",
        "event",
        "number",
        "today",
        "match",
        "im",
        "tsonga",
        "indoor",
        "kubot",
        "seed",
        "surprise",
        "defeat",
        "valencia",
        "novak",
        "basel",
        "court",
        "rhythm",
        "game",
        "mayer",
        "shanghai",
        "tour",
        "story",
        "cnn",
        "hour",
        "tournament",
        "form",
        "straightforward",
        "success",
        "no64",
        "opponent",
        "goal",
        "performance",
        "try",
        "tomorrow",
        "percent",
        "dont",
        "week",
        "serve",
        "roger",
        "federer",
        "cypriot",
        "baghdatis",
        "place",
        "ljubicic",
        "spot",
        "inform",
        "nadal",
        "win",
        "confidence",
        "anyone",
        "kukushkin",
        "beat",
        "frenchman",
        "round",
        "qualification",
        "sam",
        "querrey",
        "chance",
        "berdych",
        "climax",
        "season",
        "london",
        "month",
        "paris"
    ],
    "category": [
        "sport",
        "tennis"
    ]
}