{
    "title": "Elephant-poo power electrifies zoo",
    "url": "https://edition.cnn.com/2011/10/10/world/europe/elephant-dung-biogas-munich/index.html",
    "date": "2011-10-11",
    "keywords": [
        "energy",
        "zoo",
        "electricity",
        "dung",
        "biogas",
        "waste",
        "forster",
        "animal",
        "germany",
        "power",
        "water",
        "methane",
        "balloon",
        "heat",
        "time",
        "food",
        "lot",
        "geraint",
        "centre",
        "year",
        "story",
        "cnn",
        "courtship",
        "mongoose",
        "morning",
        "song",
        "scarlet",
        "ibis",
        "munich",
        "fuel",
        "worth",
        "environment",
        "carbon",
        "dioxide",
        "ceiling",
        "hut",
        "roof",
        "park",
        "supervisor",
        "dominik",
        "engine",
        "zeppelin",
        "gorilla",
        "enclosure",
        "fermentation",
        "process",
        "matter",
        "digestate",
        "fertilizer",
        "feedstock",
        "anything",
        "way",
        "mature",
        "elephant",
        "fruit",
        "day",
        "mountain",
        "stuff",
        "drop",
        "ocean",
        "population",
        "world",
        "problem",
        "relative",
        "size",
        "head",
        "feed",
        "generator",
        "stage",
        "project",
        "mindset",
        "dependence",
        "source",
        "emblematic",
        "approach",
        "spirit",
        "top"
    ],
    "category": [
        "world",
        "europe"
    ]
}