{
    "title": "McLaren 1-2 in wet Korea practice ahead of 700th race",
    "url": "https://edition.cnn.com/2011/10/14/sport/motorsport/motorsport-f1-hamilton-mclaren/index.html",
    "date": "2011-10-14",
    "keywords": [
        "prix",
        "world",
        "champion",
        "vettel",
        "whitmarsh",
        "hamilton",
        "button",
        "race",
        "formula",
        "rosberg",
        "session",
        "driver",
        "practice",
        "jaime",
        "alguersuari",
        "manner",
        "jenson",
        "team",
        "milestone",
        "suzuka",
        "time",
        "circuit",
        "story",
        "collision",
        "weekend",
        "duo",
        "field",
        "second",
        "yeongam",
        "year",
        "lap",
        "minute",
        "track",
        "thirdplace",
        "finish",
        "german",
        "pace",
        "position",
        "fernando",
        "alonso",
        "record",
        "mark",
        "webber",
        "title",
        "bs",
        "riddel",
        "job",
        "video",
        "car",
        "principal",
        "martin",
        "marque",
        "week",
        "victory",
        "website",
        "something",
        "business",
        "achievement",
        "brand",
        "focus",
        "glory",
        "opportunity",
        "course",
        "win",
        "trouble",
        "backtoback",
        "toro",
        "rosso",
        "pit",
        "office",
        "place",
        "season",
        "sunday"
    ],
    "category": [
        "sport",
        "motorsport"
    ]
}