{
    "title": "Superb Murray fights back to beat Nadal in final",
    "url": "https://edition.cnn.com/2011/10/09/sport/tennis/tennis-murray-nadal-japan/index.html",
    "date": "2011-10-09",
    "keywords": [
        "murray",
        "set",
        "nadal",
        "seed",
        "title",
        "japan",
        "win",
        "world",
        "number",
        "form",
        "champion",
        "opponent",
        "success",
        "china",
        "shanghai",
        "berdych",
        "career",
        "story",
        "run",
        "cnn",
        "andy",
        "end",
        "season",
        "rafael",
        "tokyo",
        "course",
        "loss",
        "spaniard",
        "opening",
        "style",
        "decider",
        "defeat",
        "time",
        "gap",
        "roger",
        "federer",
        "tournament",
        "tour",
        "website",
        "cincinnati",
        "goal",
        "target",
        "year",
        "tennis",
        "rafa",
        "past",
        "day",
        "serve",
        "lot",
        "tomas",
        "croat",
        "clay",
        "radwanska",
        "poland",
        "overcame",
        "hiccup",
        "petkovic",
        "germany"
    ],
    "category": [
        "sport",
        "tennis"
    ]
}