{
    "title": "New professional Lewis secures stunning victory in Portugal",
    "url": "https://edition.cnn.com/2011/10/16/sport/golf/golf-portugal-lewis-wins/index.html",
    "date": "2011-10-16",
    "keywords": [
        "lewis",
        "event",
        "shot",
        "world",
        "number",
        "vilamoura",
        "career",
        "leader",
        "rafael",
        "cabrerabello",
        "spain",
        "westwood",
        "china",
        "year",
        "victory",
        "tour",
        "golf",
        "story",
        "lee",
        "cnn",
        "tom",
        "amateur",
        "round",
        "portugal",
        "glittering",
        "title",
        "pack",
        "prominence",
        "sandwich",
        "part",
        "britain",
        "ireland",
        "walker",
        "side",
        "appearance",
        "third",
        "run",
        "clubhouse",
        "target",
        "website",
        "school",
        "end",
        "im",
        "performance",
        "garden",
        "city",
        "club",
        "winner",
        "faldo",
        "felipe",
        "george",
        "coetzee",
        "gregory",
        "havret",
        "david",
        "lynn",
        "nilsson",
        "martin",
        "kaymer",
        "bjorn",
        "group",
        "challenge",
        "tournament",
        "field",
        "beat",
        "home",
        "player",
        "liang",
        "wenchong",
        "playoff",
        "macau",
        "birdie",
        "putt",
        "death",
        "hole",
        "total",
        "twounderpar",
        "poulter",
        "rory",
        "champion",
        "sixoverpar"
    ],
    "category": [
        "sport",
        "golf"
    ]
}