{
    "title": "Manchester City forced to reduce fine handed down to Tevez",
    "url": "https://edition.cnn.com/2011/10/28/sport/football/tevez-pfa-fine-manchester/index.html",
    "date": "2011-10-28",
    "keywords": [
        "city",
        "tevez",
        "pfa",
        "fine",
        "club",
        "manchester",
        "conflict",
        "interest",
        "game",
        "decision",
        "contract",
        "premier",
        "league",
        "substitute",
        "striker",
        "statement",
        "evident",
        "process",
        "carlos",
        "dialogue",
        "september",
        "incident",
        "story",
        "association",
        "week",
        "involvement",
        "case",
        "cnn",
        "move",
        "refusal",
        "bayern",
        "germany",
        "union",
        "england",
        "site",
        "executive",
        "departure",
        "understanding",
        "recourse",
        "player",
        "relation",
        "misconduct",
        "row",
        "manager",
        "roberto",
        "mancini",
        "touchline",
        "italian",
        "misunderstanding",
        "absence",
        "point",
        "lead",
        "top",
        "win",
        "weekend",
        "saturday"
    ],
    "category": [
        "sport",
        "football"
    ]
}