{
    "title": "Greek PM to see president amid crisis",
    "url": "https://edition.cnn.com/2011/11/03/world/europe/france-g-20/index.html",
    "date": "2011-11-08",
    "keywords": [
        "greece",
        "referendum",
        "euro",
        "papandreou",
        "zone",
        "deal",
        "sarkozy",
        "debt",
        "bailout",
        "video",
        "country",
        "plan",
        "government",
        "president",
        "uncertainty",
        "wednesday",
        "vote",
        "minister",
        "way",
        "threat",
        "cabinet",
        "crisis",
        "currency",
        "surprise",
        "tranche",
        "story",
        "leader",
        "opposition",
        "finance",
        "expert",
        "emergency",
        "meeting",
        "office",
        "thursday",
        "europe",
        "morning",
        "france",
        "germany",
        "week",
        "merkel",
        "summit",
        "countrys",
        "velshi",
        "g20",
        "boulden",
        "partner",
        "stake",
        "cnn",
        "george",
        "antonis",
        "coalition",
        "stage",
        "papandreau",
        "chancellor",
        "angela",
        "world",
        "announcement",
        "future",
        "wr",
        "statements_00003719",
        "pulse",
        "people_00002820",
        "greeks",
        "bpr",
        "wbt",
        "referendum_00011812",
        "eu",
        "anxiety_00021127",
        "exit",
        "evangelos",
        "venizelos",
        "statement",
        "position",
        "resort",
        "town",
        "coast",
        "optimism",
        "austerity",
        "membership",
        "club",
        "wording",
        "yes",
        "confidence",
        "parliament",
        "friday",
        "fate",
        "battle",
        "process",
        "fund",
        "total",
        "withholding",
        "everything",
        "vassileva",
        "icu",
        "stuns",
        "china",
        "rescue",
        "andersongreecedebtfmintv_00031511",
        "fm",
        "bouldengreecebailoutvote_00015127"
    ],
    "category": [
        "world",
        "europe"
    ]
}