{
    "title": "The New Musketeers: France\u2019s fantastic four bid for Davis Cup glory",
    "url": "https://edition.cnn.com/2011/09/16/sport/tennis/tennis-france-musketeers-davis-cup/index.html",
    "date": "2011-09-20",
    "keywords": [
        "tennis",
        "france",
        "cup",
        "gasquet",
        "world",
        "lacoste",
        "slam",
        "father",
        "year",
        "richard",
        "tsonga",
        "player",
        "borotra",
        "brugnon",
        "spain",
        "federer",
        "davis",
        "career",
        "ball",
        "tour",
        "row",
        "gael",
        "henri",
        "fame",
        "rene",
        "decade",
        "competition",
        "roland",
        "paris",
        "victory",
        "triumph",
        "title",
        "noah",
        "group",
        "history",
        "wimbledon",
        "foursome",
        "age",
        "basque",
        "pressure",
        "passion",
        "everybody",
        "something",
        "simon",
        "baseline",
        "story",
        "toto",
        "cnn",
        "fortune",
        "europe",
        "era",
        "style",
        "quartet",
        "mark",
        "power",
        "sport",
        "film",
        "version",
        "alexandre",
        "dumas",
        "supremacy",
        "venue",
        "defense",
        "philadelphia",
        "trophy",
        "demise",
        "frenchman",
        "newspaper",
        "lequipe",
        "place",
        "weekend",
        "home",
        "nation",
        "no1s",
        "predecessor",
        "rafael",
        "nadal",
        "bid",
        "decider",
        "rematch",
        "dream",
        "court",
        "serb",
        "york",
        "allaction",
        "clay",
        "cordoba",
        "injury",
        "secondround",
        "exit",
        "step",
        "way",
        "fashion",
        "label",
        "steel",
        "racket",
        "family",
        "journalist",
        "bud",
        "love"
    ],
    "category": [
        "sport",
        "tennis"
    ]
}