{
    "title": "Tiger talks up title chances after making cut in PGA Tour comeback",
    "url": "https://edition.cnn.com/2011/10/08/sport/golf/golf-tiger-woods-casey/index.html",
    "date": "2011-10-08",
    "keywords": [
        "tiger",
        "time",
        "saturday",
        "shot",
        "golf",
        "weekend",
        "lead",
        "halfway",
        "career",
        "ernie",
        "casey",
        "title",
        "friday",
        "event",
        "period",
        "cut",
        "tournament",
        "home",
        "story",
        "pga",
        "round",
        "second",
        "cnn",
        "contention",
        "winner",
        "openinground",
        "fryscom",
        "california",
        "august",
        "rest",
        "field",
        "world",
        "leader",
        "paul",
        "england",
        "told",
        "sponsor",
        "scandal",
        "coach",
        "foley",
        "caddy",
        "joe",
        "lacava",
        "month",
        "fall",
        "season",
        "pretty",
        "youre",
        "implementing",
        "nice",
        "right",
        "havent",
        "sean",
        "progression",
        "youve",
        "range",
        "course",
        "stretch",
        "cauley",
        "sevenunder",
        "veteran",
        "club",
        "martin",
        "australias",
        "troy",
        "matteson",
        "baird"
    ],
    "category": [
        "sport",
        "golf"
    ]
}