{
    "title": "Man Utd. squeeze past Otelul Galati",
    "url": "https://edition.cnn.com/2011/10/18/sport/football/football-manchester-united-romania/index.html",
    "date": "2011-10-18",
    "keywords": [
        "side",
        "rooney",
        "manchester",
        "city",
        "galati",
        "card",
        "group",
        "victory",
        "league",
        "game",
        "life",
        "half",
        "penalty",
        "ferguson",
        "goal",
        "time",
        "milan",
        "match",
        "story",
        "beat",
        "man",
        "season",
        "madrid",
        "minute",
        "winner",
        "cnn",
        "otelul",
        "stadium",
        "bucharest",
        "period",
        "burst",
        "string",
        "handball",
        "defender",
        "sergiu",
        "costin",
        "spot",
        "relief",
        "center",
        "vidic",
        "tackle",
        "gabriel",
        "giurgiu",
        "supremacy",
        "count",
        "punosevic",
        "target",
        "found",
        "front",
        "perendija",
        "deep",
        "injury",
        "box",
        "performance",
        "switzerland",
        "penetration",
        "coach",
        "wayne",
        "composure",
        "foot",
        "context",
        "interpretation",
        "referee",
        "premier",
        "villarreal",
        "ruben",
        "cani",
        "aguero",
        "kick",
        "start",
        "campaign",
        "benzema",
        "club",
        "khedira",
        "mesut",
        "ozil",
        "sergio",
        "ramos",
        "rout",
        "round",
        "boost",
        "dinamo",
        "zagreb",
        "croatia",
        "b",
        "hand",
        "inter",
        "lille",
        "road",
        "giampaolo",
        "pazzini",
        "strike",
        "moscow",
        "trabzonspor",
        "top",
        "bottom",
        "way",
        "stage"
    ],
    "category": [
        "sport",
        "football"
    ]
}