{
    "title": "Nobel committee to award peace prize",
    "url": "https://edition.cnn.com/2011/10/07/world/europe/norway-nobel-peace-prize/index.html",
    "date": "2011-10-07",
    "keywords": [
        "prize",
        "peace",
        "committee",
        "university",
        "winner",
        "award",
        "scientist",
        "world",
        "nobel",
        "record",
        "inventor",
        "morning",
        "year",
        "information",
        "dissident",
        "chemistry",
        "physiology",
        "transtromer",
        "academy",
        "discovery",
        "watch",
        "webcast",
        "announcement",
        "story",
        "dynamite",
        "oslo",
        "number",
        "website",
        "assange",
        "publication",
        "iraq",
        "afghanistan",
        "google",
        "executive",
        "change",
        "blogger",
        "lina",
        "ben",
        "mhenni",
        "regime",
        "abdel",
        "fattah",
        "movement",
        "role",
        "head",
        "commission",
        "trailblazer",
        "chancellor",
        "helmut",
        "oswaldo",
        "payas",
        "sardinas",
        "bin",
        "advocate",
        "dialogue",
        "organization",
        "shot",
        "group",
        "fight",
        "persecution",
        "war",
        "liu",
        "activist",
        "critic",
        "rule",
        "china",
        "prison",
        "term",
        "government",
        "subversion",
        "state",
        "power",
        "president",
        "barack",
        "obama",
        "diplomacy",
        "cooperation",
        "medicine",
        "week",
        "poet",
        "tomas",
        "literature",
        "thursday",
        "translucent",
        "access",
        "reality",
        "daniel",
        "shechtman",
        "professor",
        "institute",
        "technology",
        "perlmutter",
        "lawrence",
        "laboratory",
        "california",
        "berkeley",
        "p",
        "schmidt",
        "g",
        "riess"
    ],
    "category": [
        "world",
        "europe"
    ]
}