{
    "title": "Russian army stops buying Kalashnikov rifles",
    "url": "https://edition.cnn.com/2011/09/29/world/europe/russia-kalashnikov/index.html",
    "date": "2011-10-11",
    "keywords": [
        "weapon",
        "kalashnikov",
        "rifle",
        "army",
        "simplicity",
        "reliability",
        "russia",
        "machine",
        "gun",
        "story",
        "model",
        "choice",
        "operation",
        "mikhail",
        "manufacturer",
        "ak47",
        "kalashnikovs",
        "arsenal",
        "chief",
        "staff",
        "nikolai",
        "makarov",
        "inventor",
        "decision",
        "conscience",
        "news",
        "newspaper",
        "friend",
        "maintenance",
        "wet",
        "sandy",
        "ammunition",
        "magazine",
        "ak",
        "acronym",
        "standing",
        "year",
        "guinness",
        "world",
        "book",
        "movement",
        "image",
        "flag",
        "part",
        "zimbabwes",
        "coat",
        "cnn",
        "crew",
        "excursion",
        "izhmash",
        "assembly",
        "plant",
        "city",
        "izhevsk",
        "doesnt",
        "university",
        "simple",
        "matter",
        "combat",
        "situation",
        "time",
        "press",
        "enemy",
        "day",
        "akin",
        "holiday",
        "president",
        "dmitry",
        "medvedev",
        "countrys",
        "order",
        "hero",
        "cnns",
        "maxim",
        "tkachenko",
        "mike",
        "sefanov"
    ],
    "category": [
        "world",
        "europe"
    ]
}