{
    "title": "Ronaldo milestone as Real Madrid reach last 16 in Champions League",
    "url": "https://edition.cnn.com/2011/11/02/sport/football/football-ronaldo-real-madrid-champions/index.html",
    "date": "2011-11-02",
    "keywords": [
        "group",
        "home",
        "win",
        "ronaldo",
        "benfica",
        "hattrick",
        "team",
        "lead",
        "season",
        "side",
        "striker",
        "knockout",
        "stage",
        "cristiano",
        "goal",
        "inter",
        "city",
        "minute",
        "penalty",
        "month",
        "top",
        "firsthalf",
        "mario",
        "midfielder",
        "schweinsteiger",
        "time",
        "place",
        "balotelli",
        "match",
        "story",
        "reach",
        "victory",
        "club",
        "bayern",
        "join",
        "head",
        "battle",
        "supremacy",
        "superstar",
        "madrid",
        "wednesday",
        "mark",
        "barcelona",
        "tuesday",
        "ronaldos",
        "double",
        "capital",
        "mid2009",
        "triumph",
        "jose",
        "mourinhos",
        "deadlock",
        "freekick",
        "way",
        "score",
        "competition",
        "ballon",
        "dor",
        "forward",
        "spot",
        "challenge",
        "mouhamadou",
        "dabo",
        "bar",
        "jimmy",
        "lyon",
        "defeat",
        "ajax",
        "dutch",
        "gregory",
        "van",
        "der",
        "wiel",
        "miralem",
        "opening",
        "siem",
        "jong",
        "substitute",
        "collarbone",
        "back",
        "break",
        "holger",
        "card",
        "defender",
        "gomez",
        "halfway",
        "line",
        "goalkeeper",
        "sanctis",
        "beat",
        "villarreal",
        "yaya",
        "toure",
        "citys",
        "cup",
        "edge",
        "box",
        "david",
        "silva",
        "space"
    ],
    "category": [
        "sport",
        "football"
    ]
}