{
    "title": "Arsenal\u2019s Walcott: We can\u2019t get any worse",
    "url": "https://edition.cnn.com/2011/09/23/sport/football/football-walcott/index.html",
    "date": "2011-09-23",
    "keywords": [
        "walcott",
        "wenger",
        "season",
        "theo",
        "arsene",
        "england",
        "star",
        "relegation",
        "form",
        "manager",
        "striker",
        "fabio",
        "capello",
        "cnn",
        "defensive",
        "team",
        "world",
        "cup",
        "samir",
        "story",
        "epl",
        "place",
        "lineup",
        "start",
        "premier",
        "league",
        "friday",
        "manchester",
        "blackburn",
        "goal",
        "weekend",
        "unit",
        "pressure",
        "frenchman",
        "pintowalcottworldcupdream_00023119",
        "video",
        "dream",
        "southampton",
        "challenge",
        "arsenal",
        "sale",
        "fabregas",
        "nasri",
        "close",
        "transfer",
        "shock",
        "spain",
        "barcelona",
        "moment",
        "player",
        "year",
        "contract",
        "departure",
        "secret",
        "desire",
        "role",
        "id",
        "love",
        "front",
        "winger",
        "way",
        "reckoning",
        "squad",
        "exit",
        "verge",
        "euro",
        "italian",
        "experience",
        "bit",
        "buzz",
        "english",
        "success",
        "club",
        "country"
    ],
    "category": [
        "sport",
        "football"
    ]
}