{
    "title": "Voyage to bottom of the sea for Sir Francis Drake\u2019s remains",
    "url": "https://edition.cnn.com/2011/11/08/world/europe/pirate-passion/index.html",
    "date": "2011-11-09",
    "keywords": [
        "croce",
        "drake",
        "businessman",
        "passion",
        "mission",
        "treasure",
        "coffin",
        "pirate",
        "coast",
        "business",
        "explorer",
        "sir",
        "sea",
        "pat",
        "man",
        "time",
        "trainer",
        "president",
        "quest",
        "body",
        "voyage",
        "panama",
        "action",
        "place",
        "team",
        "area",
        "name",
        "day",
        "story",
        "wreckage",
        "england",
        "cnn",
        "locker",
        "room",
        "nba",
        "adventurer",
        "century",
        "englishman",
        "globe",
        "spain",
        "elizabeth",
        "revenge",
        "west",
        "adventure",
        "dysentery",
        "armor",
        "lead",
        "casket",
        "overboard",
        "fleet",
        "deal",
        "money",
        "region",
        "resting",
        "month",
        "breakthrough",
        "im",
        "equipment",
        "information",
        "researcher",
        "seabed",
        "find",
        "perpendicular",
        "delight",
        "hobby",
        "child",
        "empire",
        "hollywood",
        "movie",
        "project",
        "pipeline",
        "st",
        "augustine",
        "museum",
        "share",
        "entrepreneur",
        "return",
        "investment",
        "brain",
        "regard",
        "rise",
        "commoner",
        "journey",
        "basketball",
        "physiotherapist",
        "trade",
        "fortune",
        "medicine",
        "term",
        "philadelphia",
        "folklore",
        "side",
        "dream",
        "plymouth",
        "monarch",
        "royal",
        "moment",
        "permit",
        "government",
        "history"
    ],
    "category": [
        "world",
        "europe"
    ]
}