{
    "title": "Lorenzo to miss MotoGP season finale",
    "url": "https://edition.cnn.com/2011/11/03/sport/motorsport/motorsport-motogp-lorenzo-simoncelli/index.html",
    "date": "2011-11-03",
    "keywords": [
        "race",
        "lorenzo",
        "plastic",
        "surgery",
        "finger",
        "rider",
        "jorge",
        "world",
        "recovery",
        "motogp",
        "season",
        "spaniard",
        "valencia",
        "marco",
        "simoncelli",
        "ring",
        "hand",
        "crash",
        "championship",
        "honda",
        "progress",
        "story",
        "death",
        "cnn",
        "weekend",
        "injury",
        "place",
        "lead",
        "thirdplace",
        "andrea",
        "dovizioso",
        "casey",
        "stoner",
        "test",
        "katsuyuki",
        "nakasuga",
        "champion",
        "port",
        "city",
        "damage",
        "phillip",
        "statement",
        "official",
        "time",
        "level",
        "malaysia",
        "wall",
        "number",
        "circuit",
        "addition",
        "track",
        "prior",
        "tribute",
        "team"
    ],
    "category": [
        "sport",
        "motorsport"
    ]
}