{
    "title": "Don McCullin\u2019s war with guilt",
    "url": "https://edition.cnn.com/2011/10/08/world/europe/don-mccullin-war-photography/index.html",
    "date": "2011-10-11",
    "keywords": [
        "war",
        "mccullin",
        "home",
        "battle",
        "way",
        "life",
        "photography",
        "vietnam",
        "east",
        "today",
        "courtesy",
        "bottle",
        "hue",
        "photographs",
        "front",
        "exhibition",
        "congo",
        "biafra",
        "roman",
        "chapter",
        "england",
        "photograph",
        "south",
        "stuff",
        "mind",
        "world",
        "thrill",
        "survival",
        "point",
        "sheer",
        "luck",
        "harold",
        "editor",
        "man",
        "fusillade",
        "reading",
        "shell",
        "shock",
        "image",
        "soldier",
        "city",
        "career",
        "hell",
        "approach",
        "house",
        "winter",
        "book",
        "dont",
        "guilt",
        "peace",
        "thing",
        "story",
        "gaze",
        "thirty",
        "horror",
        "compassion",
        "el",
        "salvador",
        "cambodia",
        "june",
        "rice",
        "shot",
        "helicopter",
        "transport",
        "zone",
        "delta",
        "photos",
        "poverty",
        "handful",
        "friday",
        "museum",
        "sunday",
        "magazine",
        "cyprus",
        "conflict",
        "generation",
        "youve",
        "child",
        "hollywood",
        "one",
        "gravity",
        "matter",
        "bravery",
        "fire",
        "newspaper",
        "safety",
        "gulf",
        "death",
        "marine",
        "regiment",
        "duration",
        "time",
        "combat",
        "end",
        "press",
        "center",
        "fight",
        "shower",
        "filth",
        "brain"
    ],
    "category": [
        "world",
        "europe"
    ]
}