{
    "title": "Kuznetsova draws Russia level with Czechs in Fed Cup final",
    "url": "https://edition.cnn.com/2011/11/05/sport/tennis/tennis-fed-cup-russia-czech/index.html",
    "date": "2011-11-05",
    "keywords": [
        "title",
        "level",
        "republic",
        "world",
        "kirilenko",
        "russia",
        "kuznetsova",
        "cup",
        "year",
        "kvitova",
        "expertise",
        "career",
        "story",
        "match",
        "czech",
        "event",
        "cnn",
        "svetlana",
        "experience",
        "contention",
        "fed",
        "tennis",
        "saturday",
        "day",
        "moscow",
        "weekend",
        "july",
        "crown",
        "visiting",
        "lead",
        "opening",
        "win",
        "france",
        "deciding",
        "champion",
        "run",
        "pressure",
        "rubber",
        "jittery",
        "website",
        "direction",
        "reverse",
        "meeting",
        "record",
        "formation",
        "slovakia"
    ],
    "category": [
        "sport",
        "tennis"
    ]
}