{
    "title": "Xavi strike puts Barcelona back on top of La Liga",
    "url": "https://edition.cnn.com/2011/10/25/sport/football/football-barcelona-xavi-juventus/index.html",
    "date": "2011-10-25",
    "keywords": [
        "beat",
        "goal",
        "kick",
        "top",
        "win",
        "granada",
        "leadership",
        "la",
        "hernandez",
        "game",
        "juventus",
        "manchester",
        "cup",
        "tuesday",
        "home",
        "weekend",
        "start",
        "club",
        "time",
        "juve",
        "story",
        "zavi",
        "ialy",
        "aldershot",
        "league",
        "cnn",
        "sevilla",
        "ace",
        "xavi",
        "corner",
        "half",
        "jaime",
        "romero",
        "possession",
        "barca",
        "record",
        "injury",
        "daniel",
        "benitez",
        "barcelona",
        "search",
        "sociedad",
        "wednesday",
        "play",
        "villarreal",
        "cristiano",
        "ronaldo",
        "hattrick",
        "malaga",
        "italy",
        "serie",
        "turin",
        "night",
        "advantage",
        "draw",
        "genoa",
        "bonucci",
        "front",
        "fiorentina",
        "break",
        "matri",
        "winner",
        "season",
        "round",
        "return",
        "defeat",
        "city",
        "sunday",
        "epl",
        "team",
        "berbatov",
        "michael",
        "owen",
        "action",
        "opening",
        "valencia",
        "arsenal",
        "bolton"
    ],
    "category": [
        "sport",
        "football"
    ]
}