{
    "title": "Pope \u2018deeply shaken\u2019 in meeting with sex abuse victims in Germany",
    "url": "https://edition.cnn.com/2011/09/23/world/europe/germany-pope/index.html",
    "date": "2011-09-23",
    "keywords": [
        "church",
        "abuse",
        "pope",
        "benedict",
        "visit",
        "scandal",
        "germany",
        "speech",
        "clergy",
        "compassion",
        "state",
        "collaboration",
        "wake",
        "day",
        "homeland",
        "statement",
        "protection",
        "case",
        "man",
        "archdiocese",
        "community",
        "life",
        "story",
        "group",
        "disenchantment",
        "roman",
        "meeting",
        "erfurt",
        "press",
        "office",
        "holy",
        "father",
        "regret",
        "responsibility",
        "face",
        "north",
        "america",
        "handling",
        "place",
        "cardinal",
        "joseph",
        "ratzinger",
        "transfer",
        "thencardinal",
        "march",
        "priest",
        "h",
        "munich",
        "freising",
        "enthusiasm",
        "sex",
        "perception",
        "nation",
        "magazine",
        "priesthood",
        "conference",
        "thursday",
        "chancellor",
        "angela",
        "merkel",
        "president",
        "wulf",
        "reichstag",
        "germanys",
        "parliament",
        "dignity",
        "person",
        "friday",
        "mass",
        "berlin",
        "effort",
        "order",
        "acquaintance",
        "transcript",
        "witness",
        "society",
        "family",
        "marriage",
        "respect",
        "phase",
        "course",
        "promotion",
        "justice",
        "cnns",
        "rick",
        "report"
    ],
    "category": [
        "world",
        "europe"
    ]
}