{
    "title": "Gomez double strike sees Bayern sink Man City",
    "url": "https://edition.cnn.com/2011/09/27/sport/football/football-champions-bayern-city/index.html",
    "date": "2011-09-28",
    "keywords": [
        "group",
        "home",
        "minute",
        "side",
        "draw",
        "city",
        "half",
        "victory",
        "goal",
        "point",
        "range",
        "area",
        "inter",
        "pass",
        "basel",
        "manchester",
        "gomez",
        "win",
        "match",
        "lead",
        "top",
        "scoring",
        "cross",
        "penalty",
        "defeat",
        "mario",
        "bayern",
        "captain",
        "carlos",
        "tevez",
        "pitch",
        "substitute",
        "hart",
        "hand",
        "stroke",
        "halftime",
        "header",
        "break",
        "mancini",
        "way",
        "club",
        "result",
        "table",
        "post",
        "foot",
        "spot",
        "premier",
        "league",
        "ranieri",
        "moscow",
        "frei",
        "corner",
        "level",
        "game",
        "opening",
        "ajax",
        "kaka",
        "zagreb",
        "story",
        "equalizer",
        "competition",
        "double",
        "allianz",
        "arena",
        "back",
        "schweinsteiger",
        "crossbar",
        "goalkeeper",
        "joe",
        "ribery",
        "mueller",
        "player",
        "daniel",
        "van",
        "response",
        "night",
        "manager",
        "roberto",
        "team",
        "play",
        "start",
        "second",
        "marek",
        "hamsik",
        "edinson",
        "cavani",
        "lavezzi",
        "gonzalo",
        "rodriguez",
        "villarreal",
        "bottom",
        "milan",
        "coach",
        "claudio",
        "piero",
        "gasperini",
        "week",
        "tenure",
        "serie",
        "bologna"
    ],
    "category": [
        "sport",
        "football"
    ]
}