{
    "title": "Tevez suspended by Manchester City",
    "url": "https://edition.cnn.com/2011/09/28/sport/football/tevez-mancini-manchester-city/index.html",
    "date": "2011-09-29",
    "keywords": [
        "city",
        "tevez",
        "manchester",
        "statement",
        "striker",
        "munich",
        "club",
        "player",
        "time",
        "carlos",
        "suspension",
        "coach",
        "mancini",
        "defeat",
        "review",
        "match",
        "nonappearance",
        "bench",
        "roberto",
        "pitch",
        "conduct",
        "mancinis",
        "misunderstanding",
        "tuesday",
        "decision",
        "season",
        "transfer",
        "milan",
        "story",
        "denying",
        "furore",
        "manager",
        "loss",
        "allianz",
        "arena",
        "future",
        "notice",
        "period",
        "selection",
        "part",
        "way",
        "incident",
        "relationship",
        "tantrum",
        "disgrace",
        "state",
        "confusion",
        "position",
        "contrast",
        "desire",
        "broadcaster",
        "sky",
        "translator",
        "opinion",
        "family",
        "gomez",
        "fixture",
        "competition",
        "occasion",
        "clash",
        "tournament",
        "fa",
        "cup",
        "germany",
        "mario",
        "closing",
        "half",
        "controversy",
        "development",
        "saga",
        "exit",
        "stadium",
        "request",
        "december",
        "breakdown",
        "board",
        "reason",
        "return",
        "july",
        "deal",
        "host",
        "capture",
        "dzeko",
        "wolfsburg",
        "sergio",
        "aguero",
        "france",
        "midfielder",
        "nasri",
        "window",
        "result",
        "lineup",
        "defender",
        "vincent",
        "captain",
        "year",
        "inter",
        "press",
        "conference",
        "behaviour"
    ],
    "category": [
        "sport",
        "football"
    ]
}