{
    "title": "American Bradley poised to coach Egypt",
    "url": "https://edition.cnn.com/2011/09/15/sport/football/football-bob-bradley-egypt/index.html",
    "date": "2011-09-15",
    "keywords": [
        "bradley",
        "soccer",
        "cup",
        "coach",
        "contract",
        "world",
        "team",
        "bob",
        "president",
        "sameer",
        "cairo",
        "june",
        "egypt",
        "month",
        "year",
        "job",
        "story",
        "fa",
        "role",
        "football",
        "association",
        "agreement",
        "control",
        "countrys",
        "shahatah",
        "position",
        "gabon",
        "guinea",
        "negotiation",
        "zahir",
        "stage",
        "review",
        "couple",
        "deal",
        "fas",
        "budget",
        "gold",
        "america",
        "africa",
        "edition",
        "tournament",
        "place",
        "brazil",
        "college",
        "level",
        "league",
        "side",
        "chicago",
        "fire",
        "double",
        "home",
        "state",
        "jersey",
        "usa"
    ],
    "category": [
        "sport",
        "football"
    ]
}