{
    "title": "Kvitova adds WTA Championship to Wimbledon title",
    "url": "https://edition.cnn.com/2011/10/30/sport/tennis/tennis-wta-kvitova/index.html",
    "date": "2011-10-30",
    "keywords": [
        "tour",
        "place",
        "azarenka",
        "season",
        "world",
        "czech",
        "title",
        "champion",
        "seed",
        "success",
        "week",
        "tennis",
        "victory",
        "game",
        "match",
        "year",
        "petra",
        "istanbul",
        "time",
        "set",
        "kvitova",
        "break",
        "serve",
        "chance",
        "del",
        "potro",
        "story",
        "seasonending",
        "woman",
        "tournament",
        "visit",
        "group",
        "sam",
        "stosur",
        "caroline",
        "wozniaki",
        "position",
        "wimbledon",
        "slam",
        "step",
        "dont",
        "maybe",
        "number",
        "belarus",
        "defeat",
        "glad",
        "today",
        "job",
        "crowd",
        "way",
        "advantage",
        "disappointment",
        "trophy",
        "jana",
        "novotna",
        "meanwhile",
        "tsonga",
        "race",
        "climax",
        "martin",
        "frenchman",
        "line",
        "month",
        "chase",
        "london",
        "valencia"
    ],
    "category": [
        "sport",
        "tennis"
    ]
}