{
    "title": "Ronaldo treble as Madrid thrash Osasuna",
    "url": "https://edition.cnn.com/2011/11/06/sport/football/football-real-madrid-ronaldo/index.html",
    "date": "2011-11-06",
    "keywords": [
        "home",
        "league",
        "hattrick",
        "bilbao",
        "tottenham",
        "ronaldo",
        "lead",
        "barcelona",
        "draw",
        "madrid",
        "di",
        "cross",
        "minute",
        "header",
        "messi",
        "point",
        "net",
        "hand",
        "advantage",
        "injury",
        "time",
        "fulham",
        "result",
        "table",
        "bottom",
        "defeat",
        "bolton",
        "story",
        "thrash",
        "touch",
        "success",
        "cnn",
        "cristiano",
        "superb",
        "top",
        "la",
        "liga",
        "surprise",
        "osasuna",
        "match",
        "bernabeu",
        "record",
        "weekend",
        "angel",
        "balde",
        "freekick",
        "defender",
        "pepe",
        "maria",
        "gonzalo",
        "higuain",
        "stroke",
        "halftime",
        "penalty",
        "foul",
        "eneko",
        "satrustegui",
        "card",
        "benzema",
        "win",
        "style",
        "maestro",
        "lionel",
        "ander",
        "herrara",
        "curling",
        "strike",
        "cesc",
        "fabregas",
        "clearance",
        "gerard",
        "pique",
        "hesitancy",
        "defense",
        "equalizer",
        "way",
        "meanwhile",
        "premier",
        "withstood",
        "pressure",
        "side",
        "status",
        "bale",
        "scoring",
        "angle",
        "aaron",
        "lennon",
        "effort",
        "corner",
        "host",
        "jermain",
        "defoe",
        "shot",
        "position",
        "level",
        "chelsea",
        "game",
        "city",
        "end",
        "ivan"
    ],
    "category": [
        "sport",
        "football"
    ]
}