{
    "title": "Messi hat-trick in Barca rout; Juve beat Inter to stay top in Serie A",
    "url": "https://edition.cnn.com/2011/10/29/sport/football/italy-spain-league-results/index.html",
    "date": "2011-10-29",
    "keywords": [
        "win",
        "minute",
        "milan",
        "home",
        "goal",
        "half",
        "lead",
        "messi",
        "sociedad",
        "juventus",
        "inter",
        "roma",
        "hattrick",
        "scoring",
        "time",
        "striker",
        "point",
        "top",
        "serie",
        "league",
        "side",
        "story",
        "mauling",
        "cnn",
        "firsthalf",
        "lionel",
        "mallorca",
        "camp",
        "spot",
        "kick",
        "nsue",
        "ball",
        "penalty",
        "area",
        "miscue",
        "adriano",
        "halfhour",
        "mark",
        "cross",
        "cuenca",
        "club",
        "injury",
        "higuain",
        "night",
        "barcelona",
        "la",
        "liga",
        "levante",
        "osasuna",
        "sofiane",
        "feghouli",
        "aritz",
        "aduriz",
        "villareal",
        "vallecano",
        "bruno",
        "soriano",
        "borja",
        "valero",
        "meanwhile",
        "italy",
        "saturday",
        "juve",
        "strike",
        "mirko",
        "maicon",
        "front",
        "claudio",
        "marchisio",
        "ibrahimovic",
        "stadio",
        "olimpico",
        "table",
        "alessandro",
        "nesta",
        "krkic",
        "back",
        "end",
        "rossoneri",
        "ground",
        "defeat",
        "catania",
        "edinson",
        "cavani",
        "gonzalo",
        "bergessio",
        "break",
        "match",
        "mario",
        "santana"
    ],
    "category": [
        "sport",
        "football"
    ]
}