{
    "title": "Hundreds gather for funeral of auto racer Dan Wheldon",
    "url": "https://edition.cnn.com/2011/10/20/sport/motorsport/racing-wheldon/index.html",
    "date": "2011-10-22",
    "keywords": [
        "wheldon",
        "friend",
        "wife",
        "family",
        "twotime",
        "indianapolis",
        "church",
        "heart",
        "lionheart",
        "lot",
        "letter",
        "man",
        "driver",
        "sunday",
        "crash",
        "vegas",
        "indycar",
        "service",
        "champ",
        "wtsp",
        "way",
        "back",
        "head",
        "judd",
        "image",
        "story",
        "person",
        "englishman",
        "petersburg",
        "winner",
        "sanctioning",
        "body",
        "laughter",
        "life",
        "dan",
        "emberton",
        "england",
        "west",
        "city",
        "spoke",
        "husband",
        "aloud",
        "michael",
        "johnson",
        "audio",
        "message",
        "ceremony",
        "affiliate",
        "im",
        "time",
        "sound",
        "voice",
        "touch",
        "hand",
        "field",
        "las",
        "control",
        "burst",
        "smoke",
        "debris",
        "blunt",
        "trauma",
        "official",
        "clark",
        "county",
        "office",
        "policy",
        "funeral",
        "team",
        "owner",
        "roger",
        "penske",
        "speed",
        "tragedy",
        "today",
        "country",
        "singer",
        "halfsister",
        "actress",
        "ashley",
        "lieu",
        "fund",
        "cause",
        "close",
        "mother",
        "nascar",
        "superspeedway",
        "weekend",
        "honor",
        "knight",
        "word",
        "king",
        "fought",
        "battle",
        "blog",
        "conseco",
        "fieldhouse",
        "downtown",
        "love",
        "support"
    ],
    "category": [
        "sport",
        "motorsport"
    ]
}