{
    "title": "Sharapova quits WTA Championships",
    "url": "https://edition.cnn.com/2011/10/26/sport/tennis/tennis-sharapova-out-atp/index.html",
    "date": "2011-10-27",
    "keywords": [
        "match",
        "sharapova",
        "li",
        "sam",
        "istanbul",
        "stosur",
        "set",
        "victory",
        "chance",
        "world",
        "maria",
        "year",
        "defeat",
        "champion",
        "wednesday",
        "website",
        "number",
        "group",
        "zvonareva",
        "story",
        "endofseason",
        "russian",
        "beat",
        "cnn",
        "lost",
        "august",
        "tiebreak",
        "slam",
        "winner",
        "surge",
        "capitulation",
        "im",
        "player",
        "today",
        "crowd",
        "injury",
        "caroline",
        "wozniacki",
        "vera",
        "repeat",
        "opponent",
        "qatar",
        "top",
        "courtesy",
        "sharapovas",
        "withdrawal",
        "seed",
        "azarenka",
        "success",
        "hour",
        "point",
        "seventh",
        "order",
        "appearance",
        "stage",
        "event",
        "form",
        "row",
        "end",
        "game",
        "shot",
        "nothing",
        "bit"
    ],
    "category": [
        "sport",
        "tennis"
    ]
}