{
    "title": "UK police free Britons arrested in Kenya",
    "url": "https://edition.cnn.com/2011/10/20/world/europe/britain-kenya-arrests/index.html",
    "date": "2011-10-20",
    "keywords": [
        "cardiff",
        "pair",
        "kenya",
        "terrorism",
        "airport",
        "statement",
        "story",
        "counterterrorism",
        "cnn",
        "antiterrorism",
        "legislation",
        "britain",
        "provision",
        "act",
        "arrival",
        "afternoon",
        "extremism",
        "unit",
        "police",
        "service",
        "kenyan",
        "sunday",
        "plane",
        "nyberg",
        "report"
    ],
    "category": [
        "world",
        "europe"
    ]
}