{
    "title": "Successful launch for Russian supply rocket",
    "url": "https://edition.cnn.com/2011/10/30/world/europe/russia-space-station/index.html",
    "date": "2011-10-30",
    "keywords": [
        "space",
        "launch",
        "station",
        "crew",
        "rocket",
        "stage",
        "progress",
        "food",
        "water",
        "story",
        "cargo",
        "siberia",
        "freighter",
        "wednesday",
        "fuel",
        "spare",
        "vessel",
        "cosmodrome",
        "kazakhstan",
        "pm",
        "orbit",
        "agency",
        "nasa",
        "august",
        "wilderness",
        "crash",
        "service",
        "history",
        "danger",
        "statement",
        "nasas",
        "flight",
        "chief",
        "bill",
        "gerstenmaier",
        "rotation",
        "iss",
        "november"
    ],
    "category": [
        "world",
        "europe"
    ]
}