{
    "title": "Injured Djokovic beaten in Basel semis",
    "url": "https://edition.cnn.com/2011/11/05/sport/tennis/tennis-djokovic-federer-nishikori-basel/index.html",
    "date": "2011-11-05",
    "keywords": [
        "world",
        "event",
        "champion",
        "federer",
        "year",
        "shoulder",
        "defeat",
        "tour",
        "djokovic",
        "season",
        "saturday",
        "set",
        "career",
        "paris",
        "problem",
        "roger",
        "del",
        "valencia",
        "berdych",
        "tennis",
        "slam",
        "pain",
        "afraid",
        "rhythm",
        "serve",
        "body",
        "competition",
        "week",
        "player",
        "seed",
        "row",
        "story",
        "kei",
        "doubt",
        "juan",
        "martin",
        "potros",
        "toll",
        "note",
        "star",
        "nishikori",
        "serbian",
        "seasonending",
        "basel",
        "fitness",
        "match",
        "time",
        "lot",
        "action",
        "switzerland",
        "injury",
        "epic",
        "rafael",
        "ailment",
        "serbia",
        "davis",
        "cup",
        "shock",
        "practice",
        "history",
        "opponent",
        "wildcard",
        "entry",
        "shanghai",
        "title",
        "win",
        "eightman",
        "finale",
        "blow",
        "argentine",
        "hardcourt",
        "victory",
        "form",
        "result",
        "czech",
        "clay",
        "ferrer",
        "london",
        "showpiece",
        "month"
    ],
    "category": [
        "sport",
        "tennis"
    ]
}