{
    "title": "Prosecutors drop attempted rape complaint against former IMF chief",
    "url": "https://edition.cnn.com/2011/10/13/world/europe/france-dsk-case/index.html",
    "date": "2011-10-13",
    "keywords": [
        "strausskahn",
        "banon",
        "york",
        "paris",
        "attorney",
        "case",
        "book",
        "evidence",
        "aggression",
        "head",
        "month",
        "daughter",
        "mistake",
        "baboon",
        "disappointment",
        "joy",
        "complaint",
        "journalist",
        "tristane",
        "time",
        "office",
        "statement",
        "thursday",
        "assault",
        "hour",
        "mother",
        "address",
        "incident",
        "mansouret",
        "car",
        "strausskahns",
        "arrest",
        "diallo",
        "suit",
        "court",
        "imf",
        "interview",
        "story",
        "woman",
        "cnn",
        "fund",
        "dominique",
        "lack",
        "statute",
        "session",
        "david",
        "koubbi",
        "learning",
        "decision",
        "client",
        "nothing",
        "anne",
        "assembly",
        "door",
        "room",
        "hand",
        "arm",
        "floor",
        "apartment",
        "half",
        "heel",
        "shoe",
        "concern",
        "victim",
        "hotel",
        "housekeeper",
        "credibility",
        "accuser",
        "nafissatou",
        "parisbound",
        "plane",
        "resignation",
        "ms",
        "mr",
        "failure",
        "manhattan",
        "district",
        "attempt",
        "immunity",
        "judge",
        "diallos",
        "law",
        "convention",
        "slander",
        "television",
        "station",
        "truth",
        "meeting",
        "act",
        "violence",
        "version",
        "candidate",
        "election",
        "relationship",
        "error",
        "wife",
        "hope",
        "change",
        "way",
        "life"
    ],
    "category": [
        "world",
        "europe"
    ]
}