{
    "title": "Secrets of Spain\u2019s Alhambra to be revealed to visitors sustainably",
    "url": "https://edition.cnn.com/2011/09/02/world/europe/alhambra-sustainable-tourism/index.html",
    "date": "2011-09-02",
    "keywords": [
        "alhambra",
        "world",
        "patronato",
        "spain",
        "director",
        "palace",
        "century",
        "complex",
        "fund",
        "app",
        "application",
        "information",
        "work",
        "conservation",
        "part",
        "closedoff",
        "tourism",
        "year",
        "area",
        "granada",
        "effort",
        "technology",
        "site",
        "model",
        "access",
        "number",
        "day",
        "mar",
        "del",
        "program",
        "latin",
        "america",
        "portugal",
        "video",
        "barbacci",
        "villafranca",
        "way",
        "story",
        "development",
        "cnn",
        "fortress",
        "city",
        "muslim",
        "mix",
        "organization",
        "light",
        "project",
        "tourist",
        "destination",
        "pressure",
        "space",
        "roman",
        "emperor",
        "storage",
        "stairs",
        "silos",
        "example",
        "lot",
        "reality",
        "phase",
        "ready",
        "public",
        "summer",
        "visitor",
        "knowledge",
        "caring",
        "building",
        "oratorio",
        "chapel",
        "reign",
        "yusuf",
        "roof",
        "wood",
        "ceiling",
        "plaster",
        "value",
        "plan",
        "interest"
    ],
    "category": [
        "world",
        "europe"
    ]
}