{
    "title": "Fans block Chelsea\u2019s bid to buy back Stamford Bridge stadium",
    "url": "https://edition.cnn.com/2011/10/27/sport/football/chelsea-stadium-stamford-bridge/index.html",
    "date": "2011-10-27",
    "keywords": [
        "chelsea",
        "club",
        "bridge",
        "stamford",
        "ground",
        "pitch",
        "freehold",
        "vote",
        "stadium",
        "group",
        "revenue",
        "capacity",
        "progress",
        "premier",
        "league",
        "buck",
        "decision",
        "statement",
        "story",
        "opt",
        "year",
        "cnn",
        "outfit",
        "west",
        "capital",
        "organization",
        "trouble",
        "cpos",
        "move",
        "explainer",
        "bid",
        "possibility",
        "letter",
        "chairman",
        "season",
        "redevelopment",
        "site",
        "billionaire",
        "roman",
        "abramovich",
        "space",
        "expansion",
        "clubs",
        "fc",
        "result",
        "number",
        "cent",
        "majority",
        "process",
        "transparency",
        "football",
        "mr",
        "owner",
        "rest",
        "board",
        "action",
        "view",
        "situation",
        "saturday"
    ],
    "category": [
        "sport",
        "football"
    ]
}