{
    "title": "Two police officers killed in car bombing in Russia\u2019s volatile Dagestan republic",
    "url": "https://edition.cnn.com/2011/10/03/world/europe/russia-dagestan-attack/index.html",
    "date": "2011-10-03",
    "keywords": [
        "car",
        "dagestan",
        "ministry",
        "bomber",
        "caucasus",
        "minivan",
        "police",
        "device",
        "crater",
        "security",
        "story",
        "patrol",
        "bombing",
        "suicide",
        "republic",
        "dagestani",
        "website",
        "monday",
        "town",
        "kizilyurt",
        "lada",
        "explosion",
        "series",
        "august",
        "head",
        "service",
        "alexandr",
        "bortnikov",
        "president",
        "year",
        "place",
        "friction",
        "spillover",
        "discord",
        "chechnya",
        "government",
        "crisis",
        "group"
    ],
    "category": [
        "world",
        "europe"
    ]
}