{
    "title": "Italian lawmakers brawl over pension reform",
    "url": "https://edition.cnn.com/2011/10/26/world/europe/italy-parliament/index.html",
    "date": "2011-10-27",
    "keywords": [
        "debt",
        "pension",
        "age",
        "crisis",
        "eurozone",
        "video",
        "reform",
        "parliament",
        "league",
        "agreement",
        "retirement",
        "deal",
        "house",
        "government",
        "fli",
        "party",
        "speaker",
        "bossi",
        "rescue",
        "fund",
        "italy",
        "economy",
        "story",
        "berlusconi",
        "cnn",
        "briefly",
        "wednesday",
        "brawl",
        "coalition",
        "partner",
        "minister",
        "silvio",
        "opposition",
        "news",
        "agency",
        "photographs",
        "chamber",
        "fight",
        "gianfranco",
        "fini",
        "wife",
        "leader",
        "ansa",
        "reached_00000128",
        "bpr",
        "dos",
        "santos",
        "agreement_00004621",
        "reax_00003417",
        "explain",
        "crisis_00003816",
        "deputy",
        "order",
        "issue",
        "subject",
        "debate",
        "tuesday",
        "berlsuconi",
        "pressure",
        "union",
        "growth",
        "load",
        "effectiveness",
        "need",
        "grow",
        "bond",
        "world",
        "shape",
        "nation",
        "output"
    ],
    "category": [
        "world",
        "europe"
    ]
}