{
    "title": "Top UK minister steps down",
    "url": "https://edition.cnn.com/2011/10/14/world/europe/british-minister-resign/index.html",
    "date": "2011-10-14",
    "keywords": [
        "minister",
        "fox",
        "defence",
        "cameron",
        "government",
        "letter",
        "interest",
        "role",
        "uproar",
        "friend",
        "david",
        "position",
        "secretary",
        "ministry",
        "libya",
        "work",
        "deficit",
        "security",
        "story",
        "liam",
        "defense",
        "adviser",
        "didnt",
        "distinction",
        "clearer",
        "friday",
        "somerset",
        "standard",
        "sadness",
        "post",
        "state",
        "countrys",
        "conclusion",
        "afghanistan",
        "progress",
        "support",
        "budget",
        "threat",
        "prosperity",
        "departure",
        "job",
        "election",
        "overseeing",
        "military",
        "campaign",
        "gadhafi",
        "regime",
        "freedom",
        "difference",
        "office",
        "commitment",
        "need",
        "relationship",
        "strength",
        "report"
    ],
    "category": [
        "world",
        "europe"
    ]
}