{
    "title": "Real Betis lose but stay top",
    "url": "https://edition.cnn.com/2011/09/26/sport/football/football-betis-stay-top/index.html",
    "date": "2011-09-26",
    "keywords": [
        "betis",
        "sunderland",
        "league",
        "barcelona",
        "point",
        "chance",
        "lead",
        "season",
        "premier",
        "manchester",
        "story",
        "stay",
        "epl",
        "beat",
        "move",
        "ten",
        "top",
        "percent",
        "record",
        "diego",
        "goal",
        "getafes",
        "win",
        "campaign",
        "seville",
        "levante",
        "meanwhile",
        "city",
        "start",
        "carrow",
        "road",
        "coach",
        "steve",
        "bruce",
        "summer",
        "star",
        "wes",
        "brown",
        "bendtner",
        "match",
        "leon",
        "barnett",
        "morison",
        "kieran",
        "richardson",
        "product",
        "hope",
        "table"
    ],
    "category": [
        "sport",
        "football"
    ]
}