{
    "title": "United he stands: The real Alex Ferguson",
    "url": "https://edition.cnn.com/2011/11/04/sport/football/football-alex-ferguson-25-years/index.html",
    "date": "2011-11-04",
    "keywords": [
        "wilkinson",
        "ferguson",
        "club",
        "manager",
        "manchester",
        "league",
        "football",
        "man",
        "game",
        "season",
        "culture",
        "nothing",
        "cnn",
        "person",
        "point",
        "title",
        "cup",
        "patience",
        "weekend",
        "quarter",
        "century",
        "persona",
        "love",
        "player",
        "charlton",
        "success",
        "aberdeen",
        "summary",
        "conversation",
        "youre",
        "opinion",
        "team",
        "keane",
        "city",
        "hunger",
        "trophy",
        "story",
        "scot",
        "howard",
        "trafford",
        "oldschool",
        "hairdryer",
        "visage",
        "stress",
        "wine",
        "gruff",
        "transform",
        "idea",
        "adversary",
        "postmatch",
        "assignment",
        "television",
        "interviewer",
        "wenger",
        "rafael",
        "benitez",
        "thing",
        "sincerity",
        "desire",
        "view",
        "alex",
        "video",
        "bobby",
        "credit",
        "use",
        "flush",
        "atkinson",
        "squad",
        "bigname",
        "drinking",
        "hand",
        "triumph",
        "madrid",
        "surprise",
        "couple",
        "morning",
        "hadnt",
        "busby",
        "jewel",
        "anniversary",
        "englishrecord",
        "cutthroat",
        "charge",
        "tie",
        "match",
        "silverware",
        "palace",
        "meeting",
        "everything",
        "gym",
        "beginning",
        "war",
        "chairman",
        "association",
        "union",
        "steward",
        "glasgow",
        "line",
        "approach",
        "body"
    ],
    "category": [
        "sport",
        "football"
    ]
}