{
    "title": "Senna to replace Heidfeld in Belgium",
    "url": "https://edition.cnn.com/2011/08/24/sport/motorsport/bruno-senna-lotus-renault/index.html",
    "date": "2011-08-26",
    "keywords": [
        "season",
        "prix",
        "heidfeld",
        "senna",
        "renault",
        "driver",
        "sauber",
        "bruno",
        "nephew",
        "ayrton",
        "race",
        "finish",
        "hrt",
        "story",
        "formula",
        "brazilian",
        "cnn",
        "belgium",
        "world",
        "champion",
        "team",
        "test",
        "july",
        "racer",
        "podium",
        "line",
        "position",
        "sennas",
        "abu",
        "dhabi",
        "november",
        "king",
        "monaco",
        "sao",
        "pauloborn",
        "outfit",
        "place",
        "start",
        "replacement",
        "robert",
        "kubica",
        "pole",
        "rally",
        "crash",
        "rookie",
        "year",
        "prost",
        "jordan",
        "spell",
        "bmw"
    ],
    "category": [
        "sport",
        "motorsport"
    ]
}