{
    "title": "Fleetwood and Hoey lead big names in Dunhill Links",
    "url": "https://edition.cnn.com/2011/09/30/sport/golf/dunhill/index.html",
    "date": "2011-09-30",
    "keywords": [
        "fleetwood",
        "lead",
        "champion",
        "round",
        "tour",
        "carnoustie",
        "hoey",
        "share",
        "dunhill",
        "championship",
        "scotland",
        "westwood",
        "rory",
        "mcilroy",
        "stage",
        "challenge",
        "nineunder",
        "tournament",
        "place",
        "playing",
        "world",
        "donald",
        "story",
        "michael",
        "louis",
        "lee",
        "pair",
        "england",
        "halfway",
        "kazakhstan",
        "month",
        "fore",
        "sixunder",
        "couple",
        "pressure",
        "year",
        "confidence",
        "bit",
        "thought",
        "website",
        "st",
        "sunday",
        "oosthuizen",
        "graeme",
        "mcdowell",
        "group",
        "daniel",
        "gaunt",
        "jaco",
        "van",
        "zyl",
        "martin",
        "kaymer",
        "shot",
        "number",
        "sevenunder",
        "bogey",
        "man",
        "money",
        "list",
        "pga",
        "barry",
        "burn"
    ],
    "category": [
        "sport",
        "golf"
    ]
}