{
    "title": "Leonardo da Vinci: The man, the myth, the mystery",
    "url": "https://edition.cnn.com/2011/11/08/world/europe/leonardo-da-vinci-life/index.html",
    "date": "2011-11-11",
    "keywords": [
        "vinci",
        "da",
        "leonardo",
        "art",
        "collection",
        "painter",
        "life",
        "vincis",
        "today",
        "time",
        "royal",
        "mystery",
        "mona",
        "renaissance",
        "man",
        "end",
        "scientist",
        "artist",
        "engineer",
        "clayton",
        "mina",
        "image",
        "individual",
        "france",
        "lisa",
        "level",
        "person",
        "lot",
        "renato",
        "priest",
        "story",
        "questing",
        "mind",
        "cnn",
        "celebrity",
        "legacy",
        "giorgio",
        "vasari",
        "death",
        "standing",
        "culture",
        "totem",
        "exhibition",
        "london",
        "week",
        "insurance",
        "value",
        "dante",
        "shakespeare",
        "goethe",
        "einstein",
        "league",
        "brilliant",
        "science",
        "genius",
        "detail",
        "drawing",
        "melzi",
        "c",
        "copyright",
        "majesty",
        "queen",
        "ii",
        "polymath",
        "richard",
        "stemp",
        "everything",
        "anatomy",
        "world",
        "painterphilosopher",
        "son",
        "florentine",
        "landlord",
        "estate",
        "workshop",
        "andrea",
        "del",
        "verrocchio",
        "teenager",
        "service",
        "duke",
        "milan",
        "version",
        "virgin",
        "supper",
        "period",
        "mid30s",
        "bit",
        "side",
        "curator",
        "uk",
        "prototype",
        "stint",
        "florence",
        "masterwork",
        "originality",
        "nothing",
        "sense",
        "context",
        "figure"
    ],
    "category": [
        "world",
        "europe"
    ]
}