{
    "title": "Ireland shutters embassies in Vatican, Iran as cost-saving measures",
    "url": "https://edition.cnn.com/2011/11/03/world/europe/ireland-closing-embassies/index.html",
    "date": "2011-11-04",
    "keywords": [
        "government",
        "ireland",
        "statement",
        "decision",
        "embassy",
        "minister",
        "controversy",
        "return",
        "timor",
        "bailout",
        "year",
        "mission",
        "report",
        "vatican",
        "holy",
        "issue",
        "closure",
        "thursday",
        "leste",
        "review",
        "reason",
        "country",
        "kenny",
        "abuse",
        "dublin",
        "ambassador",
        "rome",
        "see",
        "regard",
        "iran",
        "story",
        "priestabuse",
        "cnn",
        "intent",
        "office",
        "department",
        "trade",
        "area",
        "expenditure",
        "need",
        "attention",
        "greece",
        "cost",
        "recession",
        "crisis",
        "loan",
        "package",
        "union",
        "fund",
        "agreement",
        "percentage",
        "roman",
        "july",
        "investigating",
        "diocese",
        "cloyne",
        "city",
        "cork",
        "biting",
        "attack",
        "church",
        "enda",
        "inquiry",
        "sex",
        "benefit",
        "dysfunction",
        "disconnection",
        "elitism",
        "culture",
        "day",
        "law",
        "land",
        "crozier",
        "referring",
        "staff",
        "worn",
        "criticism",
        "envoy",
        "archbishop",
        "giuseppe",
        "leanza",
        "churchs",
        "approach",
        "night",
        "eamon",
        "gilmore",
        "nothing",
        "part",
        "building",
        "enclave",
        "capital",
        "rift",
        "state",
        "choice",
        "resident",
        "sean",
        "brady",
        "disappointment",
        "role",
        "relationship"
    ],
    "category": [
        "world",
        "europe"
    ]
}