{
    "title": "Rooney\u2019s father arrested and bailed in betting probe",
    "url": "https://edition.cnn.com/2011/10/06/sport/football/football-rooney-father-arrested/index.html",
    "date": "2011-10-06",
    "keywords": [
        "rooney",
        "police",
        "match",
        "investigation",
        "statement",
        "betting",
        "fraud",
        "england",
        "year",
        "motherwell",
        "suspicion",
        "solicitor",
        "time",
        "capello",
        "problem",
        "story",
        "bail",
        "concern",
        "cnn",
        "father",
        "manchester",
        "striker",
        "wayne",
        "inquiry",
        "premier",
        "league",
        "december",
        "midfielder",
        "side",
        "part",
        "activity",
        "conspiracy",
        "commission",
        "football",
        "scam",
        "anthony",
        "barnfather",
        "mr",
        "comment",
        "snrs",
        "squad",
        "euro",
        "qualifier",
        "macedonia",
        "friday",
        "coach",
        "fabio",
        "star",
        "forward",
        "draw",
        "qualification",
        "game",
        "montenegro",
        "solution",
        "space"
    ],
    "category": [
        "sport",
        "football"
    ]
}