{
    "title": "Amanda Knox murder appeal enters final stage",
    "url": "https://edition.cnn.com/2011/09/23/world/europe/italy-knox-appeal/index.html",
    "date": "2011-09-23",
    "keywords": [
        "knox",
        "sollecito",
        "defense",
        "case",
        "evidence",
        "prosecutor",
        "court",
        "murder",
        "trial",
        "amanda",
        "costagliola",
        "video",
        "clasp",
        "week",
        "meredith",
        "perugia",
        "appeal",
        "conviction",
        "friday",
        "decision",
        "knoxs",
        "father",
        "prosecution",
        "testimony",
        "mignini",
        "didnt",
        "anything",
        "dna",
        "story",
        "pairs",
        "kercher",
        "throat",
        "cut",
        "villa",
        "italy",
        "victim",
        "phase",
        "concluding",
        "town",
        "exboyfriend",
        "rafael",
        "appellate",
        "process",
        "giancarlo",
        "bit",
        "girl",
        "life",
        "chance",
        "blame_00015118",
        "fire",
        "nrcurtknoxintvw_00005619",
        "housemate",
        "prison",
        "antonio",
        "curatolo",
        "homeless",
        "man",
        "crime",
        "scene",
        "night",
        "killer",
        "mario",
        "alessi",
        "mafia",
        "member",
        "luciano",
        "aviello",
        "contradictory",
        "giuliano",
        "body",
        "basis",
        "coverage",
        "way",
        "knife",
        "summer",
        "bra",
        "claim",
        "curt",
        "cnn",
        "month",
        "review",
        "daughter",
        "home",
        "defendant",
        "rudy",
        "guede",
        "fasttrack",
        "cnns",
        "hada",
        "messia",
        "report"
    ],
    "category": [
        "world",
        "europe"
    ]
}