{
    "title": "Barcelona edge minnows to close on knockout stages",
    "url": "https://edition.cnn.com/2011/10/19/sport/football/football-barcelona-iniesta-milan-porto/index.html",
    "date": "2011-10-20",
    "keywords": [
        "group",
        "win",
        "camp",
        "home",
        "draw",
        "nou",
        "villa",
        "h",
        "side",
        "porto",
        "g",
        "work",
        "clash",
        "goal",
        "siro",
        "barcelona",
        "story",
        "ease",
        "plsen",
        "head",
        "apoel",
        "nicosia",
        "cnn",
        "wednesday",
        "need",
        "knockout",
        "catalan",
        "fluent",
        "string",
        "midfielder",
        "machine",
        "messi",
        "woodwork",
        "game",
        "time",
        "milan",
        "headtohead",
        "record",
        "borisov",
        "return",
        "set",
        "ibrahimovic",
        "prince",
        "boateng",
        "rossoneri",
        "coach",
        "massimiliano",
        "allegri",
        "tonight",
        "qualification",
        "aim",
        "place",
        "result",
        "skysport",
        "italy",
        "section",
        "star",
        "hulk",
        "kick",
        "ailton",
        "space",
        "meter",
        "shot",
        "helton",
        "zenit",
        "petersburg",
        "point",
        "twice",
        "adriano",
        "shakhtar",
        "shirokov",
        "viktor",
        "faizulin"
    ],
    "category": [
        "sport",
        "football"
    ]
}