{
    "title": "Blast damages Amsterdam court building",
    "url": "https://edition.cnn.com/2011/09/21/world/europe/netherlands-court-explosion/index.html",
    "date": "2011-09-22",
    "keywords": [
        "court",
        "building",
        "explosion",
        "police",
        "investigation",
        "story",
        "scene",
        "blast",
        "amsterdam",
        "staircase",
        "district",
        "time",
        "pm",
        "et",
        "tuesday",
        "spokeswoman",
        "line",
        "department",
        "policy",
        "lot",
        "part",
        "city",
        "cnns",
        "nyberg",
        "report"
    ],
    "category": [
        "world",
        "europe"
    ]
}