{
    "title": "Bale double keeps Tottenham run going",
    "url": "https://edition.cnn.com/2011/10/30/sport/football/football-tottenham-bale/index.html",
    "date": "2011-10-30",
    "keywords": [
        "home",
        "bale",
        "table",
        "win",
        "place",
        "side",
        "van",
        "vaart",
        "tottenham",
        "defeat",
        "rafael",
        "der",
        "target",
        "result",
        "qpr",
        "manchester",
        "city",
        "minute",
        "ball",
        "shot",
        "draw",
        "chelsea",
        "newcastle",
        "point",
        "story",
        "strike",
        "winger",
        "league",
        "sunday",
        "run",
        "drive",
        "back",
        "emmanuel",
        "adebayor",
        "advantage",
        "mishit",
        "ledley",
        "post",
        "break",
        "hour",
        "mark",
        "jay",
        "bothroyd",
        "range",
        "victory",
        "goal",
        "time",
        "aaron",
        "lennon",
        "series",
        "box",
        "paddy",
        "chance",
        "trail",
        "top",
        "level",
        "game",
        "position",
        "stoke",
        "night",
        "meanwhile",
        "bundesliga",
        "midfielder",
        "slawomir",
        "peszko",
        "tacle",
        "bottom",
        "hamburg",
        "augsburg",
        "kaiserslautern",
        "captain",
        "tiffert",
        "halftime",
        "pierre",
        "wit",
        "striker",
        "jose",
        "paolo",
        "guerrero",
        "secondhalf"
    ],
    "category": [
        "sport",
        "football"
    ]
}