{
    "title": "Red Bull clinch constructors title as Vettel wins again",
    "url": "https://edition.cnn.com/2011/10/16/sport/motorsport/motorsport-constructors-red-bull/index.html",
    "date": "2011-10-16",
    "keywords": [
        "bull",
        "vettel",
        "webber",
        "button",
        "mark",
        "season",
        "jenson",
        "hamilton",
        "ger",
        "lead",
        "title",
        "battle",
        "alonso",
        "michael",
        "schumacher",
        "gb",
        "renault",
        "story",
        "clinch",
        "podium",
        "race",
        "win",
        "place",
        "cnn",
        "victory",
        "prix",
        "sunday",
        "team",
        "championship",
        "teammate",
        "seal",
        "triumph",
        "mclaren",
        "world",
        "japan",
        "week",
        "alltime",
        "record",
        "abu",
        "dhabi",
        "brazil",
        "round",
        "korea",
        "fernando",
        "spa",
        "aus",
        "massa",
        "bra",
        "rosberg",
        "vitaly",
        "petrov",
        "rus",
        "ferrari",
        "lotus",
        "force",
        "india",
        "sauber",
        "toro"
    ],
    "category": [
        "sport",
        "motorsport"
    ]
}