{
    "title": "Spain arrests suspected al Qaeda operative",
    "url": "https://edition.cnn.com/2011/09/20/world/europe/spain-al-qaeda-arrest/index.html",
    "date": "2011-09-20",
    "keywords": [
        "suspect",
        "ministry",
        "statement",
        "arraignment",
        "mallorca",
        "internet",
        "resort",
        "island",
        "qaeda",
        "tourist",
        "spokeswoman",
        "story",
        "draw",
        "man",
        "suspicion",
        "jefm",
        "process",
        "radicalization",
        "arrest",
        "ratjada",
        "side",
        "capital",
        "palma",
        "year",
        "group",
        "mediterranean",
        "europe",
        "anonymity",
        "court",
        "terrorism",
        "law",
        "administrator",
        "indoctrination",
        "memory",
        "madrid",
        "al",
        "origin",
        "latin"
    ],
    "category": [
        "world",
        "europe"
    ]
}