{
    "title": "Murray to face Ferrer in final as he chases third straight title",
    "url": "https://edition.cnn.com/2011/10/15/sport/tennis/tennis-murray-ferrer-final/index.html",
    "date": "2011-10-15",
    "keywords": [
        "ferrer",
        "world",
        "number",
        "shanghai",
        "murray",
        "feliciano",
        "lopez",
        "title",
        "seed",
        "set",
        "career",
        "cibulkova",
        "story",
        "cnn",
        "qi",
        "zhong",
        "stadium",
        "spaniard",
        "compatriot",
        "federer",
        "superb",
        "run",
        "thailand",
        "japan",
        "twice",
        "opening",
        "loss",
        "game",
        "crown",
        "opportunity",
        "tiebreaker",
        "break",
        "decider",
        "victory",
        "tennis",
        "tokyo",
        "semifinal",
        "week",
        "germanys",
        "mayer",
        "tour",
        "slovakia",
        "champion",
        "petra",
        "kvitova",
        "republic",
        "linz",
        "austria",
        "beat",
        "czech",
        "player",
        "lucie",
        "overcame",
        "jelena",
        "jankovic"
    ],
    "category": [
        "sport",
        "tennis"
    ]
}