{
    "title": "Russia\u2019s Medvedev backs Putin for another presidential run",
    "url": "https://edition.cnn.com/2011/09/24/world/europe/russia-putin/index.html",
    "date": "2011-09-25",
    "keywords": [
        "putin",
        "president",
        "medvedev",
        "party",
        "minister",
        "russia",
        "term",
        "march",
        "ruling",
        "growth",
        "moscow",
        "vladimir",
        "december",
        "countrys",
        "presidency",
        "congress",
        "applause",
        "government",
        "time",
        "constitution",
        "story",
        "ballot",
        "cnn",
        "dmitry",
        "saturday",
        "turn",
        "role",
        "swap",
        "chance",
        "run_00011326",
        "video",
        "protege",
        "place",
        "speculation",
        "question",
        "candidate",
        "partys",
        "chairman",
        "endorsement",
        "office",
        "crowd",
        "ovation",
        "need",
        "experience",
        "authority",
        "delay",
        "year",
        "issue",
        "expediency",
        "proposal",
        "country",
        "decline",
        "crisis",
        "decade",
        "anyone",
        "speech",
        "honor",
        "voice",
        "command",
        "increase",
        "future",
        "world",
        "task",
        "russian",
        "election",
        "ticket",
        "efficientlyfunctioning",
        "team",
        "modernization",
        "member",
        "tandem",
        "force",
        "charge",
        "state",
        "chamber",
        "parliament",
        "arena",
        "cnns",
        "maxim",
        "tkachenko",
        "alla",
        "report"
    ],
    "category": [
        "world",
        "europe"
    ]
}