{
    "title": "Neuer reaches milestone as Bayern\u2019s winning run ends",
    "url": "https://edition.cnn.com/2011/10/01/sport/football/football-bayern-munich-dortmund/index.html",
    "date": "2011-10-01",
    "keywords": [
        "win",
        "home",
        "goal",
        "league",
        "hoffenheim",
        "hanover",
        "victory",
        "sheet",
        "manuel",
        "neuer",
        "borussia",
        "schalke",
        "bayern",
        "difference",
        "break",
        "coach",
        "jupp",
        "result",
        "battling",
        "display",
        "kept",
        "defeat",
        "minute",
        "dortmund",
        "stuttgart",
        "bayer",
        "leverkusen",
        "striker",
        "mario",
        "story",
        "goalkeeper",
        "cnn",
        "munichs",
        "run",
        "halt",
        "saturday",
        "draw",
        "preseason",
        "threepoint",
        "lead",
        "bundesliga",
        "sunday",
        "city",
        "match",
        "control",
        "spirit",
        "initiative",
        "draws",
        "opinion",
        "tuesday",
        "lot",
        "effort",
        "afternoon",
        "monchengladbach",
        "range",
        "hoffeheim",
        "augsburg",
        "poland",
        "robert",
        "lewandowski",
        "hattrick",
        "playmaker",
        "gotze",
        "genk",
        "castro",
        "scoring",
        "mandzukic",
        "hour",
        "mark",
        "erin",
        "derdiyok",
        "end",
        "hertha",
        "berlin",
        "pierremichel",
        "lasogga",
        "midfielder",
        "raffael",
        "nuremberg",
        "mainz",
        "sixgoal",
        "thriller",
        "pekhart",
        "side",
        "markus",
        "feulner",
        "mak",
        "bungert",
        "maxim",
        "choupomoting",
        "ivanschnitz",
        "kaiserslautern"
    ],
    "category": [
        "sport",
        "football"
    ]
}