{
    "title": "Denmark seal Euro 2012 spot after beating Portugal",
    "url": "https://edition.cnn.com/2011/10/11/sport/football/football-euro-2012-qualifiers/index.html",
    "date": "2011-10-11",
    "keywords": [
        "group",
        "spot",
        "home",
        "win",
        "place",
        "qualification",
        "portugal",
        "france",
        "playoff",
        "copenhagen",
        "runnersup",
        "draw",
        "bosnia",
        "herzegovina",
        "belgium",
        "euro",
        "consolation",
        "goal",
        "time",
        "dutch",
        "penalty",
        "world",
        "superb",
        "campaign",
        "minute",
        "ireland",
        "story",
        "claim",
        "salvage",
        "maintain",
        "record",
        "night",
        "game",
        "michael",
        "krohndehli",
        "sunderland",
        "striker",
        "bendtner",
        "ronaldo",
        "injury",
        "setback",
        "honor",
        "e",
        "klaasjan",
        "huntelaar",
        "dirk",
        "kuyt",
        "half",
        "larsson",
        "handball",
        "joris",
        "kick",
        "toivonen",
        "front",
        "defeat",
        "cup",
        "stade",
        "manchester",
        "citys",
        "edin",
        "dzecko",
        "shot",
        "halftime",
        "blancs",
        "samir",
        "nasri",
        "david",
        "silva",
        "spain",
        "break",
        "lithuania",
        "germany",
        "opener",
        "schuerrle",
        "mario",
        "gomez",
        "joachim",
        "side",
        "marouane",
        "fellaini",
        "turkey",
        "f",
        "friday",
        "targamadze",
        "winner",
        "scorer",
        "title",
        "match",
        "republic",
        "slovenia",
        "beat",
        "c",
        "estonia"
    ],
    "category": [
        "sport",
        "football"
    ]
}