{
    "title": "Euro giants falter as Barca, Real and Milan draw",
    "url": "https://edition.cnn.com/2011/09/21/sport/football/football-barca-real-draw/index.html",
    "date": "2011-09-21",
    "keywords": [
        "milan",
        "draw",
        "barcelona",
        "la",
        "match",
        "season",
        "ac",
        "madrid",
        "game",
        "coach",
        "mourinho",
        "team",
        "lead",
        "levante",
        "massimilano",
        "allegri",
        "half",
        "left",
        "goal",
        "win",
        "story",
        "santander",
        "valencia",
        "serie",
        "liga",
        "jose",
        "life",
        "racing",
        "defense",
        "fact",
        "superb",
        "strike",
        "fingertip",
        "save",
        "goalkeeper",
        "iker",
        "defeat",
        "league",
        "side",
        "im",
        "situation",
        "home",
        "player",
        "hasnt",
        "surprise",
        "cross",
        "pedro",
        "hernandez",
        "advantage",
        "miss",
        "roberto",
        "middle",
        "net",
        "somehow",
        "ball",
        "hand",
        "post",
        "fashion",
        "cesc",
        "fabregas",
        "money",
        "summer",
        "falcao",
        "tally",
        "beat",
        "bilbao",
        "whilst",
        "victory",
        "vallecano",
        "minute",
        "substitute",
        "stephan",
        "shaarawy",
        "result",
        "tuesday",
        "night",
        "inter",
        "novara",
        "piero",
        "gasperini",
        "job",
        "performance",
        "end",
        "counter",
        "table",
        "thing",
        "catania"
    ],
    "category": [
        "sport",
        "football"
    ]
}