{
    "title": "Spain minister warns ETA\u2019s end to violence is not end of story",
    "url": "https://edition.cnn.com/2011/10/21/world/europe/spain-eta/index.html",
    "date": "2011-10-21",
    "keywords": [
        "eta",
        "minister",
        "group",
        "spain",
        "end",
        "violence",
        "france",
        "announcement",
        "work",
        "terrorism",
        "terror",
        "basque",
        "statement",
        "peace",
        "government",
        "democracy",
        "process",
        "zapatero",
        "party",
        "cessation",
        "activity",
        "union",
        "state",
        "camacho",
        "task",
        "future",
        "fight",
        "friday",
        "guard",
        "security",
        "spokesman",
        "president",
        "development",
        "leader",
        "mariano",
        "time",
        "dialogue",
        "story",
        "antonio",
        "separatist",
        "threat",
        "day",
        "website",
        "gara",
        "newspaper",
        "speaking",
        "television",
        "part",
        "guaranteeing",
        "enforcement",
        "generation",
        "weight",
        "barbarity",
        "progress",
        "tireless",
        "police",
        "result",
        "outcome",
        "tenacity",
        "dedication",
        "lot",
        "council",
        "tommy",
        "vietor",
        "prospect",
        "step",
        "road",
        "promise",
        "tribute",
        "courage",
        "enduring",
        "freedom",
        "world",
        "ban",
        "hope",
        "chapter",
        "commission",
        "manuel",
        "barroso",
        "moment",
        "society",
        "news",
        "culmination",
        "sort",
        "past",
        "push",
        "effort",
        "gerry",
        "ireland",
        "kofi",
        "annan",
        "address",
        "jose",
        "rodriguez",
        "importance",
        "victory",
        "memory",
        "intelligence",
        "agency",
        "rearguard"
    ],
    "category": [
        "world",
        "europe"
    ]
}