{
    "title": "Hollywood A-listers hit the green \u2026",
    "url": "https://edition.cnn.com/2011/09/29/sport/golf/dunhill-links-st-andrews/index.html",
    "date": "2011-10-05",
    "keywords": [
        "event",
        "dunhill",
        "winner",
        "montgomerie",
        "rory",
        "champion",
        "star",
        "tour",
        "championship",
        "colin",
        "mcilroy",
        "kaymer",
        "prize",
        "cricketer",
        "week",
        "cancer",
        "motivation",
        "game",
        "lewis",
        "story",
        "golf",
        "film",
        "sport",
        "scotland",
        "father",
        "london",
        "cnn",
        "course",
        "grant",
        "opportunity",
        "dying",
        "tournament",
        "proam",
        "world",
        "luke",
        "donald",
        "americas",
        "dustin",
        "johnson",
        "share",
        "pot",
        "year",
        "turn",
        "dutch",
        "footballer",
        "johan",
        "shane",
        "warne",
        "australia",
        "hollywood",
        "st",
        "place",
        "douglas",
        "compete",
        "strokeplay",
        "competition",
        "amateur",
        "team",
        "england",
        "botham",
        "daly",
        "pair",
        "illness",
        "partner",
        "dyson",
        "open",
        "rock",
        "huey",
        "time",
        "morning",
        "nothing",
        "ernie",
        "visitor",
        "sun"
    ],
    "category": [
        "sport",
        "golf"
    ]
}