{
    "title": "Ranieri replaces Gasperini at Inter Milan",
    "url": "https://edition.cnn.com/2011/09/22/sport/football/football-inter-ranieri-gasperini/index.html",
    "date": "2011-09-22",
    "keywords": [
        "inter",
        "ranieri",
        "gasperini",
        "team",
        "milan",
        "claudio",
        "cup",
        "coach",
        "club",
        "serie",
        "season",
        "success",
        "roma",
        "benitez",
        "piero",
        "start",
        "charge",
        "chelsea",
        "valencia",
        "madrid",
        "work",
        "league",
        "june",
        "thursday",
        "pace",
        "system",
        "time",
        "boss",
        "mourinho",
        "stadium",
        "victory",
        "match",
        "story",
        "siena",
        "win",
        "cnn",
        "veteran",
        "chance",
        "tenure",
        "juventus",
        "atletico",
        "napoli",
        "run",
        "turmoil",
        "wednesday",
        "defeat",
        "history",
        "game",
        "outfit",
        "trabzonspor",
        "group",
        "stage",
        "fired_00003208",
        "video",
        "manager",
        "contract",
        "everyone",
        "internazionale",
        "pleasure",
        "staff",
        "fiorentina",
        "mentality",
        "lot",
        "squad",
        "aspect",
        "told",
        "television",
        "channel",
        "rai",
        "sport",
        "everything",
        "right",
        "strength",
        "end",
        "way",
        "reason",
        "tinkerman",
        "crown",
        "appointment",
        "jose",
        "siro",
        "historic",
        "treble",
        "spaniard",
        "rafael",
        "bernabeu",
        "liverpool",
        "december",
        "fifa",
        "world",
        "ac",
        "leonardo",
        "secondplace",
        "finish",
        "move",
        "germain",
        "director",
        "football",
        "ranieris",
        "trip"
    ],
    "category": [
        "sport",
        "football"
    ]
}