{
    "title": "Witness \u2018thought quake was a bomb\u2019",
    "url": "https://edition.cnn.com/2011/10/24/world/europe/turkey-quake-witnesses/index.html",
    "date": "2011-10-24",
    "keywords": [
        "quake",
        "earthquake",
        "ercis",
        "turkey",
        "van",
        "demir",
        "death",
        "video",
        "cnn",
        "devastation",
        "rescue",
        "toll",
        "damage",
        "site",
        "story",
        "magnitude",
        "decade",
        "monday",
        "brunt",
        "tremor",
        "sunday",
        "orhan",
        "rubble",
        "apartment",
        "brother",
        "wife",
        "toll_00000404",
        "voturkeywomanrescued_00002726",
        "woman",
        "voturkeyquakeerdogan_00000525",
        "fire",
        "street",
        "survey",
        "destruction",
        "city",
        "afpgetty",
        "bomb",
        "minister",
        "recep",
        "tayep",
        "municipality",
        "shouldnt",
        "building",
        "zone",
        "engineer",
        "aftermath",
        "izmit",
        "homeless",
        "region",
        "cnncomimpact",
        "resident",
        "ramazan",
        "palas",
        "isler",
        "balcony",
        "thunder",
        "someone",
        "sheet",
        "house"
    ],
    "category": [
        "world",
        "europe"
    ]
}