{
    "title": "Sharapova cruises into Pan Pacific third round",
    "url": "https://edition.cnn.com/2011/09/26/sport/tennis/tennis-sharapova-japan-open/index.html",
    "date": "2011-09-26",
    "keywords": [
        "set",
        "sharapova",
        "round",
        "tanasugarn",
        "year",
        "number",
        "world",
        "match",
        "datekrumm",
        "pan",
        "pacific",
        "japan",
        "today",
        "percentage",
        "afp",
        "tournament",
        "story",
        "cnn",
        "maria",
        "beat",
        "tamarine",
        "thailand",
        "point",
        "exit",
        "defeat",
        "veteran",
        "kimiko",
        "something",
        "nadir",
        "russian",
        "career",
        "shoulder",
        "surgery",
        "earlycareer",
        "form",
        "life",
        "style",
        "ball",
        "bit",
        "letdown",
        "victor",
        "minella",
        "luxembourg",
        "earthquake",
        "tsunami",
        "series",
        "plant",
        "everybody",
        "vera",
        "zvonareva",
        "everyone",
        "disaster",
        "happenedwe",
        "event"
    ],
    "category": [
        "sport",
        "tennis"
    ]
}