{
    "title": "EU slams Syria\u2019s al-Assad, slaps sanctions on Iran",
    "url": "https://edition.cnn.com/2011/10/10/world/europe/luxembourg-eu-foreign-ministers/index.html",
    "date": "2011-10-10",
    "keywords": [
        "eu",
        "union",
        "iran",
        "belarus",
        "opposition",
        "crackdown",
        "president",
        "syria",
        "repression",
        "council",
        "video",
        "ashton",
        "end",
        "humanity",
        "statement",
        "regime",
        "china",
        "security",
        "resolution",
        "travel",
        "concern",
        "asset",
        "freeze",
        "ban",
        "election",
        "government",
        "story",
        "libya",
        "agenda",
        "cnn",
        "bashar",
        "alassad",
        "blistering",
        "monday",
        "criticism",
        "condemns",
        "meeting",
        "luxembourg",
        "leader",
        "transition",
        "place",
        "creation",
        "day",
        "minister",
        "flag",
        "damonsyriazainabfamily_00000907",
        "woman",
        "pkgrothunsyriaveto_00002516",
        "un",
        "vote",
        "milder",
        "policy",
        "chief",
        "catherine",
        "action",
        "failure",
        "russia",
        "britain",
        "france",
        "pressure",
        "number",
        "import",
        "oil",
        "delivery",
        "currency",
        "bank",
        "light",
        "situation",
        "minority",
        "trade",
        "program",
        "society",
        "list",
        "december",
        "reelection",
        "alexander",
        "lukashenko",
        "fraud",
        "mass",
        "beating",
        "jailing",
        "candidate",
        "support",
        "libyas",
        "office",
        "tripoli",
        "delegation",
        "cnns",
        "chelsea",
        "j",
        "carter",
        "report"
    ],
    "category": [
        "world",
        "europe"
    ]
}