{
    "title": "Campaign ramps up in economically embattled Spain",
    "url": "https://edition.cnn.com/2011/11/04/world/europe/spain-elections/index.html",
    "date": "2011-11-04",
    "keywords": [
        "spain",
        "rajoy",
        "minister",
        "government",
        "campaign",
        "party",
        "crisis",
        "growth",
        "election",
        "candidate",
        "business",
        "rubalcaba",
        "economy",
        "mariano",
        "jose",
        "zapatero",
        "unemployment",
        "term",
        "project",
        "time",
        "partys",
        "platform",
        "week",
        "rally",
        "majority",
        "power",
        "part",
        "debate",
        "sector",
        "union",
        "region",
        "group",
        "story",
        "start",
        "madrid",
        "cnn",
        "opposition",
        "nation",
        "action",
        "rampedup",
        "campaigning",
        "rodriguez",
        "rate",
        "length",
        "march",
        "opinion",
        "lead",
        "percentage",
        "job",
        "occasion",
        "barcelona",
        "right",
        "alfredo",
        "perez",
        "thursday",
        "weekend",
        "monday",
        "night",
        "cabinet",
        "victory",
        "predict",
        "triumph",
        "shock",
        "plan",
        "austerity",
        "efficiency",
        "duplication",
        "interest",
        "cash",
        "risk",
        "italy",
        "portugal",
        "greece",
        "debt",
        "climate",
        "gdp",
        "highway",
        "infrastructure",
        "health",
        "care",
        "system",
        "construction",
        "estate",
        "boom",
        "credit",
        "challenger",
        "felipe",
        "gonzalez",
        "deputy",
        "policy",
        "budget",
        "investment",
        "framework",
        "experience",
        "professor",
        "ie",
        "school",
        "key",
        "period",
        "service"
    ],
    "category": [
        "world",
        "europe"
    ]
}