{
    "title": "Karthikeyan: Indian Grand Prix can spark Formula One boom",
    "url": "https://edition.cnn.com/2011/10/27/sport/motorsport/narain-karthikeyan-india-formula/index.html",
    "date": "2011-10-27",
    "keywords": [
        "driver",
        "prix",
        "karthikeyan",
        "circuit",
        "lot",
        "motorsport",
        "country",
        "formula",
        "race",
        "moment",
        "popularity",
        "narain",
        "countrys",
        "weekend",
        "grid",
        "time",
        "sport",
        "story",
        "cnn",
        "india",
        "excitement",
        "eve",
        "capital",
        "delhi",
        "debut",
        "event",
        "boom",
        "landmark",
        "course",
        "hispania",
        "team",
        "website",
        "fun",
        "try",
        "whole",
        "family",
        "everyone",
        "day",
        "following",
        "thirst",
        "exposure",
        "opportunity",
        "infrastructure",
        "interest",
        "tv",
        "live",
        "fraternity",
        "track",
        "everybody",
        "job",
        "doubt"
    ],
    "category": [
        "sport",
        "motorsport"
    ]
}