{
    "title": "Stay true to yourself, advises previous woman winner of Nobel Peace Prize",
    "url": "https://edition.cnn.com/2011/10/08/world/europe/nobelwomen/index.html",
    "date": "2011-10-08",
    "keywords": [
        "peace",
        "prize",
        "williams",
        "campaign",
        "night",
        "nobel",
        "leymah",
        "gbowee",
        "jody",
        "news",
        "land",
        "advice",
        "violence",
        "work",
        "president",
        "johnson",
        "activist",
        "karman",
        "share",
        "world",
        "day",
        "interview",
        "story",
        "winner",
        "issue",
        "behalf",
        "stay",
        "morning",
        "rape",
        "war",
        "york",
        "group",
        "women\u00b9s",
        "initiative",
        "bed",
        "husband",
        "computer",
        "monitor",
        "television",
        "official",
        "decision",
        "struggle",
        "safety",
        "sirleaf",
        "democracy",
        "development",
        "society",
        "number",
        "site",
        "cnncom",
        "trouble",
        "call",
        "window",
        "gravel",
        "driveway",
        "vermont",
        "list",
        "award",
        "organization",
        "introvert",
        "spotlight",
        "hasnt",
        "time",
        "lot",
        "attention",
        "thing",
        "ngos",
        "treaty",
        "government",
        "committee",
        "cross",
        "agreement",
        "conference",
        "norway",
        "september",
        "month",
        "focus",
        "east",
        "north",
        "africa",
        "representation",
        "spring",
        "kitchen",
        "dictator",
        "declaration",
        "past",
        "honor",
        "criticism",
        "point",
        "mentality",
        "change",
        "belief",
        "action"
    ],
    "category": [
        "world",
        "europe"
    ]
}