{
    "title": "Cibulkova claims maiden WTA title at Kremlin Cup",
    "url": "https://edition.cnn.com/2011/10/23/sport/tennis/tennis-cibulkova-kremlin-monfils/index.html",
    "date": "2011-10-23",
    "keywords": [
        "title",
        "tour",
        "kanepi",
        "victory",
        "seed",
        "service",
        "cibulkova",
        "cup",
        "janko",
        "tipsarevic",
        "year",
        "kremlin",
        "troicki",
        "story",
        "moscow",
        "beat",
        "tournament",
        "gael",
        "cnn",
        "kaia",
        "twohour",
        "minute",
        "marathon",
        "sunday",
        "challenge",
        "opponent",
        "schiavone",
        "svetlana",
        "kuznetsova",
        "way",
        "advantage",
        "opening",
        "break",
        "row",
        "tiebreak",
        "threeall",
        "decider",
        "feeling",
        "day",
        "wta",
        "vera",
        "zvonareva",
        "today",
        "compatriot",
        "viktor",
        "hour",
        "champion",
        "stockholm",
        "jarkko",
        "chance",
        "place",
        "world",
        "london"
    ],
    "category": [
        "sport",
        "tennis"
    ]
}