{
    "title": "Red Bull\u2019s Horner hopes for Vettel stay",
    "url": "https://edition.cnn.com/2011/09/28/sport/motorsport/horner-vettel-red-bull/index.html",
    "date": "2011-09-28",
    "keywords": [
        "vettel",
        "horner",
        "team",
        "prix",
        "point",
        "bull",
        "formula",
        "desire",
        "title",
        "singapore",
        "position",
        "driver",
        "consistency",
        "win",
        "ecclestone",
        "story",
        "speculation",
        "cnn",
        "talk",
        "world",
        "champion",
        "championship",
        "winner",
        "marque",
        "ferrari",
        "future",
        "switch",
        "hold",
        "guess",
        "car",
        "horse",
        "ferraris",
        "logo",
        "say",
        "retirement",
        "victory",
        "ninth",
        "season",
        "toro",
        "rosso",
        "racer",
        "man",
        "history",
        "finish",
        "time",
        "race",
        "october",
        "engine",
        "f1",
        "gp",
        "praise",
        "tone",
        "selfconfidence",
        "right",
        "pattern",
        "speed",
        "breathtaking",
        "supremo",
        "bernie",
        "humility",
        "success",
        "sebastian",
        "absolute",
        "business",
        "seb",
        "suzuka"
    ],
    "category": [
        "sport",
        "motorsport"
    ]
}