{
    "title": "Donald seals PGA money list triumph",
    "url": "https://edition.cnn.com/2011/10/24/sport/golf/golf-donald-simpson-pga/index.html",
    "date": "2011-10-24",
    "keywords": [
        "donald",
        "pga",
        "money",
        "simpson",
        "tour",
        "top",
        "world",
        "week",
        "list",
        "leonard",
        "career",
        "kind",
        "position",
        "line",
        "triumph",
        "round",
        "briton",
        "number",
        "luke",
        "season",
        "tie",
        "everything",
        "im",
        "moon",
        "story",
        "no1",
        "counting",
        "event",
        "florida",
        "honor",
        "sunday",
        "player",
        "webb",
        "miracle",
        "network",
        "justin",
        "win",
        "golfer",
        "wednesday",
        "goal",
        "nothing",
        "wait",
        "coleader",
        "leaderboard",
        "bunker",
        "hole",
        "victory",
        "lead",
        "walt",
        "disney",
        "resort",
        "adrift",
        "fiveway",
        "amount",
        "lot",
        "work",
        "performance",
        "rival",
        "experience",
        "golf",
        "end",
        "blast",
        "day",
        "glad",
        "threeway",
        "duo",
        "tom",
        "pernice",
        "jr",
        "kevin",
        "chappell",
        "level",
        "sunghoon",
        "kang",
        "trevor",
        "immelman",
        "nick",
        "ohern",
        "john",
        "winner",
        "rory",
        "mcilroy",
        "charl",
        "schwartzel",
        "wife",
        "birth",
        "child",
        "fortnight"
    ],
    "category": [
        "sport",
        "golf"
    ]
}