{
    "title": "Juventus continue fine start to Serie A season",
    "url": "https://edition.cnn.com/2011/09/25/sport/football/euro-roundup/index.html",
    "date": "2011-09-25",
    "keywords": [
        "draw",
        "catania",
        "werder",
        "villa",
        "sunday",
        "top",
        "juventus",
        "serie",
        "bundesliga",
        "berlin",
        "win",
        "home",
        "half",
        "winner",
        "game",
        "goal",
        "dunne",
        "story",
        "second",
        "hertha",
        "secure",
        "victory",
        "espanyol",
        "la",
        "liga",
        "qpr",
        "snatch",
        "cnn",
        "turin",
        "start",
        "season",
        "midway",
        "gonzalo",
        "bergessio",
        "genoa",
        "weekend",
        "moscardelli",
        "minute",
        "spot",
        "moenchengladbach",
        "striker",
        "claudio",
        "pizarro",
        "lastgasp",
        "bayern",
        "munich",
        "premier",
        "league",
        "aston",
        "richard",
        "stoppage",
        "time",
        "road",
        "lead",
        "barry",
        "armand",
        "traore",
        "agbonlahor",
        "set",
        "defender",
        "net",
        "mark",
        "barcelona",
        "point",
        "side",
        "percent",
        "record",
        "monday"
    ],
    "category": [
        "sport",
        "football"
    ]
}