{
    "title": "Scott on top as PGA series leaders falter in $10M Atlanta finale",
    "url": "https://edition.cnn.com/2011/09/24/sport/golf/golf-fedex-tour-championship-scott/index.html",
    "date": "2011-09-24",
    "keywords": [
        "tour",
        "championship",
        "scott",
        "choi",
        "pga",
        "day",
        "halfway",
        "stage",
        "clear",
        "spot",
        "fedex",
        "simpson",
        "weekend",
        "week",
        "justin",
        "season",
        "jason",
        "donald",
        "money",
        "shot",
        "story",
        "cup",
        "victory",
        "cnn",
        "jackpot",
        "grabs",
        "series",
        "round",
        "home",
        "loot",
        "prize",
        "sunday",
        "position",
        "lead",
        "endofseason",
        "bogeys",
        "birdie",
        "eagle",
        "snell",
        "champ_00011705",
        "golfs",
        "payday",
        "webb",
        "chance",
        "row",
        "website",
        "matter",
        "direction",
        "everything",
        "kj",
        "resurgent",
        "tiger",
        "sevenunder",
        "inform",
        "world",
        "luke",
        "part",
        "use",
        "foundation",
        "englishman",
        "bubba",
        "watson",
        "burst",
        "contention",
        "fifth",
        "leader",
        "bill",
        "mahan",
        "bradley",
        "atlanta",
        "club",
        "dufner",
        "playoff",
        "dustin",
        "johnson",
        "tie",
        "field",
        "group",
        "bottom",
        "heap"
    ],
    "category": [
        "sport",
        "golf"
    ]
}