{
    "title": "Dutch city\u2019s coffee shops close doors to most cannabis tourists",
    "url": "https://edition.cnn.com/2011/10/01/world/europe/netherlands-cannabis-tourists/index.html",
    "date": "2011-10-01",
    "keywords": [
        "coffee",
        "city",
        "cannabis",
        "ban",
        "place",
        "year",
        "drug",
        "problem",
        "spokeswoman",
        "border",
        "society",
        "shop",
        "cnn",
        "council",
        "something",
        "nuisance",
        "number",
        "passport",
        "nobody",
        "maastricht",
        "police",
        "citys",
        "policy",
        "relocation",
        "press",
        "release",
        "ministry",
        "justice",
        "responsibility",
        "story",
        "visitor",
        "belgium",
        "association",
        "country",
        "president",
        "owner",
        "form",
        "selfregulation",
        "law",
        "judge",
        "choice",
        "pot",
        "decrease",
        "crime",
        "move",
        "lot",
        "pressure",
        "traffic",
        "day",
        "information",
        "german",
        "entry",
        "question",
        "comment",
        "saturday",
        "party",
        "line",
        "department",
        "identity",
        "business",
        "carry",
        "tourist",
        "office",
        "july",
        "effect",
        "organization",
        "plan",
        "hash",
        "marijuana",
        "wont",
        "access",
        "government",
        "scale",
        "anyone",
        "weed",
        "pass",
        "security",
        "cabinet",
        "closure",
        "travel",
        "statement",
        "date",
        "implementation",
        "supply",
        "dutch",
        "use",
        "time",
        "sand"
    ],
    "category": [
        "world",
        "europe"
    ]
}