{
    "title": "McIlroy $2m richer after China victory",
    "url": "https://edition.cnn.com/2011/10/30/sport/golf/golf-mcilroy-china-prize/index.html",
    "date": "2011-10-30",
    "keywords": [
        "mcilroy",
        "golf",
        "kim",
        "prize",
        "lot",
        "nerve",
        "shanghai",
        "playoff",
        "world",
        "number",
        "anthony",
        "ill",
        "round",
        "par",
        "place",
        "tournament",
        "fund",
        "story",
        "hole",
        "victory",
        "richest",
        "cnn",
        "sunday",
        "malaren",
        "approach",
        "greenside",
        "bunker",
        "putt",
        "home",
        "win",
        "pressure",
        "shot",
        "satisfaction",
        "champion",
        "field",
        "opening",
        "day",
        "level",
        "total",
        "effort",
        "threeunder",
        "player",
        "sub",
        "hunter",
        "mahan",
        "youngster",
        "noh",
        "seungyul",
        "tour",
        "billionaire",
        "property",
        "tycoon",
        "shi",
        "jian",
        "challenge",
        "africa",
        "event",
        "winner"
    ],
    "category": [
        "sport",
        "golf"
    ]
}