{
    "title": "No end to Knox as pop culture obsession",
    "url": "https://edition.cnn.com/2011/10/03/world/europe/knox-obsession-continues/index.html",
    "date": "2011-10-04",
    "keywords": [
        "knox",
        "video",
        "amanda",
        "case",
        "jury",
        "murder",
        "conviction",
        "movie",
        "news",
        "italy",
        "monday",
        "meredith",
        "obsession",
        "colin",
        "firth",
        "race",
        "witch",
        "britain",
        "student",
        "village",
        "perugia",
        "family",
        "trial",
        "name",
        "attention",
        "press",
        "knoxy",
        "didnt",
        "face",
        "book",
        "kaye",
        "burleigh",
        "police",
        "reaction",
        "shell",
        "story",
        "bound",
        "film",
        "interview",
        "sex",
        "shedevil",
        "saga",
        "buzz",
        "phrase",
        "day",
        "housemate",
        "kercher",
        "courtroom",
        "prison",
        "culture",
        "outlet",
        "courthouse",
        "hillside",
        "victim",
        "chance",
        "plea_00000401",
        "appeal",
        "anderson",
        "reaction_00002009",
        "scrum",
        "knoxsotappealinnocent_00002618",
        "im",
        "life",
        "director",
        "michael",
        "winterbottom",
        "actor",
        "journalist",
        "tourism",
        "notoriety",
        "newspaper",
        "chocolate",
        "knoxs",
        "fall",
        "google",
        "feat",
        "cycle",
        "blogging",
        "twitter",
        "better",
        "plethora",
        "httpwwwtwittboxcomtagamanda",
        "roundup",
        "afternoon",
        "link",
        "conference",
        "image",
        "college",
        "murdering",
        "temptress",
        "page",
        "youtube",
        "sinister",
        "feel",
        "nickname",
        "gesture",
        "death",
        "web",
        "meaning",
        "deception"
    ],
    "category": [
        "world",
        "europe"
    ]
}