{
    "title": "Udinese go top as Milan thrash Catania",
    "url": "https://edition.cnn.com/2011/11/06/sport/football/football-italy-udinese-milan/index.html",
    "date": "2011-11-07",
    "keywords": [
        "home",
        "goal",
        "minute",
        "milan",
        "siena",
        "serie",
        "victory",
        "position",
        "match",
        "difference",
        "lazio",
        "ball",
        "defender",
        "francesco",
        "side",
        "robinho",
        "story",
        "level",
        "napoli",
        "top",
        "table",
        "captain",
        "natale",
        "target",
        "sunday",
        "rain",
        "ac",
        "situation",
        "juve",
        "place",
        "lead",
        "dusan",
        "basta",
        "range",
        "prolific",
        "advantage",
        "time",
        "bolzoni",
        "emanuele",
        "halfvolley",
        "win",
        "sculli",
        "winner",
        "championship",
        "race",
        "performance",
        "day",
        "point",
        "behind",
        "catania",
        "zlatan",
        "ibrahimovic",
        "penalty",
        "lanzafame",
        "area",
        "striker",
        "left",
        "robinhos",
        "strike",
        "line",
        "lodi",
        "gianluca",
        "zambrotta",
        "icing",
        "cake",
        "hand",
        "score",
        "aquilanis",
        "freekick"
    ],
    "category": [
        "sport",
        "football"
    ]
}