{
    "title": "Massive silver haul found on shipwreck",
    "url": "https://edition.cnn.com/2011/09/26/world/europe/gairsoppa-shipwreck-silver/index.html",
    "date": "2011-09-26",
    "keywords": [
        "silver",
        "ss",
        "gairsoppa",
        "ship",
        "wreck",
        "shipwreck",
        "story",
        "cargo",
        "company",
        "uboat",
        "ireland",
        "sea",
        "merchant",
        "bullion",
        "tea",
        "pig",
        "iron",
        "board",
        "coast",
        "world",
        "war",
        "project",
        "craig",
        "phase",
        "india",
        "loss",
        "brave",
        "dobson",
        "crew",
        "sinking",
        "depth",
        "laden",
        "haul",
        "metal",
        "steamship",
        "sunk",
        "ii",
        "archaeology",
        "salvage",
        "exploration",
        "submarine",
        "gairsoppas",
        "surface",
        "manager",
        "location",
        "identification",
        "target",
        "work",
        "planning",
        "recovery",
        "steam",
        "navigation",
        "africa",
        "wbt",
        "mark",
        "gordon",
        "ship_00010804",
        "video",
        "calcutta",
        "britain",
        "rest",
        "convoy",
        "weather",
        "fuel",
        "galway",
        "torpedo",
        "officer",
        "richard",
        "home",
        "landing",
        "cornwall",
        "cunningham",
        "archaeologist",
        "chord",
        "journey",
        "government",
        "contract",
        "agreement",
        "value"
    ],
    "category": [
        "world",
        "europe"
    ]
}