{
    "title": "Bruni reveals name of newborn daughter",
    "url": "https://edition.cnn.com/2011/10/20/world/europe/france-sarkozy-bruni-baby/index.html",
    "date": "2011-10-20",
    "keywords": [
        "birth",
        "bruni",
        "sarkozy",
        "wednesday",
        "name",
        "daughter",
        "giulia",
        "story",
        "paris",
        "child",
        "president",
        "wife",
        "carla",
        "thursday",
        "website",
        "message",
        "occasion",
        "husband",
        "kindness",
        "model",
        "singer",
        "marriage"
    ],
    "category": [
        "world",
        "europe"
    ]
}