{
    "title": "Strauss-Kahn and sex assault accuser questioned in Paris",
    "url": "https://edition.cnn.com/2011/09/29/world/europe/france-dsk-case/index.html",
    "date": "2011-09-29",
    "keywords": [
        "strausskahn",
        "banon",
        "judge",
        "assault",
        "york",
        "paris",
        "report",
        "police",
        "case",
        "station",
        "tv",
        "tristane",
        "version",
        "month",
        "fund",
        "chief",
        "dominique",
        "france",
        "tf1",
        "accuser",
        "imf",
        "arrest",
        "story",
        "questioning",
        "woman",
        "rape",
        "thursday",
        "session",
        "confrontation",
        "investigation",
        "trial",
        "comment",
        "bittermanndskcomments_00004114",
        "video",
        "scandal",
        "mistake",
        "journalist",
        "claire",
        "chazal",
        "news",
        "broadcast",
        "boulognebillancourt",
        "mea",
        "culpa",
        "fall",
        "complaint",
        "alleging",
        "countersuit",
        "politician",
        "anne",
        "mansouret",
        "time",
        "fear",
        "journalism",
        "career",
        "interview",
        "truth",
        "meeting",
        "act",
        "aggression",
        "violence",
        "monday",
        "suit",
        "head",
        "court",
        "law",
        "convention",
        "director",
        "immunity",
        "house",
        "state",
        "bronx",
        "lawsuit",
        "august",
        "credibility",
        "nafissatou",
        "diallo",
        "cnns",
        "niki",
        "cook"
    ],
    "category": [
        "world",
        "europe"
    ]
}