{
    "title": "Tsonga sent crashing out by Nishikori",
    "url": "https://edition.cnn.com/2011/10/12/sport/tennis/tennis-tsonga-nadal-shanghai/index.html",
    "date": "2011-10-12",
    "keywords": [
        "seed",
        "tsonga",
        "world",
        "victory",
        "round",
        "london",
        "im",
        "shanghai",
        "frenchman",
        "number",
        "rafael",
        "course",
        "break",
        "match",
        "moment",
        "rest",
        "nadal",
        "story",
        "nishikori",
        "japan",
        "cnn",
        "straightforward",
        "opening",
        "no47",
        "point",
        "defeat",
        "place",
        "tour",
        "nobody",
        "tournament",
        "guillermo",
        "garcialopez",
        "bangkok",
        "year",
        "bit",
        "mind",
        "today",
        "truth",
        "champion",
        "andy",
        "murray",
        "passage",
        "dmitry",
        "tursunov",
        "russia",
        "withdrew",
        "injury",
        "david",
        "ferrer",
        "canadas",
        "milos",
        "tomas",
        "berdych",
        "beat",
        "radek"
    ],
    "category": [
        "sport",
        "tennis"
    ]
}