{
    "title": "Ronaldo grabs hat-trick as Real go top in Spain",
    "url": "https://edition.cnn.com/2011/10/22/sport/football/football-barcelona-messi-ronaldo/index.html",
    "date": "2011-10-22",
    "keywords": [
        "messi",
        "ronaldo",
        "time",
        "sevilla",
        "penalty",
        "win",
        "way",
        "touch",
        "home",
        "hattrick",
        "liverpool",
        "premier",
        "cologne",
        "injury",
        "barcelona",
        "spot",
        "draw",
        "half",
        "point",
        "ball",
        "everything",
        "jose",
        "mourinho",
        "card",
        "chance",
        "break",
        "chelsea",
        "defeat",
        "goal",
        "city",
        "dortmund",
        "story",
        "cristiano",
        "norwich",
        "beat",
        "cnn",
        "la",
        "liga",
        "lionel",
        "nou",
        "camp",
        "madrid",
        "quickfire",
        "keeper",
        "javi",
        "game",
        "goalless",
        "triple",
        "malaga",
        "kickoff",
        "villa",
        "iniesta",
        "area",
        "substitute",
        "kanoute",
        "tussle",
        "cesc",
        "fabregas",
        "fracas",
        "navara",
        "gonzalo",
        "higuain",
        "front",
        "coach",
        "afp",
        "league",
        "order",
        "title",
        "race",
        "craig",
        "bellamy",
        "side",
        "grant",
        "holt",
        "header",
        "level",
        "wigan",
        "bottom",
        "surprise",
        "start",
        "season",
        "manchester",
        "meet",
        "tottenham",
        "action",
        "bundesliga",
        "place",
        "thumping",
        "midweek",
        "sign",
        "hangover",
        "kagawa",
        "schmelzer",
        "minute",
        "lewandowski",
        "captain",
        "kehl",
        "juventus",
        "gap",
        "top"
    ],
    "category": [
        "sport",
        "football"
    ]
}