{
    "title": "Gay senator leads race for Ireland president",
    "url": "https://edition.cnn.com/2011/09/28/world/europe/ireland-president/index.html",
    "date": "2011-09-28",
    "keywords": [
        "ballot",
        "comeback",
        "election",
        "norris",
        "president",
        "ireland",
        "party",
        "backing",
        "race",
        "opinion",
        "gay",
        "martin",
        "mcguinness",
        "labour",
        "politician",
        "republic",
        "tuesday",
        "poll",
        "head",
        "contest",
        "support",
        "scallon",
        "story",
        "commanderturnedpolitician",
        "october",
        "belfast",
        "cnn",
        "ira",
        "senator",
        "sen",
        "david",
        "sex",
        "scandal",
        "mind",
        "field",
        "sunday",
        "business",
        "post",
        "week",
        "michael",
        "sinn",
        "fein",
        "minister",
        "record",
        "countrys",
        "state",
        "intervention",
        "rival",
        "vote",
        "city",
        "entry",
        "democracy",
        "lifeline",
        "dublin",
        "return",
        "start",
        "august",
        "leniency",
        "partner",
        "rape",
        "boy",
        "israel",
        "candidate",
        "name",
        "paper",
        "country",
        "hope",
        "eurovision",
        "song",
        "winner",
        "exmember",
        "parliament",
        "council",
        "list",
        "frontrunner",
        "weekend",
        "bottom",
        "mitchell",
        "ruling",
        "gael",
        "davis",
        "sean",
        "gallagher"
    ],
    "category": [
        "world",
        "europe"
    ]
}