{
    "title": "Arson attacks disrupt German rail traffic",
    "url": "https://edition.cnn.com/2011/10/12/world/europe/germany-arson-attacks/index.html",
    "date": "2011-10-12",
    "keywords": [
        "group",
        "wednesday",
        "statement",
        "railway",
        "cnn",
        "police",
        "monday",
        "deutsche",
        "bahn",
        "hekla",
        "reward",
        "information",
        "responsibility",
        "device",
        "company",
        "department",
        "war",
        "world",
        "afghanistan",
        "story",
        "operator",
        "case",
        "one",
        "presence",
        "berlin",
        "traffic",
        "nobody",
        "explosion",
        "link",
        "hamburg",
        "damage",
        "spokesman",
        "arson",
        "attempt",
        "station",
        "rail",
        "victim",
        "manager",
        "security",
        "tuesday",
        "euro",
        "committeeinitiative",
        "morning",
        "capital",
        "function",
        "player",
        "export",
        "website",
        "intention",
        "life",
        "involvement",
        "agreement",
        "beginning",
        "poll",
        "opinion",
        "research",
        "institute",
        "yougov",
        "operation",
        "release",
        "bradley",
        "jail",
        "manning",
        "state",
        "fluid",
        "investigation",
        "agency",
        "landeskriminalamt",
        "way",
        "increase",
        "minister",
        "hanspeter",
        "friedrich",
        "office",
        "protection",
        "constitution",
        "committee",
        "anonymity",
        "source",
        "target",
        "homemade",
        "hub",
        "citys",
        "east",
        "army",
        "faction",
        "germany",
        "bank"
    ],
    "category": [
        "world",
        "europe"
    ]
}