{
    "title": "Soyuz rocket launched Friday after delay",
    "url": "https://edition.cnn.com/2011/10/21/world/europe/europe-soyuz-launch/index.html",
    "date": "2011-10-21",
    "keywords": [
        "agency",
        "space",
        "soyuz",
        "launch",
        "positioning",
        "guiana",
        "navigation",
        "constellation",
        "gps",
        "glonass",
        "thursday",
        "problem",
        "rival",
        "system",
        "flight",
        "rocket",
        "base",
        "story",
        "morning",
        "south",
        "america",
        "delay",
        "hitch",
        "russianbuilt",
        "milestone",
        "industry",
        "nucleus",
        "operator",
        "arianespace",
        "satellite",
        "way",
        "tomorrow",
        "ship",
        "aircraft",
        "liftoff",
        "soyuzs",
        "territory",
        "spaceport",
        "baikonur",
        "kazakhstan",
        "plesetsk",
        "russia",
        "start",
        "building",
        "statement",
        "effort",
        "union"
    ],
    "category": [
        "world",
        "europe"
    ]
}