{
    "title": "London cleric resigns amid Occupy cathedral protest",
    "url": "https://edition.cnn.com/2011/10/27/world/europe/uk-cathedral-protest/index.html",
    "date": "2011-10-27",
    "keywords": [
        "cathedral",
        "st",
        "safety",
        "protest",
        "london",
        "camp",
        "thursday",
        "right",
        "friday",
        "tent",
        "time",
        "notice",
        "action",
        "dean",
        "worship",
        "statement",
        "city",
        "staff",
        "fire",
        "pauls",
        "standard",
        "mayor",
        "story",
        "figure",
        "canon",
        "chancellor",
        "stock",
        "exchange",
        "presence",
        "week",
        "regret",
        "sadness",
        "fraser",
        "twitter",
        "reason",
        "newspaper",
        "post",
        "course",
        "rev",
        "graeme",
        "decision",
        "tourist",
        "attraction",
        "center",
        "heart",
        "district",
        "service",
        "pm",
        "website",
        "resignation",
        "moment",
        "churchyard",
        "sanctuary",
        "violence",
        "place",
        "cause",
        "challenging",
        "injustice",
        "wednesday",
        "way",
        "access",
        "team",
        "police",
        "brigade",
        "health",
        "court",
        "day",
        "risk",
        "boris",
        "johnson",
        "name",
        "god",
        "mammon",
        "radio",
        "damage",
        "occupy",
        "economy",
        "piece",
        "bishop",
        "richard",
        "reopening",
        "victory",
        "sense",
        "message",
        "debate",
        "issue",
        "architect",
        "sir",
        "christopher",
        "wren",
        "church",
        "site",
        "river"
    ],
    "category": [
        "world",
        "europe"
    ]
}