{
    "title": "Messi heads 2011 FIFA Ballon d\u2019Or shortlist",
    "url": "https://edition.cnn.com/2011/11/01/sport/football/football-2011-ballon-dor/index.html",
    "date": "2011-11-01",
    "keywords": [
        "fifa",
        "ballon",
        "dor",
        "shortlist",
        "award",
        "player",
        "spain",
        "year",
        "france",
        "body",
        "lionel",
        "messi",
        "gala",
        "world",
        "winner",
        "pique",
        "david",
        "villa",
        "cesc",
        "fabregas",
        "cristiano",
        "ronaldo",
        "brazil",
        "striker",
        "neymar",
        "etoo",
        "germany",
        "story",
        "barcelonas",
        "trophy",
        "footballer",
        "tuesday",
        "squad",
        "running",
        "combination",
        "accolade",
        "football",
        "incarnation",
        "honor",
        "time",
        "star",
        "dani",
        "club",
        "arsenal",
        "august",
        "candidate",
        "barcas",
        "nominee",
        "europe",
        "barcelona",
        "samuel",
        "season",
        "inter",
        "milan",
        "makhachkala",
        "russia",
        "prize",
        "female",
        "male",
        "sergio",
        "alonso",
        "benzema",
        "iker",
        "cameroon",
        "diego",
        "forlan",
        "thomas",
        "muller",
        "mesut",
        "gerard",
        "wayne",
        "rooney",
        "england",
        "schweinsteiger",
        "wesley",
        "sneijder",
        "suarez",
        "uruguay"
    ],
    "category": [
        "sport",
        "football"
    ]
}