{
    "title": "Magazine office burns as Islam issue hits stands",
    "url": "https://edition.cnn.com/2011/11/02/world/europe/france-magazine-burning/index.html",
    "date": "2011-11-02",
    "keywords": [
        "magazine",
        "freedom",
        "charlie",
        "hebdo",
        "prophet",
        "fire",
        "paris",
        "violence",
        "edition",
        "cover",
        "charb",
        "building",
        "mayor",
        "act",
        "spring",
        "figure",
        "morning",
        "issue",
        "law",
        "molotov",
        "bfmtv",
        "attack",
        "islam",
        "story",
        "cartoon",
        "arson",
        "wednesday",
        "day",
        "fun",
        "youre",
        "laughter",
        "publication",
        "director",
        "cocktail",
        "executive",
        "cnn",
        "affiliate",
        "outrage",
        "arsonist",
        "didnt",
        "one",
        "content",
        "minister",
        "claude",
        "gueant",
        "support",
        "nation",
        "press",
        "everything",
        "bertrand",
        "delanoe",
        "society",
        "expression",
        "order",
        "newspaper",
        "police",
        "investigation",
        "france",
        "minority",
        "country",
        "wearing",
        "face",
        "year",
        "security",
        "risk",
        "belgium",
        "legislation",
        "switzerland",
        "tall",
        "world",
        "founder",
        "bfm",
        "taboo",
        "subject",
        "right",
        "anything",
        "reference",
        "website",
        "tim",
        "claiming",
        "redirect",
        "page",
        "disgusting",
        "speech",
        "group",
        "statement",
        "cnns",
        "jack",
        "maddox",
        "bobby",
        "afshar",
        "saskya",
        "vandoorne",
        "report"
    ],
    "category": [
        "world",
        "europe"
    ]
}