{
    "title": "Stoner edges Spies in thrilling finish",
    "url": "https://edition.cnn.com/2011/11/06/sport/motorsport/motosport-motogp-valencia-stoner/index.html",
    "date": "2011-11-07",
    "keywords": [
        "race",
        "stoner",
        "world",
        "couple",
        "champion",
        "motogp",
        "ben",
        "season",
        "lap",
        "casey",
        "valencia",
        "victory",
        "marco",
        "death",
        "place",
        "pedrosa",
        "bit",
        "motor",
        "story",
        "cnn",
        "battle",
        "way",
        "line",
        "lead",
        "hundredth",
        "assen",
        "june",
        "andrea",
        "dovizioso",
        "briton",
        "crutchlow",
        "nakasuga",
        "japan",
        "straight",
        "championship",
        "triumph",
        "year",
        "career",
        "win",
        "honda",
        "rider",
        "jorge",
        "lorenzo",
        "finger",
        "injury",
        "doviziosos",
        "simoncelli",
        "crash",
        "malaysia",
        "fortnight",
        "moto2",
        "honor",
        "italian"
    ],
    "category": [
        "sport",
        "motorsport"
    ]
}