{
    "title": "Basque group ETA announces end to campaign of violence",
    "url": "https://edition.cnn.com/2011/10/20/world/europe/spain-eta/index.html",
    "date": "2011-10-21",
    "keywords": [
        "eta",
        "group",
        "basque",
        "minister",
        "party",
        "statement",
        "spain",
        "announcement",
        "zapatero",
        "government",
        "victory",
        "time",
        "fight",
        "france",
        "terrorism",
        "end",
        "peace",
        "process",
        "separatist",
        "cessation",
        "activity",
        "country",
        "state",
        "violence",
        "leader",
        "democracy",
        "president",
        "declaration",
        "conflict",
        "development",
        "dialogue",
        "stance",
        "story",
        "commission",
        "chief",
        "barroso",
        "moment",
        "website",
        "gara",
        "newspaper",
        "organization",
        "union",
        "push",
        "effort",
        "gerry",
        "ireland",
        "kofi",
        "annan",
        "address",
        "jose",
        "rodriguez",
        "importance",
        "memory",
        "guard",
        "intelligence",
        "agency",
        "rearguard",
        "base",
        "assistance",
        "standing",
        "crisis",
        "term",
        "police",
        "crackdown",
        "popularity",
        "society",
        "thursday",
        "significance",
        "meeting",
        "monday",
        "city",
        "conference",
        "opposition",
        "bertie",
        "akin",
        "culmination",
        "sort",
        "past",
        "opportunity",
        "solution",
        "agreement",
        "repression",
        "night",
        "alfredo",
        "perez",
        "candidate",
        "unity",
        "key",
        "continue",
        "today",
        "protagonist",
        "law",
        "mariano",
        "rajoy",
        "opinion",
        "lead",
        "satisfaction",
        "decision",
        "step",
        "dissolution"
    ],
    "category": [
        "world",
        "europe"
    ]
}