{
    "title": "McIlroy aims for the top of the world",
    "url": "https://edition.cnn.com/2011/09/28/sport/golf/mcilroy-wozniacki-number-one/index.html",
    "date": "2011-09-29",
    "keywords": [
        "mcilroy",
        "tennis",
        "year",
        "golf",
        "rory",
        "golfer",
        "world",
        "number",
        "field",
        "round",
        "day",
        "pga",
        "time",
        "relationship",
        "caroline",
        "championship",
        "achievement",
        "accomplishment",
        "goal",
        "augusta",
        "position",
        "japan",
        "shot",
        "root",
        "im",
        "bit",
        "story",
        "star",
        "compatriot",
        "luke",
        "donald",
        "cnn",
        "care",
        "look",
        "something",
        "graeme",
        "triumph",
        "june",
        "career",
        "lead",
        "start",
        "disappointment",
        "georgia",
        "anything",
        "wozniacki",
        "video",
        "hole",
        "tournament",
        "idea",
        "injury",
        "wrist",
        "ball",
        "rough",
        "result",
        "setback",
        "twotime",
        "winner",
        "tour",
        "caddy",
        "jp",
        "fitzgerald",
        "swing",
        "course",
        "mistake",
        "thing",
        "person",
        "female",
        "player",
        "profile",
        "share",
        "advice",
        "competition",
        "spent",
        "lot",
        "couple",
        "side",
        "sport",
        "head",
        "talk"
    ],
    "category": [
        "sport",
        "golf"
    ]
}