{
    "title": "Top seed Nadal into Tokyo quarters",
    "url": "https://edition.cnn.com/2011/10/06/sport/tennis/tennis-nadal-murray-tokyo/index.html",
    "date": "2011-10-06",
    "keywords": [
        "seed",
        "world",
        "rafael",
        "murray",
        "round",
        "opponent",
        "match",
        "win",
        "number",
        "top",
        "japan",
        "tsonga",
        "china",
        "beat",
        "tournament",
        "champion",
        "serve",
        "victory",
        "motivation",
        "challenge",
        "success",
        "start",
        "baghdatis",
        "david",
        "spaniard",
        "tour",
        "title",
        "niculescu",
        "story",
        "andy",
        "milos",
        "raonic",
        "year",
        "thursday",
        "ariake",
        "coliseum",
        "event",
        "triumph",
        "break",
        "beginning",
        "nadal",
        "atp",
        "website",
        "giraldo",
        "dimitry",
        "tursunov",
        "alex",
        "bogomolov",
        "jr",
        "way",
        "set",
        "bit",
        "lot",
        "performance",
        "finalist",
        "nalbandian",
        "argentinean",
        "croat",
        "ivan",
        "dodig",
        "ferrer",
        "place",
        "qualifier",
        "matthew",
        "ebden",
        "meanwhile",
        "wildcard",
        "ze",
        "quest",
        "career",
        "clash",
        "juan",
        "carlos",
        "ferrero",
        "marcel",
        "monica",
        "wta",
        "loss",
        "virginie",
        "razzano",
        "li",
        "na",
        "opening",
        "russian",
        "azarenka",
        "anastasia",
        "caroline",
        "wozniacki",
        "player",
        "draw"
    ],
    "category": [
        "sport",
        "tennis"
    ]
}