{
    "title": "Aircraft canopies the future of motorsport safety?",
    "url": "https://edition.cnn.com/2011/10/19/sport/motorsport/motorsport-f1-mosley-wheldon/index.html",
    "date": "2011-10-19",
    "keywords": [
        "mosley",
        "driver",
        "max",
        "fia",
        "canopy",
        "motorsport",
        "indycar",
        "use",
        "death",
        "dan",
        "safety",
        "car",
        "accident",
        "president",
        "injury",
        "wheldon",
        "spring",
        "youre",
        "danger",
        "cockpit",
        "example",
        "story",
        "world",
        "body",
        "effectiveness",
        "star",
        "sunday",
        "federation",
        "internationale",
        "introduction",
        "multicar",
        "crash",
        "idea",
        "attempt",
        "recurrence",
        "collision",
        "las",
        "vegas",
        "motor",
        "institute",
        "jet",
        "fighter",
        "year",
        "highpower",
        "cannon",
        "polycarbonate",
        "shield",
        "race",
        "track",
        "f1",
        "felipe",
        "massa",
        "brawn",
        "gp",
        "ferrari",
        "head",
        "coma",
        "moment",
        "safety_00000321",
        "video",
        "cnn",
        "wheel",
        "formula",
        "john",
        "roll",
        "bar",
        "something",
        "investigation",
        "test",
        "commitment",
        "probability",
        "champion",
        "stewart",
        "change",
        "device",
        "quicker",
        "lot",
        "emergency",
        "working",
        "group",
        "thing",
        "confidence",
        "organization",
        "protect",
        "fulltime",
        "everything",
        "protection"
    ],
    "category": [
        "sport",
        "motorsport"
    ]
}