{
    "title": "Special forces rescue ship from pirates, Italy says",
    "url": "https://edition.cnn.com/2011/10/11/world/europe/italy-pirates/index.html",
    "date": "2011-10-11",
    "keywords": [
        "ship",
        "crew",
        "ministry",
        "message",
        "operation",
        "statement",
        "laine",
        "somali",
        "overboard",
        "bottle",
        "defense",
        "minister",
        "area",
        "maritime",
        "bureau",
        "monday",
        "vessel",
        "boarding",
        "team",
        "captain",
        "board",
        "dalesio",
        "group",
        "coast",
        "year",
        "number",
        "story",
        "italys",
        "deal",
        "montecristo",
        "engine",
        "room",
        "cardboard",
        "sign",
        "control",
        "equipment",
        "officer",
        "uss",
        "wert",
        "scene",
        "hms",
        "fort",
        "lt",
        "cnn",
        "sea",
        "deck",
        "place",
        "violence",
        "custody",
        "security",
        "time",
        "rescue",
        "italy",
        "somalia",
        "ignazio",
        "la",
        "russa",
        "agreement",
        "tuesday",
        "confederation",
        "ocean",
        "risk",
        "union",
        "region",
        "september",
        "date",
        "imb",
        "cnns",
        "richard",
        "chris",
        "lawrence",
        "claudia",
        "rebaza",
        "gisella",
        "deputato",
        "laura",
        "perez",
        "maestro",
        "david",
        "mckenzie",
        "report"
    ],
    "category": [
        "world",
        "europe"
    ]
}