{
    "title": "St Andrews to host 2015 British Open",
    "url": "https://edition.cnn.com/2011/10/11/sport/golf/golf-st-andrews-open/index.html",
    "date": "2011-10-11",
    "keywords": [
        "tournament",
        "golf",
        "course",
        "time",
        "place",
        "home",
        "jug",
        "championship",
        "winner",
        "claret",
        "venue",
        "victory",
        "july",
        "royal",
        "peter",
        "dawson",
        "st",
        "andrews",
        "bobby",
        "economy",
        "story",
        "open",
        "cnn",
        "golfs",
        "louis",
        "oosthuizen",
        "triumph",
        "edition",
        "executive",
        "return",
        "trophy",
        "tiger",
        "seve",
        "ballesteros",
        "gentleman",
        "jack",
        "golfer",
        "triumphs",
        "career",
        "injection",
        "scotland",
        "lytham",
        "club",
        "lancashire",
        "england"
    ],
    "category": [
        "sport",
        "golf"
    ]
}