{
    "title": "Bradley holds off Schwartzel to win Grand Slam of Golf",
    "url": "https://edition.cnn.com/2011/10/19/sport/golf/golf-bradley-pga-slam/index.html",
    "date": "2011-10-20",
    "keywords": [
        "schwartzel",
        "round",
        "bradley",
        "golf",
        "slam",
        "bermuda",
        "rookie",
        "levelpar",
        "fourunder",
        "charl",
        "championship",
        "season",
        "pga",
        "tournament",
        "day",
        "lead",
        "story",
        "oneshot",
        "atlanta",
        "invite",
        "event",
        "cnn",
        "triumphant",
        "wednesday",
        "africa",
        "endofseason",
        "title",
        "shot",
        "port",
        "royal",
        "course",
        "tworound",
        "champion",
        "rory",
        "mcilroy",
        "fourover",
        "place",
        "clarke",
        "way",
        "pace",
        "winner",
        "tour",
        "byron",
        "nelson",
        "triumph",
        "dufner",
        "playoff",
        "remarkably",
        "appearance",
        "feat",
        "nerve",
        "level",
        "turn",
        "opening",
        "hole",
        "finish",
        "lot",
        "victory",
        "stretch"
    ],
    "category": [
        "sport",
        "golf"
    ]
}