{
    "title": "German legend Matthaus sacked by Bulgaria",
    "url": "https://edition.cnn.com/2011/09/19/sport/football/lothar-matthaus-bulgaria-sacked/index.html",
    "date": "2011-09-20",
    "keywords": [
        "matthaus",
        "world",
        "cup",
        "team",
        "charge",
        "coach",
        "group",
        "g",
        "championship",
        "winner",
        "football",
        "league",
        "story",
        "bulgaria",
        "match",
        "qualification",
        "string",
        "lothar",
        "foreigner",
        "post",
        "place",
        "poland",
        "summer",
        "contention",
        "win",
        "president",
        "union",
        "man",
        "dominance",
        "sign",
        "weakness",
        "pressure",
        "negativity",
        "squad",
        "change",
        "playing",
        "career",
        "victory",
        "outfield",
        "player",
        "time",
        "path",
        "success",
        "management",
        "bull",
        "salzburg",
        "maccabi",
        "netanya"
    ],
    "category": [
        "sport",
        "football"
    ]
}