{
    "title": "Trial delayed of scientists accused over L\u2019Aquila quake",
    "url": "https://edition.cnn.com/2011/10/01/world/europe/italy-quake-trial/index.html",
    "date": "2011-10-01",
    "keywords": [
        "trial",
        "information",
        "laquila",
        "agency",
        "risk",
        "earthquake",
        "city",
        "ingv",
        "protection",
        "world",
        "government",
        "quake",
        "italy",
        "panel",
        "assessment",
        "saturday",
        "president",
        "science",
        "commission",
        "meeting",
        "concern",
        "year",
        "agu",
        "statement",
        "story",
        "scientist",
        "official",
        "tremor",
        "damage",
        "perugia",
        "manslaughter",
        "connection",
        "institute",
        "vulcanology",
        "member",
        "generic",
        "april",
        "attorney",
        "defendant",
        "enzo",
        "thenpresident",
        "rome",
        "cnn",
        "defense",
        "postponement",
        "prosecution",
        "hearing",
        "october",
        "vicedirector",
        "mauro",
        "head",
        "office",
        "court",
        "professor",
        "domenico",
        "giardini",
        "way",
        "answer",
        "question",
        "number",
        "communication",
        "chain",
        "japan",
        "transfer",
        "responsibility",
        "presence",
        "compensation",
        "march",
        "citys",
        "activity",
        "press",
        "destruction",
        "loss",
        "life",
        "association",
        "advancement",
        "napolitano",
        "june",
        "indictment",
        "union",
        "criminal",
        "research",
        "rest",
        "timing",
        "location",
        "magnitude",
        "mitigate",
        "litigation",
        "field",
        "seismology",
        "journalist",
        "report"
    ],
    "category": [
        "world",
        "europe"
    ]
}