{
    "title": "Nadal faces in-form Murray in Tokyo final",
    "url": "https://edition.cnn.com/2011/10/08/sport/tennis/tennis-nadal-murray-japan/index.html",
    "date": "2011-10-08",
    "keywords": [
        "title",
        "world",
        "murray",
        "radwanska",
        "nadal",
        "year",
        "match",
        "petkovic",
        "challenge",
        "chance",
        "japan",
        "spaniard",
        "berdych",
        "china",
        "tour",
        "tennis",
        "playing",
        "djokovic",
        "tokyo",
        "compatriot",
        "seasonending",
        "sunday",
        "story",
        "tomas",
        "agnieszka",
        "beijing",
        "cnn",
        "rafael",
        "inform",
        "andy",
        "briton",
        "week",
        "bangkok",
        "website",
        "mardy",
        "leader",
        "hardcourt",
        "david",
        "thailand",
        "success",
        "start",
        "atp",
        "smart",
        "ball",
        "back",
        "court",
        "performance",
        "london",
        "roger",
        "federer",
        "ferrer",
        "berth",
        "month",
        "tsonga",
        "czech",
        "frenchman",
        "appearance",
        "season",
        "beat",
        "ivan",
        "runnerup",
        "marseille",
        "home",
        "soil",
        "umag",
        "event",
        "bid",
        "run",
        "li",
        "conqueror",
        "monica",
        "qualifier",
        "seed",
        "weekend",
        "italys",
        "flavia",
        "pennetta",
        "caroline",
        "wozniacki",
        "player",
        "victory"
    ],
    "category": [
        "sport",
        "tennis"
    ]
}