{
    "title": "Kvitova dumps Wozniacki out of WTA Championships",
    "url": "https://edition.cnn.com/2011/10/27/sport/tennis/kvitova-wozniacki-istanbul-wta/index.html",
    "date": "2011-10-28",
    "keywords": [
        "group",
        "li",
        "kvitova",
        "match",
        "spot",
        "wozniacki",
        "radwanska",
        "place",
        "body",
        "semis",
        "world",
        "zvonareva",
        "cnn",
        "victory",
        "season",
        "something",
        "im",
        "didnt",
        "qualification",
        "azarenka",
        "stosur",
        "crowd",
        "story",
        "no1",
        "tournament",
        "berth",
        "wimbledon",
        "champion",
        "defeat",
        "top",
        "number",
        "trainer",
        "sick",
        "bottom",
        "round",
        "robin",
        "nice",
        "istanbul",
        "experience",
        "play",
        "today",
        "brain",
        "unfortunate",
        "time",
        "friday",
        "poland",
        "vera",
        "pole",
        "set",
        "clash",
        "victoria",
        "belarusian",
        "meeting",
        "marion",
        "maria",
        "sharapova",
        "site",
        "na",
        "return",
        "tennis",
        "winner"
    ],
    "category": [
        "sport",
        "tennis"
    ]
}