{
    "title": "Turkish rescuers pull 2 more from quake rubble",
    "url": "https://edition.cnn.com/2011/10/26/world/europe/turkey-quake/index.html",
    "date": "2011-10-27",
    "keywords": [
        "turkey",
        "earthquake",
        "agency",
        "aid",
        "quake",
        "baby",
        "rescue",
        "news",
        "magnay",
        "video",
        "town",
        "story",
        "debris",
        "day",
        "mother",
        "grandmother",
        "ercis",
        "emergency",
        "teacher",
        "hospital",
        "search",
        "province",
        "van",
        "rubble",
        "wednesday",
        "region",
        "reconstruction",
        "impact",
        "world",
        "page",
        "woman",
        "man",
        "government",
        "shook",
        "aftermath",
        "disaster",
        "relief",
        "statement",
        "website",
        "state",
        "gozde",
        "bahar",
        "difficulty",
        "breathing",
        "treatment",
        "rescue_00000000",
        "rescues_00000626",
        "eyup",
        "building",
        "field",
        "information",
        "father",
        "karaduman",
        "guvecli",
        "border",
        "percent",
        "supply",
        "minister",
        "recep",
        "tayyip",
        "erdogan",
        "organization",
        "health",
        "area",
        "tuesday",
        "need",
        "phase",
        "searchandrescue",
        "anadolu",
        "embassy",
        "promising",
        "japan",
        "tsunami",
        "march",
        "crisis",
        "france",
        "jordan",
        "qatar",
        "switzerland",
        "israel",
        "ukraine",
        "ministry",
        "defense",
        "plane",
        "commando",
        "raid",
        "gazabound",
        "flotilla",
        "laden",
        "izmit",
        "survey",
        "tremor",
        "duzce",
        "year",
        "diana"
    ],
    "category": [
        "world",
        "europe"
    ]
}