{
    "title": "Newspapers on Gadhafi: \u2018We loved him, we hated him, we loved him again\u2019",
    "url": "https://edition.cnn.com/2011/10/21/world/europe/gadhafi-press-review/index.html",
    "date": "2011-10-21",
    "keywords": [
        "death",
        "gadhafi",
        "libya",
        "end",
        "video",
        "headline",
        "lockerbie",
        "campaign",
        "country",
        "gadhafis",
        "world",
        "intervention",
        "combination",
        "blair",
        "moammar",
        "leftleaning",
        "success",
        "die",
        "question",
        "strongman",
        "newspaper",
        "sense",
        "paper",
        "revenge",
        "body",
        "killing",
        "nato",
        "council",
        "capture",
        "mass",
        "dictator",
        "mr",
        "war",
        "corleone",
        "duck",
        "robert",
        "libyas",
        "york",
        "story",
        "germanys",
        "london",
        "cnn",
        "photos",
        "friday",
        "relief",
        "conflict",
        "sun",
        "tabloid",
        "britain",
        "thats",
        "editorial",
        "today",
        "operation",
        "architect",
        "ira",
        "policewoman",
        "yvonne",
        "rat",
        "drain",
        "cooler",
        "mos",
        "reaction",
        "london_00012203",
        "react",
        "riddellfrancegadhafireax_00010106",
        "france",
        "candiottigadhafideathpanam_00004318",
        "pan",
        "bin",
        "madman",
        "wheel",
        "history",
        "spring",
        "scalp",
        "thursday",
        "mission",
        "sevenmonthlong",
        "state",
        "chaos",
        "anarchy",
        "fall",
        "saddam",
        "obligation",
        "ragtag",
        "darker",
        "skin",
        "behavior",
        "spirit",
        "justice",
        "reconciliation",
        "germany",
        "conflicting",
        "information",
        "crossfire",
        "mob",
        "character",
        "poet",
        "butcher",
        "reporting",
        "murderer"
    ],
    "category": [
        "world",
        "europe"
    ]
}