{
    "title": "Suspected al Qaeda operative is released, but must check in",
    "url": "https://edition.cnn.com/2011/09/23/world/europe/spain-al-qaeda-arrest/index.html",
    "date": "2011-09-23",
    "keywords": [
        "suspect",
        "court",
        "police",
        "qaeda",
        "spokeswoman",
        "ministry",
        "statement",
        "order",
        "station",
        "home",
        "resort",
        "island",
        "madrid",
        "spain",
        "cuban",
        "judge",
        "terrorism",
        "internet",
        "story",
        "man",
        "week",
        "friday",
        "liberty",
        "jefm",
        "closeddoor",
        "arraignment",
        "fernando",
        "andreu",
        "defense",
        "lawyer",
        "francisco",
        "fernandez",
        "castan",
        "cnn",
        "hearing",
        "fact",
        "example",
        "freedom",
        "expression",
        "memory",
        "time",
        "arrest",
        "tuesday",
        "custom",
        "tshirt",
        "dark",
        "cala",
        "rajada",
        "side",
        "mallorca",
        "capital",
        "palma",
        "membership",
        "indoctrination",
        "year",
        "group",
        "mediterranean",
        "tourist",
        "europe",
        "al",
        "website",
        "origin",
        "latin",
        "america"
    ],
    "category": [
        "world",
        "europe"
    ]
}