{
    "title": "Marco Simoncelli: The motorcycling star who shined so bright",
    "url": "https://edition.cnn.com/2011/10/27/sport/motorsport/motorsport-marco-simoncelli-motogp/index.html",
    "date": "2011-10-27",
    "keywords": [
        "simoncelli",
        "marco",
        "rider",
        "world",
        "father",
        "motogp",
        "crash",
        "malaysia",
        "life",
        "paolo",
        "talent",
        "someone",
        "death",
        "valentino",
        "rossi",
        "house",
        "guy",
        "palmeri",
        "journalist",
        "coriano",
        "honda",
        "age",
        "soul",
        "race",
        "weekend",
        "gallery",
        "son",
        "everyone",
        "farewell",
        "family",
        "girlfriend",
        "dinner",
        "money",
        "way",
        "figure",
        "time",
        "sport",
        "story",
        "motorcyclist",
        "gresini",
        "sunday",
        "style",
        "approach",
        "loss",
        "cnn",
        "tragedy",
        "italys",
        "motorcycling",
        "sunshine",
        "god",
        "television",
        "interview",
        "room",
        "teenager",
        "championship",
        "hero",
        "wall",
        "kuala",
        "lumpur",
        "lot",
        "rain",
        "reason",
        "gift",
        "anger",
        "kate",
        "fretti",
        "motorsport",
        "fun",
        "mess",
        "everything",
        "one",
        "millionaire",
        "table",
        "boy",
        "girl",
        "simoncellis",
        "didnt",
        "damn",
        "food",
        "price",
        "bike",
        "trouble",
        "press",
        "dani",
        "pedrosa",
        "collarbone",
        "gp",
        "team",
        "sensitivity",
        "wine",
        "cork",
        "legend",
        "casey",
        "stoner",
        "jorge",
        "nobody",
        "sense",
        "limit",
        "battle",
        "formula"
    ],
    "category": [
        "sport",
        "motorsport"
    ]
}