{
    "title": "Dutch Open delayed by vandals, rain and bad light",
    "url": "https://edition.cnn.com/2011/09/08/sport/dutch-open-day-one/index.html",
    "date": "2011-09-09",
    "keywords": [
        "course",
        "round",
        "dyson",
        "weather",
        "day",
        "opening",
        "rain",
        "kaymer",
        "lead",
        "damage",
        "martin",
        "play",
        "morning",
        "champion",
        "world",
        "number",
        "hilversumsche",
        "tour",
        "story",
        "curtail",
        "eve",
        "light",
        "mean",
        "holder",
        "cnn",
        "inclement",
        "open",
        "field",
        "germanys",
        "marcel",
        "siem",
        "share",
        "fiveunderpar",
        "rory",
        "mcilroy",
        "westwood",
        "friday",
        "shot",
        "wilson",
        "david",
        "lynn",
        "threeunder",
        "alongside",
        "golf",
        "hour",
        "delay",
        "illness",
        "performance",
        "thats",
        "simon",
        "cold",
        "feel",
        "wet",
        "twice",
        "use",
        "birdie",
        "putt",
        "liein",
        "shape",
        "tomorrow",
        "championship",
        "director",
        "daan",
        "slooter",
        "web",
        "site",
        "moment",
        "club",
        "condition",
        "professionalism",
        "tournament",
        "vote"
    ],
    "category": [
        "sport"
    ]
}