{
    "title": "Sinn Fein\u2019s McGuinness \u2018won\u2019t be interrogated\u2019 about IRA past",
    "url": "https://edition.cnn.com/2011/09/19/world/europe/ireland-president/index.html",
    "date": "2011-09-19",
    "keywords": [
        "ireland",
        "mcguinness",
        "president",
        "ira",
        "peace",
        "martin",
        "fein",
        "sunday",
        "republic",
        "leader",
        "peacemaker",
        "sinn",
        "party",
        "process",
        "candidate",
        "monday",
        "past",
        "elliott",
        "campaign",
        "role",
        "violence",
        "friday",
        "part",
        "citizen",
        "mcaleese",
        "poll",
        "race",
        "story",
        "cnn",
        "commander",
        "interviewer",
        "radio",
        "minister",
        "tom",
        "clean",
        "side",
        "divide",
        "involvement",
        "hurt",
        "candidacy",
        "wife",
        "bomb",
        "attack",
        "shankill",
        "road",
        "belfast",
        "agreement",
        "partys",
        "nomination",
        "obligation",
        "death",
        "dissident",
        "splinter",
        "support",
        "upsurge",
        "province",
        "speech",
        "temptation",
        "god",
        "sense",
        "moment",
        "man",
        "confidence",
        "participation",
        "election",
        "proud",
        "government",
        "alongside",
        "kingdom",
        "anyone",
        "parliament",
        "dail",
        "eireann",
        "year",
        "bar",
        "end",
        "term",
        "opinion",
        "michael",
        "sen",
        "norris",
        "august",
        "independentmillward",
        "name"
    ],
    "category": [
        "world",
        "europe"
    ]
}