{
    "title": "Simpson set for PGA Tour money showdown with Donald",
    "url": "https://edition.cnn.com/2011/10/17/sport/golf/golf-crane-simpson-donald/index.html",
    "date": "2011-10-17",
    "keywords": [
        "crane",
        "donald",
        "simpson",
        "world",
        "money",
        "pga",
        "playoff",
        "week",
        "year",
        "event",
        "winner",
        "tour",
        "fall",
        "series",
        "golfer",
        "list",
        "time",
        "championship",
        "lot",
        "round",
        "heck",
        "wow",
        "middle",
        "wife",
        "story",
        "luke",
        "man",
        "englishman",
        "battle",
        "line",
        "florida",
        "offer",
        "purse",
        "position",
        "bid",
        "season",
        "defeat",
        "ben",
        "mcgladrey",
        "miracle",
        "network",
        "disney",
        "thursday",
        "breakthrough",
        "title",
        "home",
        "state",
        "carolina",
        "fedex",
        "cup",
        "jackpot",
        "harder",
        "work",
        "care",
        "form",
        "par",
        "hole",
        "hand",
        "victory",
        "chance",
        "im",
        "dormie",
        "ball",
        "win",
        "insurance",
        "birth",
        "child",
        "monday",
        "youre",
        "labor",
        "car",
        "someone",
        "baby",
        "babys",
        "name",
        "sea",
        "michael",
        "thompson",
        "shot",
        "trevor",
        "immelman",
        "fiveway",
        "tie",
        "place",
        "twotime",
        "cabrera",
        "jim",
        "champion"
    ],
    "category": [
        "sport",
        "golf"
    ]
}