{
    "title": "Turks beat Israeli visitors in tense Europa League tie",
    "url": "https://edition.cnn.com/2011/09/15/sport/football/football-europa-league-besiktas/index.html",
    "date": "2011-09-15",
    "keywords": [
        "group",
        "home",
        "club",
        "side",
        "match",
        "league",
        "goal",
        "victory",
        "backdrop",
        "turkey",
        "tournament",
        "competition",
        "maccabi",
        "telaviv",
        "striker",
        "season",
        "title",
        "win",
        "story",
        "tel",
        "aviv",
        "trip",
        "ground",
        "stage",
        "bigname",
        "action",
        "thursday",
        "attention",
        "istanbul",
        "visit",
        "team",
        "opening",
        "round",
        "europa",
        "expulsion",
        "week",
        "suspension",
        "incident",
        "inonu",
        "stadium",
        "lead",
        "minute",
        "hugo",
        "almeida",
        "advantage",
        "hour",
        "roi",
        "halftime",
        "opposition",
        "lig",
        "cup",
        "matchfixing",
        "investigation",
        "aurelio",
        "substitute",
        "edu",
        "time",
        "dinamo",
        "kiev",
        "city",
        "ognjen",
        "cameron",
        "opener",
        "outing",
        "h",
        "maribor",
        "playing",
        "sion",
        "appeal",
        "record",
        "porto",
        "header",
        "midfielder",
        "diego",
        "half",
        "italys",
        "tottenham",
        "firsthalf",
        "penalty",
        "rubin",
        "standard",
        "liege",
        "psv",
        "warsaw",
        "score",
        "israel",
        "lazio",
        "lisbon",
        "zurich",
        "paris",
        "st",
        "germain",
        "salzburg",
        "f",
        "bilbao",
        "bratislava",
        "g",
        "dutch",
        "az",
        "beat"
    ],
    "category": [
        "sport",
        "football"
    ]
}