{
    "title": "Turkey\u2019s tourist hotspot hopes to harness sun for power",
    "url": "https://edition.cnn.com/2011/10/21/world/europe/antalya-solar-house-turkey/index.html",
    "date": "2011-10-21",
    "keywords": [
        "energy",
        "turkey",
        "city",
        "antalya",
        "power",
        "house",
        "electricity",
        "industry",
        "leader",
        "mayor",
        "heat",
        "building",
        "architect",
        "uluengin",
        "government",
        "initiative",
        "country",
        "sound",
        "solar",
        "spain",
        "research",
        "center",
        "potential",
        "generation",
        "world",
        "mustafa",
        "structure",
        "carbon",
        "population",
        "hotel",
        "waste",
        "tourism",
        "resort",
        "way",
        "demand",
        "oil",
        "gas",
        "sector",
        "story",
        "hotspot",
        "anatalya",
        "cnn",
        "pristine",
        "sea",
        "year",
        "scenery",
        "pictureperfect",
        "sunshine",
        "abundance",
        "radiation",
        "germany",
        "commission",
        "citys",
        "declaration",
        "istanbul",
        "example",
        "barcelona",
        "place",
        "harness",
        "firm",
        "temiz",
        "dunya",
        "awareness",
        "ecotourism",
        "zeroemission",
        "windmill",
        "graywater",
        "reuse",
        "water",
        "bathtubs",
        "greenhouse",
        "winter",
        "roof",
        "harvesting",
        "insulation",
        "mehmet",
        "bengu",
        "designer",
        "idea",
        "back",
        "phenomenon",
        "professor",
        "bahcesehir",
        "university",
        "month",
        "project",
        "part",
        "management",
        "facility",
        "sewage",
        "biogas",
        "agriculture",
        "park",
        "garden",
        "lighting",
        "panel",
        "efficiency",
        "technology",
        "home",
        "destination"
    ],
    "category": [
        "world",
        "europe"
    ]
}