{
    "title": "Bummer for Murray as rival Federer reaches Swiss quarters",
    "url": "https://edition.cnn.com/2011/11/02/sport/tennis/tennis-murray-federer-djokovic/index.html",
    "date": "2011-11-02",
    "keywords": [
        "seed",
        "match",
        "federer",
        "murray",
        "event",
        "champion",
        "place",
        "world",
        "win",
        "secondround",
        "winner",
        "buttock",
        "roger",
        "david",
        "ferrer",
        "player",
        "haase",
        "yesterday",
        "tour",
        "thing",
        "idea",
        "djokovic",
        "face",
        "clash",
        "mayer",
        "firstround",
        "story",
        "strain",
        "jarkko",
        "half",
        "draw",
        "titleholder",
        "cnn",
        "rematch",
        "tournament",
        "asia",
        "opening",
        "basel",
        "muscle",
        "wildcard",
        "entry",
        "website",
        "pool",
        "practice",
        "joker",
        "lack",
        "form",
        "nieminen",
        "wednesday",
        "record",
        "fourtime",
        "home",
        "seventh",
        "roddick",
        "stepanek",
        "marcus",
        "baghdatis",
        "cypriot",
        "michael",
        "kubot",
        "round",
        "beat",
        "janko",
        "seasonending",
        "serbian",
        "eighth",
        "fish",
        "injury",
        "croatias",
        "ljubicic",
        "wawrinka",
        "valencia",
        "title",
        "defense",
        "pospisil",
        "spaniard",
        "play",
        "nikolay",
        "davydenko",
        "walkover",
        "withdrew",
        "tie",
        "family",
        "gale",
        "juan",
        "martin",
        "potro",
        "dmitri",
        "kevin",
        "anderson"
    ],
    "category": [
        "sport",
        "tennis"
    ]
}