{
    "title": "Leading churchman quits over London \u2018Occupy\u2019 protests",
    "url": "https://edition.cnn.com/2011/10/31/world/europe/st-pauls-dean-quits/index.html",
    "date": "2011-11-01",
    "keywords": [
        "cathedral",
        "pauls",
        "camp",
        "dean",
        "position",
        "action",
        "protest",
        "chapter",
        "story",
        "cnn",
        "reverend",
        "graeme",
        "decision",
        "monday",
        "debate",
        "person",
        "news",
        "london",
        "use",
        "violence",
        "church",
        "landmark",
        "st",
        "criticism",
        "handling",
        "occupy",
        "place",
        "doorstep",
        "charge",
        "fire",
        "entrance",
        "arrival",
        "deal",
        "strain",
        "statement",
        "swift",
        "resolution",
        "dispute",
        "heart",
        "history",
        "attempt",
        "stock",
        "exchange",
        "district",
        "tourist",
        "wedding",
        "princess",
        "diana",
        "prince",
        "contribute",
        "police",
        "start",
        "standoff",
        "chancellor",
        "canon",
        "support",
        "health",
        "safety",
        "fraser",
        "backing",
        "hero",
        "shadow",
        "day",
        "reluctance",
        "force",
        "richard",
        "bishop",
        "pledge",
        "thing",
        "campsite",
        "point",
        "message",
        "danger",
        "confrontation",
        "sadness",
        "resignation",
        "bit",
        "shame",
        "man",
        "lot",
        "pressure",
        "today"
    ],
    "category": [
        "world",
        "europe"
    ]
}