{
    "title": "Stosur and Zvonareva seal Istanbul semifinal berths",
    "url": "https://edition.cnn.com/2011/10/28/sport/tennis/tennis-stosur-li-wta/index.html",
    "date": "2011-10-28",
    "keywords": [
        "zvonareva",
        "stosur",
        "group",
        "radwanska",
        "champion",
        "year",
        "today",
        "vera",
        "defeat",
        "kvitova",
        "loss",
        "seed",
        "match",
        "lot",
        "set",
        "story",
        "place",
        "book",
        "meeting",
        "semi",
        "radwanskas",
        "bid",
        "samantha",
        "wta",
        "li",
        "istanbul",
        "winnertakesall",
        "contest",
        "tour",
        "petrova",
        "career",
        "success",
        "clash",
        "way",
        "wednesday",
        "website",
        "matter",
        "azarenka",
        "winner",
        "semis",
        "berth",
        "wimbledon",
        "meaning",
        "russias",
        "virtue",
        "percentage",
        "round",
        "robin",
        "stage",
        "republic",
        "victory",
        "bit",
        "didnt",
        "aga",
        "atmosphere",
        "tomorrow"
    ],
    "category": [
        "sport",
        "tennis"
    ]
}