{
    "title": "Spanish prime minister announces dissolution of parliament",
    "url": "https://edition.cnn.com/2011/09/26/world/europe/spain-parliament/index.html",
    "date": "2011-09-26",
    "keywords": [
        "minister",
        "zapatero",
        "rajoy",
        "cabinet",
        "crisis",
        "jose",
        "meeting",
        "opposition",
        "party",
        "rodriguez",
        "leader",
        "mariano",
        "lead",
        "order",
        "term",
        "monday",
        "time",
        "spain",
        "weekend",
        "today",
        "day",
        "story",
        "madrid",
        "cnn",
        "dissolution",
        "parliament",
        "november",
        "april",
        "downturn",
        "unemployment",
        "rate",
        "opinion",
        "percentage",
        "business",
        "decree",
        "change",
        "stance",
        "year",
        "march",
        "victory",
        "triumph",
        "administration",
        "risk",
        "italy",
        "portugal",
        "greece",
        "debt",
        "shock",
        "plan",
        "austerity",
        "efficiency",
        "step",
        "duplication",
        "candidate",
        "perez",
        "rubalcaba",
        "felipe",
        "gonzalez",
        "deputy",
        "democracy",
        "death",
        "dictator",
        "francisco",
        "franco",
        "king",
        "juan",
        "carlos",
        "decision",
        "stock",
        "government",
        "statement",
        "balance",
        "confidence",
        "precampaign",
        "campaign",
        "vote"
    ],
    "category": [
        "world",
        "europe"
    ]
}