{
    "title": "F1 standings after Japan Grand Prix",
    "url": "https://edition.cnn.com/2011/10/09/sport/motorsport/motorsport-f1-standings/index.html",
    "date": "2011-10-16",
    "keywords": [
        "vettel",
        "button",
        "bull",
        "season",
        "lead",
        "suzuka",
        "ger",
        "place",
        "formula",
        "prix",
        "jenson",
        "fernando",
        "alonso",
        "race",
        "gb",
        "renault",
        "story",
        "f1",
        "continue",
        "cnn",
        "youngestever",
        "backtoback",
        "world",
        "champion",
        "finish",
        "result",
        "crown",
        "battle",
        "brazil",
        "fact",
        "circuit",
        "round",
        "japan",
        "spa",
        "mark",
        "webber",
        "aus",
        "hamilton",
        "massa",
        "bra",
        "rosberg",
        "michael",
        "schumacher",
        "vitaly",
        "petrov",
        "rus",
        "ferrari",
        "lotus",
        "force",
        "india",
        "sauber",
        "toro"
    ],
    "category": [
        "sport",
        "motorsport"
    ]
}