{
    "title": "Ten-man Dortmund move up to second",
    "url": "https://edition.cnn.com/2011/10/14/sport/football/football-borussia-dortmund-werder-bremen/index.html",
    "date": "2011-10-14",
    "keywords": [
        "goal",
        "owomoyela",
        "borussia",
        "difference",
        "crossbar",
        "shot",
        "minute",
        "corner",
        "mielitz",
        "story",
        "break",
        "dortmund",
        "bundesliga",
        "table",
        "match",
        "ivan",
        "perisic",
        "opening",
        "booking",
        "equalizer",
        "lukas",
        "schmitzs",
        "underside",
        "patrick",
        "victory",
        "win",
        "monchengladbach",
        "preseason",
        "club",
        "promise",
        "defense",
        "stepover",
        "leftfoot",
        "roof",
        "goalkeeper",
        "sebastian",
        "croatia",
        "night",
        "challenge",
        "papastathopoulos",
        "sokratis",
        "striker",
        "robert",
        "lewandowski",
        "respite",
        "run",
        "defender",
        "offside",
        "stab",
        "home",
        "season",
        "kevin",
        "grosskreutz",
        "midfielder",
        "angle"
    ],
    "category": [
        "sport",
        "football"
    ]
}