{
    "title": "Couples names Woods and Haas as Presidents wild cards",
    "url": "https://edition.cnn.com/2011/09/28/sport/golf/golf-presidents-cup-picks/index.html",
    "date": "2011-09-28",
    "keywords": [
        "tournament",
        "side",
        "bill",
        "haas",
        "pair",
        "captain",
        "allenby",
        "team",
        "tiger",
        "greg",
        "baddeley",
        "norman",
        "place",
        "dustin",
        "story",
        "join",
        "cup",
        "winner",
        "champion",
        "card",
        "month",
        "tour",
        "golf",
        "club",
        "aaron",
        "bradley",
        "arm",
        "injury",
        "stricker",
        "hand",
        "snellhasstalkstitle_00003023",
        "video",
        "golfer",
        "superb",
        "record",
        "event",
        "draw",
        "victory",
        "year",
        "time",
        "backyard",
        "fryscom",
        "caddie",
        "joe",
        "lacava",
        "bag",
        "johnson",
        "fly",
        "frys",
        "ball",
        "mickelsonjim",
        "furykmatt",
        "kucharwebb",
        "simpsonnick",
        "watneydavid",
        "tomsbunna",
        "watsonhunter",
        "strickertiger",
        "woodsbill",
        "daygeoff",
        "ogilvycharl",
        "schwartzelretief",
        "goosenernie",
        "elsryo",
        "ishikawakj",
        "choiyang",
        "yongeunkim",
        "baddeleyrobert"
    ],
    "category": [
        "sport",
        "golf"
    ]
}