{
    "title": "Tiger Woods not one of golf\u2019s top 50 players for first time in 15 years",
    "url": "https://edition.cnn.com/2011/10/02/sport/golf/tiger-woods-ranking/index.html",
    "date": "2011-10-02",
    "keywords": [
        "player",
        "golf",
        "weekend",
        "oosthuizen",
        "time",
        "world",
        "championship",
        "story",
        "performance",
        "drop",
        "cnn",
        "tiger",
        "golfs",
        "streak",
        "fifth",
        "scotland",
        "place",
        "association",
        "asia",
        "ranking",
        "monday",
        "distinction",
        "fallout",
        "infidelity",
        "divorce",
        "wife",
        "tournament",
        "win",
        "competition",
        "week",
        "fryscom",
        "valley",
        "california",
        "slump",
        "team",
        "captain",
        "card",
        "cnns",
        "jason",
        "durand",
        "report"
    ],
    "category": [
        "sport",
        "golf"
    ]
}