{
    "title": "France will not extradite former Rwandan leader\u2019s widow",
    "url": "https://edition.cnn.com/2011/09/28/world/europe/rwanda-widow-extradition/index.html",
    "date": "2011-09-29",
    "keywords": [
        "habyarimana",
        "rwandan",
        "genocide",
        "meilhac",
        "court",
        "lawyer",
        "case",
        "decision",
        "france",
        "hutu",
        "lady",
        "suit",
        "president",
        "client",
        "plane",
        "justice",
        "gacaca",
        "residency",
        "permit",
        "administration",
        "story",
        "wednesday",
        "request",
        "widow",
        "assassination",
        "philippe",
        "agathe",
        "judge",
        "warrant",
        "humanity",
        "murder",
        "extermination",
        "creation",
        "gang",
        "militias",
        "aiding",
        "violation",
        "geneva",
        "bosco",
        "head",
        "unit",
        "year",
        "rwanda",
        "violence",
        "extradition",
        "husband",
        "april",
        "capital",
        "mass",
        "time",
        "countrys",
        "minority",
        "majority",
        "death",
        "mystery",
        "speculation",
        "tutsis",
        "hutus",
        "cover",
        "army",
        "part",
        "system",
        "tribunal",
        "tanzania",
        "status",
        "prefecture",
        "ruling",
        "example",
        "cnns",
        "sakya",
        "vendoorne",
        "report"
    ],
    "category": [
        "world",
        "europe"
    ]
}