{
    "title": "Coach Ranieri happy after successful Inter Milan debut",
    "url": "https://edition.cnn.com/2011/09/24/sport/football/football-inter-milan-ranieri/index.html",
    "date": "2011-09-24",
    "keywords": [
        "milan",
        "season",
        "victory",
        "inter",
        "coach",
        "ranieri",
        "goal",
        "match",
        "claudio",
        "serie",
        "fiorentina",
        "club",
        "diego",
        "milito",
        "lucio",
        "selfsacrifice",
        "juventus",
        "opening",
        "defeat",
        "dutch",
        "midfielder",
        "minute",
        "morleo",
        "visit",
        "travel",
        "story",
        "debut",
        "ac",
        "game",
        "cesena",
        "moraleboosting",
        "charge",
        "bologna",
        "relegation",
        "zone",
        "foot",
        "confidence",
        "boost",
        "matter",
        "ball",
        "result",
        "spirit",
        "roma",
        "chelsea",
        "valencia",
        "boss",
        "piero",
        "gasperini",
        "fivegame",
        "tenure",
        "task",
        "campaign",
        "trip",
        "moscow",
        "wesley",
        "sneijder",
        "injury",
        "novara",
        "striker",
        "giampaolo",
        "pazzini",
        "halftime",
        "signing",
        "forlan",
        "cambiasso",
        "penalty",
        "walter",
        "samuel",
        "portanova",
        "substitute",
        "lead",
        "spot",
        "contact",
        "advantage",
        "defender",
        "freekick",
        "sulley",
        "muntari",
        "place",
        "home",
        "league",
        "veteran",
        "clarence",
        "seedorf",
        "massimiliano",
        "sna",
        "siro",
        "plzen",
        "group",
        "top",
        "table",
        "genoa",
        "difference",
        "sunday",
        "catania"
    ],
    "category": [
        "sport",
        "football"
    ]
}