{
    "title": "Golf: GB and Ireland hold on for win",
    "url": "https://edition.cnn.com/2011/09/18/sport/golf/golf-vivendi/index.html",
    "date": "2011-09-18",
    "keywords": [
        "team",
        "match",
        "victory",
        "poulter",
        "britain",
        "ireland",
        "trophy",
        "france",
        "side",
        "van",
        "win",
        "matteo",
        "manassero",
        "jamieson",
        "play",
        "champion",
        "story",
        "seve",
        "fight",
        "day",
        "level",
        "cnn",
        "onslaught",
        "europe",
        "vivendi",
        "nomlabreteche",
        "formality",
        "finale",
        "half",
        "horsey",
        "rookie",
        "scott",
        "clash",
        "star",
        "englishman",
        "green",
        "birdie",
        "mark",
        "foster",
        "raphael",
        "jacquelin",
        "point",
        "margin",
        "ross",
        "fisher",
        "peter",
        "hanson",
        "square",
        "course",
        "form",
        "end",
        "mcginley",
        "tour",
        "website",
        "scare",
        "thomas",
        "bjorn",
        "front",
        "westwood",
        "dyson",
        "francesco",
        "jamie",
        "donaldson",
        "rock",
        "darren",
        "clarke",
        "ryder",
        "cup",
        "partner",
        "miguel",
        "angel",
        "jim\u00e9nez",
        "contest",
        "wgc",
        "world",
        "stretch",
        "credit",
        "youre",
        "game"
    ],
    "category": [
        "sport",
        "golf"
    ]
}