{
    "title": "3 aid workers kidnapped overnight from camp in Algeria",
    "url": "https://edition.cnn.com/2011/10/23/world/europe/spain-western-sahara-kidnapping/index.html",
    "date": "2011-10-23",
    "keywords": [
        "ministry",
        "sahara",
        "kidnapping",
        "woman",
        "aid",
        "polisario",
        "encampment",
        "territory",
        "morocco",
        "independence",
        "plan",
        "story",
        "madrid",
        "algeria",
        "man",
        "raguni",
        "refugee",
        "province",
        "tinduf",
        "border",
        "dispute",
        "news",
        "organization",
        "assistance",
        "confirmation",
        "qaeda",
        "maghreb",
        "area",
        "spain",
        "power",
        "king",
        "march",
        "claim",
        "guerrilla",
        "war",
        "group",
        "decade",
        "ceasefire",
        "world",
        "factbook",
        "referendum",
        "status",
        "autonomy",
        "arab",
        "descent"
    ],
    "category": [
        "world",
        "europe"
    ]
}