{
    "title": "Superb Kaymer powers to HSBC victory",
    "url": "https://edition.cnn.com/2011/11/06/sport/golf/golf-hsbc-champions-kaymer/index.html",
    "date": "2011-11-06",
    "keywords": [
        "kaymer",
        "world",
        "round",
        "place",
        "birdie",
        "jacobson",
        "victory",
        "hsbc",
        "event",
        "rory",
        "mcilroy",
        "win",
        "bunker",
        "shot",
        "lot",
        "dhabi",
        "season",
        "story",
        "threestroke",
        "number",
        "tournament",
        "shanghai",
        "total",
        "graeme",
        "mcdowell",
        "return",
        "mcilory",
        "stroke",
        "position",
        "champion",
        "lee",
        "westwood",
        "caddy",
        "remark",
        "swede",
        "home",
        "stretch",
        "putt",
        "hole",
        "tour",
        "website",
        "success",
        "golf",
        "no1",
        "life",
        "bit",
        "family",
        "awkward",
        "spotlight",
        "time",
        "sunday",
        "way",
        "tennis",
        "star",
        "caroline",
        "wozniacki",
        "twitter",
        "site",
        "week",
        "upside",
        "tomorrow"
    ],
    "category": [
        "sport",
        "golf"
    ]
}