{
    "title": "Prosecutors sum up case against Knox as appeal nears end",
    "url": "https://edition.cnn.com/2011/09/24/world/europe/italy-knox-appeal/index.html",
    "date": "2011-09-24",
    "keywords": [
        "evidence",
        "knox",
        "sollecito",
        "dna",
        "prosecutor",
        "comodi",
        "defense",
        "kercher",
        "appeal",
        "murder",
        "police",
        "villa",
        "amanda",
        "doubt",
        "court",
        "knife",
        "bra",
        "clasp",
        "week",
        "meredith",
        "throat",
        "conviction",
        "saturday",
        "testimony",
        "material",
        "day",
        "video",
        "knoxs",
        "bathroom",
        "expert",
        "trial",
        "story",
        "cut",
        "perugia",
        "italy",
        "manuela",
        "reliability",
        "appearance",
        "closing",
        "city",
        "exboyfriend",
        "raffaele",
        "student",
        "prison",
        "hair",
        "ponytail",
        "blue",
        "shirt",
        "process",
        "conclusion",
        "mom_00010703",
        "mother",
        "chance",
        "stage",
        "pair",
        "attention",
        "investigation",
        "review",
        "inappropriate",
        "way",
        "science",
        "slit",
        "blood",
        "sink",
        "footprint",
        "mat",
        "analysis",
        "house",
        "night",
        "vecchiotti",
        "professor",
        "field",
        "experience",
        "crime",
        "scene",
        "stefano",
        "conti",
        "summer",
        "handle",
        "groove",
        "blade",
        "carlo",
        "italys",
        "month",
        "sara",
        "gino",
        "washing",
        "machine",
        "comodis",
        "friday",
        "giancarlo",
        "costagliola",
        "giuliano",
        "case",
        "defendant",
        "rudy",
        "guede",
        "fasttrack",
        "cnns",
        "hada"
    ],
    "category": [
        "world",
        "europe"
    ]
}