{
    "title": "College football player breaks neck, has feeling in extremities",
    "url": "https://edition.cnn.com/2011/10/22/sport/football/injured-football-player/index.html",
    "date": "2011-10-22",
    "keywords": [
        "anthony",
        "game",
        "tackle",
        "player",
        "conner",
        "injury",
        "legrand",
        "university",
        "year",
        "football",
        "neck",
        "paralysis",
        "team",
        "coach",
        "family",
        "time",
        "field",
        "severity",
        "progress",
        "wertheim",
        "story",
        "feeling",
        "louisville",
        "cornerback",
        "collision",
        "sanu",
        "quarter",
        "condition",
        "morning",
        "saturday",
        "charlie",
        "statement",
        "yesterday",
        "houston",
        "season",
        "bio",
        "hand",
        "cart",
        "locker",
        "room",
        "display",
        "class",
        "compassion",
        "night",
        "something",
        "situation",
        "army",
        "school",
        "assistance",
        "bid",
        "writer",
        "jon",
        "cnns",
        "lemon",
        "part",
        "guy"
    ],
    "category": [
        "sport",
        "football"
    ]
}