{
    "title": "Putin names acting finance minister",
    "url": "https://edition.cnn.com/2011/09/27/world/europe/russia-finance-minister/index.html",
    "date": "2011-09-27",
    "keywords": [
        "kudrin",
        "minister",
        "putin",
        "medvedev",
        "finance",
        "defense",
        "president",
        "alexei",
        "spending",
        "tuesday",
        "government",
        "year",
        "news",
        "agency",
        "statement",
        "story",
        "anton",
        "siluanov",
        "post",
        "vladimir",
        "position",
        "deputy",
        "igor",
        "shuvalov",
        "meeting",
        "broadcast",
        "television",
        "dmitry",
        "order",
        "tiff",
        "comment",
        "washington",
        "interfax",
        "staterun",
        "announcement",
        "end",
        "day",
        "mind",
        "future",
        "fact",
        "member",
        "cabinet",
        "russia",
        "debt",
        "oil",
        "wealth",
        "nation",
        "ministry",
        "charge",
        "interbudget",
        "funding",
        "figure",
        "name",
        "shakeup",
        "saturday",
        "presidency",
        "trade",
        "cnns",
        "maxim",
        "tkachenko",
        "report"
    ],
    "category": [
        "world",
        "europe"
    ]
}