{
    "title": "What you need to know about golf\u2019s unknown event",
    "url": "https://edition.cnn.com/2011/09/23/sport/golf/golf-solheim-cup-explainer/index.html",
    "date": "2011-09-23",
    "keywords": [
        "cup",
        "tournament",
        "team",
        "trophy",
        "solheim",
        "competition",
        "event",
        "golf",
        "game",
        "side",
        "match",
        "player",
        "club",
        "tour",
        "year",
        "celebration",
        "nature",
        "britain",
        "victory",
        "pettersen",
        "place",
        "weekend",
        "europe",
        "juli",
        "inkster",
        "cnn",
        "ireland",
        "ryder",
        "garage",
        "laura",
        "member",
        "course",
        "football",
        "captain",
        "californian",
        "kim",
        "sense",
        "lpga",
        "star",
        "kerr",
        "hole",
        "crystal",
        "logo",
        "story",
        "edition",
        "competitor",
        "battle",
        "supremacy",
        "prize",
        "sport",
        "equivalent",
        "reputation",
        "history",
        "mind",
        "lowdown",
        "attention",
        "redwood",
        "city",
        "california",
        "engineer",
        "lover",
        "indepth",
        "knowledge",
        "science",
        "manufacturer",
        "hand",
        "world",
        "brand",
        "equipment",
        "man",
        "son",
        "john",
        "concept",
        "bearing",
        "name",
        "lake",
        "nona",
        "number",
        "day",
        "money",
        "soilthe",
        "look",
        "englishwoman",
        "month",
        "phenomenon",
        "flagbearer",
        "woman",
        "daft",
        "racehorse",
        "owner",
        "follower",
        "liverpool",
        "love",
        "trouble",
        "tv",
        "round",
        "sorenstam",
        "compatriot",
        "sophie",
        "gustafson"
    ],
    "category": [
        "sport",
        "golf"
    ]
}