{
    "title": "Europeans join \u2018Occupy Wall Street\u2019 amid threat of banking crisis",
    "url": "https://edition.cnn.com/2011/10/15/world/europe/occupy-europe/index.html",
    "date": "2011-10-15",
    "keywords": [
        "movement",
        "growth",
        "protest",
        "saturday",
        "police",
        "video",
        "germany",
        "assange",
        "occupy",
        "group",
        "cnn",
        "debt",
        "spain",
        "country",
        "worldwide",
        "story",
        "violent",
        "democracy",
        "day",
        "rome",
        "spot",
        "correspondent",
        "italy",
        "crisis",
        "credit",
        "rating",
        "stability",
        "product",
        "austerity",
        "union",
        "crowd",
        "front",
        "chancellor",
        "capital",
        "spokeswoman",
        "bank",
        "outlook",
        "euro",
        "zone",
        "stockholm",
        "sweden",
        "crowds",
        "wall",
        "street",
        "sinister",
        "face",
        "mustache",
        "lip",
        "beard",
        "movie",
        "v",
        "vendetta",
        "hero",
        "totalitarianism",
        "countrybycountry",
        "look",
        "bloc",
        "rowdy",
        "march",
        "gas",
        "ministry",
        "building",
        "fire",
        "mayhem",
        "blaze",
        "gathering",
        "piazza",
        "san",
        "giovanni",
        "battleground",
        "water",
        "side",
        "barbie",
        "nadeau",
        "month",
        "uncertainty",
        "bitterman",
        "paris_00014212",
        "paris",
        "voitalyoccupyromechaos_00005529",
        "london_00004204",
        "founder",
        "london",
        "plaza",
        "del",
        "sol",
        "goodman",
        "unemployment",
        "world",
        "newspaper",
        "el",
        "pais",
        "barcelona",
        "number",
        "deficit",
        "banking",
        "sector",
        "ireland",
        "greece",
        "kingdom"
    ],
    "category": [
        "world",
        "europe"
    ]
}