{
    "title": "Berdych edges closer to finals with victory over Verdasco",
    "url": "https://edition.cnn.com/2011/11/08/sport/tennis/tennis-paris-berdych-djokovic/index.html",
    "date": "2011-11-08",
    "keywords": [
        "seed",
        "world",
        "berdych",
        "round",
        "djokovic",
        "paris",
        "bonus",
        "injury",
        "win",
        "place",
        "tour",
        "london",
        "victory",
        "tipsarevic",
        "match",
        "tsonga",
        "roddick",
        "number",
        "dodig",
        "pool",
        "story",
        "fernando",
        "no1",
        "tournament",
        "cnn",
        "czech",
        "tomas",
        "month",
        "verdasco",
        "janko",
        "bogomolov",
        "player",
        "climax",
        "evening",
        "garcialopez",
        "spain",
        "benneteau",
        "france",
        "lineup",
        "tennis",
        "rafael",
        "murray",
        "roger",
        "federer",
        "david",
        "ferrer",
        "monfilsthe",
        "contention",
        "shoulder",
        "ivan",
        "winner",
        "fabio",
        "fognini",
        "tuesday",
        "morning",
        "walkover",
        "fail",
        "money",
        "year",
        "amount",
        "shanghai",
        "obligatory",
        "atp"
    ],
    "category": [
        "sport",
        "tennis"
    ]
}