{
    "title": "Stewart: Wheldon death should prompt safety improvements",
    "url": "https://edition.cnn.com/2011/10/17/sport/motorsport/motorsport-f1-stewart-wheldon/index.html",
    "date": "2011-10-18",
    "keywords": [
        "indycar",
        "stewart",
        "driver",
        "wheldon",
        "race",
        "safety",
        "death",
        "crash",
        "f1",
        "dan",
        "track",
        "youre",
        "change",
        "vegas",
        "experience",
        "champion",
        "jackie",
        "tragedy",
        "lot",
        "accident",
        "video",
        "motorsport",
        "racing",
        "owner",
        "medicine",
        "story",
        "threetime",
        "campaigner",
        "horror",
        "division",
        "legend",
        "twotime",
        "winner",
        "life",
        "sunday",
        "multicar",
        "collision",
        "lap",
        "world",
        "las",
        "motor",
        "rookie",
        "year",
        "cnn",
        "sport",
        "career",
        "moment",
        "mileandahalf",
        "circuit",
        "wisdom",
        "highspeed",
        "environment",
        "st",
        "james_00003102",
        "pioneer",
        "sotvo",
        "fan",
        "salute_00000212",
        "caliber",
        "consideration",
        "brm",
        "tyrrell",
        "scot",
        "casualty",
        "ayrton",
        "senna",
        "san",
        "marino",
        "prix",
        "period",
        "chance",
        "truly",
        "comparison",
        "mean",
        "hour",
        "administrator",
        "body",
        "team",
        "youve",
        "technology",
        "question",
        "box"
    ],
    "category": [
        "sport",
        "motorsport"
    ]
}