{
    "title": "Turkish quake death toll climbs, but rescues continue",
    "url": "https://edition.cnn.com/2011/10/28/world/europe/turkey-quake/index.html",
    "date": "2011-10-28",
    "keywords": [
        "earthquake",
        "turkey",
        "padak",
        "emergency",
        "agency",
        "rescue",
        "rubble",
        "baby",
        "story",
        "death",
        "toll",
        "britain",
        "apartment",
        "hospital",
        "quake",
        "video",
        "impact",
        "world",
        "page",
        "person",
        "weekend",
        "thursday",
        "day",
        "addition",
        "disaster",
        "relief",
        "friday",
        "news",
        "child",
        "field",
        "imdat",
        "building",
        "ercis",
        "victim",
        "recovery_00000125",
        "treatment",
        "helicopter",
        "trauma",
        "dehydration",
        "student",
        "village",
        "university",
        "entrance",
        "week",
        "azra",
        "karaduman",
        "debris",
        "countrys",
        "center",
        "border",
        "survey",
        "wednesday",
        "home",
        "secretary",
        "theresa",
        "visit",
        "cnns",
        "diana",
        "magnay",
        "yesim",
        "comert",
        "sarah",
        "michael",
        "martinez"
    ],
    "category": [
        "world",
        "europe"
    ]
}