{
    "title": "Accused honeymoon killer to be extradited to South Africa",
    "url": "https://edition.cnn.com/2011/09/28/world/europe/uk-honeymoon-killing/index.html",
    "date": "2011-09-29",
    "keywords": [
        "dewani",
        "home",
        "shrien",
        "wife",
        "taxi",
        "cape",
        "town",
        "honeymoon",
        "ride",
        "involvement",
        "london",
        "secretary",
        "order",
        "businessman",
        "office",
        "court",
        "story",
        "south",
        "cnn",
        "theresa",
        "dewanis",
        "extradition",
        "statement",
        "crew",
        "couple",
        "effort",
        "decision",
        "district",
        "judge",
        "bristol",
        "victim",
        "carjacking",
        "driver",
        "tongo",
        "year",
        "plea",
        "deal",
        "hit",
        "car",
        "hijacking",
        "township",
        "edge",
        "month",
        "africa",
        "trial",
        "monday",
        "cnns",
        "pierre",
        "meilhan",
        "report"
    ],
    "category": [
        "world",
        "europe"
    ]
}