{
    "title": "McLaren \u2018100 per cent\u2019 behind Hamilton",
    "url": "https://edition.cnn.com/2011/10/12/sport/motorsport/motorsport-f1-mclaren-hamilton/index.html",
    "date": "2011-10-12",
    "keywords": [
        "driver",
        "hamilton",
        "world",
        "champion",
        "button",
        "season",
        "jenson",
        "vettel",
        "race",
        "lewis",
        "cent",
        "backing",
        "director",
        "deal",
        "team",
        "formula",
        "jonathan",
        "neale",
        "championship",
        "story",
        "cnn",
        "struggle",
        "pace",
        "adrift",
        "compatriot",
        "teammate",
        "place",
        "china",
        "germany",
        "support",
        "mate",
        "someone",
        "circuit",
        "action",
        "decision",
        "im",
        "year",
        "thirdplace",
        "finish",
        "performance",
        "devoid",
        "spirit",
        "number",
        "postrace",
        "office",
        "reporter",
        "sport",
        "response",
        "criticism",
        "suzuka",
        "reality",
        "guy",
        "heart",
        "force",
        "nature",
        "success",
        "prix",
        "yeongam"
    ],
    "category": [
        "sport",
        "motorsport"
    ]
}