{
    "title": "Manchester derby: United legend Keane on City\u2019s title ambitions",
    "url": "https://edition.cnn.com/2011/10/21/sport/football/football-manchester-united-city-keane/index.html",
    "date": "2011-10-21",
    "keywords": [
        "city",
        "keane",
        "sunday",
        "league",
        "derby",
        "trafford",
        "time",
        "game",
        "legend",
        "roy",
        "team",
        "liverpool",
        "football",
        "year",
        "lot",
        "progress",
        "wife",
        "manchester",
        "manager",
        "half",
        "success",
        "distance",
        "story",
        "oplace",
        "everything",
        "chance",
        "advantage",
        "meeting",
        "ferguson",
        "match",
        "world",
        "reflection",
        "balance",
        "power",
        "travel",
        "twopoint",
        "lead",
        "victory",
        "statement",
        "title",
        "roberto",
        "mancinis",
        "squad",
        "mancini",
        "cup",
        "talk",
        "cnn",
        "youve",
        "start",
        "season",
        "nobody",
        "chelsea",
        "test",
        "anybody",
        "road",
        "havent",
        "clubs",
        "record",
        "stint",
        "comparison",
        "midfielder",
        "autobiography",
        "alfinge",
        "haaland",
        "irishman",
        "striker",
        "carlos",
        "tevez",
        "club",
        "substitute",
        "defeat",
        "experience",
        "anything",
        "pressure",
        "argument",
        "management",
        "sunderland",
        "attempt",
        "division",
        "ipswich",
        "passion",
        "dressing",
        "room",
        "doesnt",
        "theyd",
        "bit",
        "kept",
        "strange",
        "life",
        "television",
        "losing",
        "home"
    ],
    "category": [
        "sport",
        "football"
    ]
}