{
    "title": "Tevez hit with massive fine after Champions League bust-up",
    "url": "https://edition.cnn.com/2011/10/25/sport/football/football-tevez-fined/index.html",
    "date": "2011-10-25",
    "keywords": [
        "tevez",
        "city",
        "club",
        "match",
        "manager",
        "roberto",
        "carlos",
        "statement",
        "premier",
        "night",
        "striker",
        "investigation",
        "panel",
        "misconduct",
        "incident",
        "story",
        "row",
        "mancini",
        "decision",
        "star",
        "fine",
        "refusal",
        "month",
        "league",
        "week",
        "loss",
        "suspension",
        "september",
        "bustup",
        "arena",
        "italian",
        "fuming",
        "half",
        "substitute",
        "defeat",
        "verdict",
        "manchester",
        "ciy",
        "misunderstanding",
        "standoff",
        "obligation",
        "player",
        "official",
        "charge",
        "website",
        "result",
        "period",
        "warning",
        "conduct",
        "appeal",
        "board",
        "case",
        "argentine",
        "summer",
        "move",
        "start",
        "season",
        "wish",
        "transfer",
        "window",
        "success",
        "mario",
        "balotelli",
        "sergio",
        "aguero",
        "figure"
    ],
    "category": [
        "sport",
        "football"
    ]
}