{
    "title": "Up to 30 hurt in massive traffic accident in Britain",
    "url": "https://edition.cnn.com/2011/11/04/world/europe/uk-traffic-accident/index.html",
    "date": "2011-11-04",
    "keywords": [
        "fire",
        "crash",
        "somerset",
        "department",
        "devon",
        "rescue",
        "story",
        "traffic",
        "pileup",
        "friday",
        "night",
        "southwest",
        "britain",
        "highway",
        "bristol",
        "release",
        "equipment",
        "accident",
        "scene",
        "road"
    ],
    "category": [
        "world",
        "europe"
    ]
}