{
    "title": "Murray claims Shanghai title to move above Federer in rankings",
    "url": "https://edition.cnn.com/2011/10/16/sport/tennis/tennis-murray-shanghai-federer/index.html",
    "date": "2011-10-16",
    "keywords": [
        "murray",
        "ferrer",
        "title",
        "federer",
        "japan",
        "champion",
        "victory",
        "hour",
        "thailand",
        "number",
        "world",
        "win",
        "game",
        "runs",
        "life",
        "wimbledon",
        "seed",
        "bartoli",
        "story",
        "crown",
        "shanghai",
        "sunday",
        "opponent",
        "breakthrough",
        "spaniard",
        "double",
        "set",
        "pattern",
        "service",
        "error",
        "strength",
        "today",
        "scot",
        "form",
        "djokivic",
        "nadal",
        "ranking",
        "slam",
        "meanwhile",
        "tour",
        "petra",
        "kvitova",
        "career",
        "cibulkova",
        "linz",
        "austria",
        "triumph",
        "sw19",
        "july",
        "samantha",
        "stosur",
        "winner"
    ],
    "category": [
        "sport",
        "tennis"
    ]
}