{
    "title": "Tennis: Serbia out as Djokovic retires",
    "url": "https://edition.cnn.com/2011/09/18/sport/tennis/davis-cup-result/index.html",
    "date": "2011-09-18",
    "keywords": [
        "del",
        "djokovic",
        "victory",
        "match",
        "cup",
        "world",
        "potro",
        "lead",
        "tsonga",
        "injury",
        "france",
        "rubber",
        "martin",
        "number",
        "opening",
        "set",
        "home",
        "tie",
        "serbia",
        "gasquet",
        "year",
        "risk",
        "percent",
        "story",
        "exit",
        "stage",
        "no1",
        "potros",
        "rafael",
        "passage",
        "cnn",
        "competition",
        "novak",
        "round",
        "day",
        "front",
        "crowd",
        "belgrade",
        "arena",
        "zimonjic",
        "viktor",
        "troicki",
        "contention",
        "saturday",
        "spain",
        "clay",
        "beaten",
        "week",
        "fatigue",
        "success",
        "weekend",
        "david",
        "surface",
        "rally",
        "verdasco",
        "whitewash",
        "resurgent",
        "way",
        "run",
        "tiebreak",
        "champion",
        "mercy",
        "start",
        "control",
        "treatment",
        "back",
        "defeat",
        "country",
        "website",
        "player",
        "serve",
        "extent",
        "end",
        "tour",
        "london",
        "repeat",
        "title",
        "mar",
        "plata"
    ],
    "category": [
        "sport",
        "tennis"
    ]
}