{
    "title": "Man fires shots at U.S. Embassy in Bosnia",
    "url": "https://edition.cnn.com/2011/10/28/world/europe/bosnia-us-embassy/index.html",
    "date": "2011-10-28",
    "keywords": [
        "man",
        "embassy",
        "gunman",
        "police",
        "officer",
        "leg",
        "hospital",
        "spokeswoman",
        "sarajevo",
        "weapon",
        "statement",
        "story",
        "shoot",
        "wall",
        "left",
        "jandric",
        "sandzak",
        "building",
        "surgery",
        "spokesman",
        "shooting",
        "tv1",
        "broadcast",
        "footage",
        "dark",
        "jacket",
        "front",
        "shot",
        "ground",
        "head",
        "law",
        "enforcement",
        "krilic",
        "report"
    ],
    "category": [
        "world",
        "europe"
    ]
}