{
    "title": "Former AFC chief Bin Hammam loses first round of legal battle",
    "url": "https://edition.cnn.com/2011/10/03/sport/football/hammann/index.html",
    "date": "2011-10-03",
    "keywords": [
        "bin",
        "hammam",
        "cas",
        "president",
        "ban",
        "football",
        "afc",
        "appointment",
        "jilong",
        "chief",
        "fifa",
        "qatari",
        "name",
        "lifetime",
        "appeal",
        "story",
        "bid",
        "replacement",
        "cash",
        "scandal",
        "case",
        "cnn",
        "round",
        "battle",
        "court",
        "arbitration",
        "sport",
        "lausanne",
        "deputy",
        "confederation",
        "monday",
        "ruling",
        "zhang",
        "post",
        "relation",
        "designation",
        "nomination",
        "executive",
        "committee",
        "statement",
        "decision",
        "mr",
        "request",
        "stay",
        "order",
        "award",
        "meaning",
        "july",
        "race",
        "affair",
        "resignation",
        "vicepresident",
        "jack",
        "warner",
        "blatter",
        "term",
        "criticism",
        "world",
        "body",
        "reform",
        "punishment",
        "month",
        "result",
        "year"
    ],
    "category": [
        "sport",
        "football"
    ]
}