{
    "title": "Verdasco goes through to face Berdych",
    "url": "https://edition.cnn.com/2011/11/07/sport/tennis/tennis-paris-masters-verdasco/index.html",
    "date": "2011-11-07",
    "keywords": [
        "verdasco",
        "round",
        "world",
        "paris",
        "seed",
        "berdych",
        "year",
        "tomas",
        "tournament",
        "way",
        "tsonga",
        "tour",
        "story",
        "number",
        "guillermo",
        "garcialopez",
        "match",
        "cnn",
        "opening",
        "cilic",
        "croatia",
        "hardfought",
        "victory",
        "czech",
        "website",
        "day",
        "bye",
        "santiago",
        "clash",
        "monday",
        "mahut",
        "julien",
        "benneteau",
        "mayer",
        "kevin",
        "anderson",
        "fernando",
        "event",
        "calendar",
        "grabs",
        "seasonending",
        "djokovic",
        "rafael",
        "murray",
        "roger",
        "federer",
        "david",
        "ferrer",
        "seasonclimax",
        "host",
        "janko",
        "tipsarevic",
        "simon",
        "gael",
        "place"
    ],
    "category": [
        "sport",
        "tennis"
    ]
}