{
    "title": "Stoner edged by Pedrosa in Motegi practice",
    "url": "https://edition.cnn.com/2011/09/30/sport/motorsport/motegi/index.html",
    "date": "2011-09-30",
    "keywords": [
        "stoner",
        "practice",
        "title",
        "honda",
        "pedrosa",
        "leader",
        "repsol",
        "rider",
        "casey",
        "lead",
        "jorge",
        "lorenzo",
        "world",
        "motegi",
        "circuit",
        "earthquake",
        "tsunami",
        "championship",
        "motogp",
        "time",
        "session",
        "morning",
        "year",
        "story",
        "quickest",
        "japan",
        "cnn",
        "teammate",
        "dani",
        "day",
        "friday",
        "spaniard",
        "andrea",
        "dovizioso",
        "dominance",
        "race",
        "champion",
        "yamaha",
        "bike",
        "afternoon",
        "setting",
        "aussie",
        "season",
        "triumph",
        "minute",
        "job",
        "today",
        "event",
        "surface",
        "damage",
        "track",
        "march",
        "grip",
        "lap",
        "lot",
        "round",
        "danger",
        "name"
    ],
    "category": [
        "sport",
        "motorsport"
    ]
}