{
    "title": "Vettel seizes pole at inaugural Indian GP",
    "url": "https://edition.cnn.com/2011/10/29/sport/motorsport/motorsport-f1-india-vettel/index.html",
    "date": "2011-10-29",
    "keywords": [
        "vettel",
        "race",
        "season",
        "hamilton",
        "grid",
        "pole",
        "threeplace",
        "penalty",
        "webber",
        "row",
        "alonso",
        "session",
        "place",
        "mark",
        "circuit",
        "bbc",
        "sport",
        "story",
        "gp",
        "fernando",
        "cnn",
        "position",
        "prix",
        "display",
        "world",
        "champion",
        "qualifying",
        "mclaren",
        "briton",
        "practice",
        "team",
        "mate",
        "set",
        "behind",
        "nigel",
        "record",
        "im",
        "line",
        "jenson",
        "button",
        "massa",
        "rosberg",
        "finishing"
    ],
    "category": [
        "sport",
        "motorsport"
    ]
}