{
    "title": "Murray battles past Baghdatis in Tokyo",
    "url": "https://edition.cnn.com/2011/10/05/sport/tennis/tennis-murray-berdych-azarenka/index.html",
    "date": "2011-10-05",
    "keywords": [
        "world",
        "seed",
        "set",
        "murray",
        "win",
        "tennis",
        "player",
        "baghdatis",
        "place",
        "match",
        "end",
        "round",
        "spain",
        "japan",
        "number",
        "berdych",
        "tour",
        "victory",
        "monica",
        "niculescu",
        "run",
        "wednesday",
        "serve",
        "atp",
        "court",
        "defeat",
        "roof",
        "capital",
        "way",
        "tursunov",
        "verdasco",
        "youzhny",
        "opponent",
        "lopez",
        "argentina",
        "story",
        "push",
        "qualifier",
        "andy",
        "form",
        "firstround",
        "thailand",
        "week",
        "break",
        "cypriot",
        "marcos",
        "year",
        "lot",
        "talent",
        "title",
        "tokyo",
        "threetime",
        "finalist",
        "alex",
        "bogomolov",
        "jr",
        "courtesy",
        "book",
        "ariake",
        "stadium",
        "fish",
        "today",
        "monday",
        "tournament",
        "dimitry",
        "malaysia",
        "champion",
        "janko",
        "tipsarevic",
        "marathon",
        "contest",
        "play",
        "game",
        "tomas",
        "china",
        "straightforward",
        "triumph",
        "czech",
        "contention",
        "quest",
        "spot",
        "london",
        "fernando",
        "flavio",
        "cipolla",
        "success",
        "start",
        "mikhail",
        "row",
        "compatriot",
        "feliciano",
        "opening",
        "threeset",
        "croatias",
        "ivan",
        "ljubicic",
        "overcame",
        "mayer",
        "conqueror",
        "expense"
    ],
    "category": [
        "sport",
        "tennis"
    ]
}