{
    "title": "Tiger Woods\u2019 ex-caddie Williams sorry for racist remark",
    "url": "https://edition.cnn.com/2011/11/05/sport/golf/golf-woods-caddy-row/index.html",
    "date": "2011-11-05",
    "keywords": [
        "scott",
        "tiger",
        "night",
        "statement",
        "story",
        "williams",
        "dinner",
        "year",
        "tournament",
        "room",
        "anyone",
        "zealander",
        "july",
        "golfer",
        "adam",
        "agent",
        "bridgestone",
        "shanghai",
        "fun",
        "thing",
        "issue",
        "event",
        "round",
        "jacobson",
        "mcdowell",
        "situation",
        "irishman",
        "dont",
        "money",
        "world",
        "mcilroy",
        "apology",
        "china",
        "award",
        "celebration",
        "boss",
        "invitational",
        "ohio",
        "month",
        "acceptance",
        "speech",
        "website",
        "caddy",
        "spirit",
        "racist",
        "intent",
        "preparing",
        "president",
        "mark",
        "steinberg",
        "nothing",
        "dismissal",
        "end",
        "relationship",
        "sex",
        "scandal",
        "victory",
        "week",
        "ive",
        "career",
        "part",
        "hsbc",
        "golf",
        "australian",
        "audience",
        "row",
        "speculation",
        "partnership",
        "action",
        "side",
        "place",
        "leader",
        "fredrik",
        "everything",
        "bit",
        "context",
        "anything",
        "value",
        "contribution",
        "game",
        "hope",
        "lot",
        "language",
        "stuff",
        "time",
        "inappropriate",
        "phil",
        "mickelson",
        "charity",
        "zealand",
        "employer",
        "champion",
        "graeme",
        "press",
        "association",
        "remark",
        "sport",
        "unfortunate",
        "comment",
        "joke"
    ],
    "category": [
        "sport",
        "golf"
    ]
}