{
    "title": "Nadal crashes out in Shanghai to Germany\u2019s Mayer",
    "url": "https://edition.cnn.com/2011/10/13/sport/tennis/tennis-shanghai-nadal-murray/index.html",
    "date": "2011-10-13",
    "keywords": [
        "seed",
        "murray",
        "set",
        "match",
        "world",
        "beaten",
        "mayer",
        "andy",
        "victory",
        "rafael",
        "champion",
        "wawrinka",
        "roddick",
        "run",
        "win",
        "serve",
        "lopez",
        "player",
        "story",
        "no2",
        "round",
        "germanys",
        "stanislav",
        "cnn",
        "shanghai",
        "spaniard",
        "tiebreaker",
        "opponent",
        "career",
        "nadal",
        "didnt",
        "baseline",
        "return",
        "tonight",
        "play",
        "lineup",
        "tomas",
        "berdych",
        "czech",
        "hour",
        "battle",
        "threeset",
        "racket",
        "abuse",
        "number",
        "lead",
        "decider",
        "service",
        "title",
        "thailand",
        "japan",
        "beginning",
        "compatriot",
        "juan",
        "carlos",
        "seasonending",
        "tour",
        "spain",
        "form",
        "china",
        "dolgopolov",
        "teenager",
        "matthew",
        "ebden",
        "luck",
        "france"
    ],
    "category": [
        "sport",
        "tennis"
    ]
}