{
    "title": "Jacobson holds half-way lead in Shanghai",
    "url": "https://edition.cnn.com/2011/11/04/sport/golf/golf-jacobson-shanghai-mcilroy/index.html",
    "date": "2011-11-04",
    "keywords": [
        "jacobson",
        "world",
        "tour",
        "winner",
        "event",
        "round",
        "lead",
        "money",
        "no1",
        "ball",
        "halfway",
        "shanghai",
        "scott",
        "rory",
        "mcilroy",
        "list",
        "golf",
        "donald",
        "championship",
        "van",
        "story",
        "sixunder",
        "louis",
        "oosthuizen",
        "second",
        "fiveunder",
        "bid",
        "cnn",
        "friday",
        "field",
        "stage",
        "wgc",
        "hsbc",
        "pga",
        "opening",
        "number",
        "adam",
        "club",
        "champion",
        "girlfriend",
        "tennis",
        "caroline",
        "wozniacki",
        "threeunderpar",
        "mcillroy",
        "wife",
        "child",
        "player",
        "birdie",
        "putt",
        "lot",
        "distance",
        "couple",
        "leader",
        "bradley",
        "nineunder",
        "secondround",
        "stroke",
        "bo",
        "pelt",
        "paul",
        "casey",
        "kaymer",
        "westwood",
        "year",
        "aaron",
        "baddeley",
        "jaidee",
        "thailand",
        "hunter",
        "mahan",
        "sixway",
        "tie",
        "alongside",
        "graeme",
        "trio",
        "justin",
        "dyson",
        "poulter",
        "kj",
        "choi"
    ],
    "category": [
        "sport",
        "golf"
    ]
}