{
    "title": "Former leader of Basque terrorist group sentenced to prison",
    "url": "https://edition.cnn.com/2011/11/07/world/europe/spain-eta-conviction/index.html",
    "date": "2011-11-07",
    "keywords": [
        "eta",
        "court",
        "garcia",
        "gaztelu",
        "assassination",
        "sentence",
        "month",
        "buesa",
        "announcement",
        "socialist",
        "politician",
        "chief",
        "group",
        "prison",
        "terrorism",
        "violence",
        "bodyguard",
        "spain",
        "bomb",
        "government",
        "minister",
        "zapatero",
        "democracy",
        "story",
        "custody",
        "law",
        "madrid",
        "copy",
        "ruling",
        "monday",
        "case",
        "cessation",
        "activity",
        "hand",
        "terrorist",
        "death",
        "penalty",
        "friday",
        "francisco",
        "javier",
        "fernando",
        "city",
        "vitoria",
        "vehicle",
        "control",
        "attack",
        "time",
        "damage",
        "organization",
        "union",
        "fight",
        "basque",
        "state",
        "france",
        "push",
        "effort",
        "leader",
        "gerry",
        "ireland",
        "kofi",
        "annan",
        "jose",
        "rodriguez",
        "importance",
        "victory",
        "memory",
        "peace",
        "process"
    ],
    "category": [
        "world",
        "europe"
    ]
}