{
    "title": "UK to compensate families over 1972 Bloody Sunday massacre",
    "url": "https://edition.cnn.com/2011/09/22/world/europe/ireland-uk-compensation/index.html",
    "date": "2011-09-22",
    "keywords": [
        "government",
        "compensation",
        "ministry",
        "report",
        "year",
        "bloody",
        "ireland",
        "defence",
        "pain",
        "felt",
        "sunday",
        "violence",
        "londonderry",
        "inquiry",
        "ira",
        "story",
        "massacre",
        "belfast",
        "thursday",
        "fire",
        "march",
        "man",
        "day",
        "minister",
        "david",
        "cameron",
        "release",
        "reason",
        "threat",
        "firing",
        "event",
        "rejection",
        "account",
        "question",
        "spokesman",
        "contact",
        "liability",
        "murder",
        "offer",
        "repulsive",
        "payment",
        "support",
        "army",
        "name",
        "city",
        "organization",
        "home",
        "office",
        "group",
        "period",
        "bloodiest",
        "unionist",
        "party"
    ],
    "category": [
        "world",
        "europe"
    ]
}