{
    "title": "Soccer and racism: Controversies from 2011",
    "url": "https://edition.cnn.com/2011/11/02/sport/football/2011-racism-in-football/index.html",
    "date": "2011-11-02",
    "keywords": [
        "football",
        "incident",
        "terry",
        "ferdinand",
        "evra",
        "racism",
        "issue",
        "story",
        "man",
        "patrice",
        "slur",
        "cnn",
        "chelsea",
        "england",
        "captain",
        "john",
        "park",
        "decision",
        "investigation",
        "match",
        "manchester",
        "abuse",
        "liverpool",
        "striker",
        "suarez",
        "premier",
        "league",
        "clash",
        "year",
        "race",
        "forefront",
        "coverage",
        "club",
        "soccer"
    ],
    "category": [
        "sport",
        "football"
    ]
}