{
    "title": "\u2018City in the sea\u2019 that\u2019s home to 2,000",
    "url": "https://edition.cnn.com/2011/10/28/world/europe/baku-oil-rocks/index.html",
    "date": "2011-10-28",
    "keywords": [
        "oil",
        "sea",
        "city",
        "well",
        "capital",
        "bakus",
        "day",
        "site",
        "water",
        "region",
        "gas",
        "story",
        "land",
        "cnn",
        "piece",
        "history",
        "feat",
        "engineering",
        "operation",
        "shift",
        "rotation",
        "museum",
        "stalin",
        "project",
        "drilling",
        "platform",
        "helicopter",
        "film",
        "evidence",
        "industry",
        "half",
        "production",
        "corner",
        "union",
        "country",
        "transit",
        "point",
        "energy",
        "link",
        "chain",
        "supply",
        "demand",
        "today",
        "socar",
        "state",
        "company",
        "month",
        "economy"
    ],
    "category": [
        "world",
        "europe"
    ]
}