{
    "title": "Greece\u2019s prime minister to quit in deal to salvage bailout package",
    "url": "https://edition.cnn.com/2011/11/06/world/europe/greece-main/index.html",
    "date": "2011-11-08",
    "keywords": [
        "papandreou",
        "government",
        "minister",
        "party",
        "greece",
        "president",
        "opposition",
        "leader",
        "finance",
        "meeting",
        "television",
        "statement",
        "monday",
        "deal",
        "bailout",
        "everything",
        "passage",
        "debt",
        "video",
        "vote",
        "economy",
        "job",
        "story",
        "head",
        "george",
        "countrys",
        "day",
        "announcement",
        "crisis",
        "resignation",
        "karolos",
        "papoulias",
        "approval",
        "sunday",
        "antonis",
        "democracy",
        "timeline",
        "course",
        "move",
        "chapter",
        "saga",
        "lightning",
        "rod",
        "leadership",
        "nation",
        "plight",
        "way",
        "agreement",
        "half",
        "promise",
        "public",
        "sector",
        "pare",
        "package",
        "total",
        "goverment",
        "coalition_00011711",
        "coalition",
        "step",
        "pm",
        "dos",
        "santos",
        "effect_00010608",
        "turmoil",
        "union",
        "fund",
        "austerity",
        "time",
        "extent",
        "product",
        "influence",
        "default",
        "spain",
        "portugal",
        "eurozone",
        "belgium",
        "victory",
        "cabinet",
        "pasok",
        "evangelos",
        "venizelos",
        "post",
        "loukas",
        "papaimos",
        "life",
        "place",
        "spring",
        "addition",
        "magnay",
        "jim",
        "boulden",
        "chance",
        "messia",
        "rome",
        "report"
    ],
    "category": [
        "world",
        "europe"
    ]
}