{
    "title": "Knox appeal: How was her fate decided?",
    "url": "https://edition.cnn.com/2011/10/02/world/europe/knox-appeal-explainer/index.html",
    "date": "2011-10-03",
    "keywords": [
        "knox",
        "appeal",
        "court",
        "case",
        "video",
        "murder",
        "prosecution",
        "verdict",
        "trial",
        "conviction",
        "defense",
        "meredith",
        "kercher",
        "amanda",
        "sollecito",
        "sentence",
        "jury",
        "evidence",
        "crime",
        "family",
        "prison",
        "law",
        "extradition",
        "killing",
        "exchange",
        "student",
        "process",
        "perugia",
        "university",
        "italy",
        "rudy",
        "guede",
        "decision",
        "part",
        "judge",
        "decrease",
        "report",
        "mario",
        "acquittal",
        "request",
        "action",
        "lumumba",
        "reaction",
        "shell",
        "ac360\u00ba",
        "story",
        "boyfriend",
        "raffaele",
        "guide",
        "assault",
        "possession",
        "weapon",
        "throat",
        "body",
        "house",
        "town",
        "dna",
        "knife",
        "bra",
        "clasp",
        "material",
        "handle",
        "groove",
        "blade",
        "day",
        "roommate",
        "greene",
        "living",
        "nightmare",
        "kercherattorneytheyareguilty_00003212",
        "lawyer",
        "ruling_00011517",
        "sollecitos",
        "killer",
        "vote",
        "role",
        "claudio",
        "pratillo",
        "hellmann",
        "jail",
        "comodi",
        "life",
        "anderson",
        "explained_00002322",
        "paperwork",
        "hour",
        "cnn",
        "country",
        "morning",
        "need",
        "professor",
        "di",
        "hearing",
        "review",
        "andor",
        "question",
        "person",
        "jeopardy",
        "rule",
        "state"
    ],
    "category": [
        "world",
        "europe"
    ]
}