{
    "title": "Italian rider Simoncelli killed in Malaysian MotoGP crash",
    "url": "https://edition.cnn.com/2011/10/23/sport/motorsport/motorsport-motogp-simoncelli-death/index.html",
    "date": "2011-10-23",
    "keywords": [
        "simoncelli",
        "motogp",
        "valentino",
        "champion",
        "accident",
        "marco",
        "race",
        "incident",
        "friend",
        "death",
        "world",
        "lap",
        "place",
        "crash",
        "sepang",
        "honda",
        "track",
        "injury",
        "rossi",
        "story",
        "prix",
        "star",
        "turn",
        "circuit",
        "bike",
        "helmet",
        "motionless",
        "multiworld",
        "ducati",
        "emergency",
        "treatment",
        "center",
        "avail",
        "spokesman",
        "statement",
        "website",
        "fatality",
        "week",
        "twotime",
        "indianapolis",
        "dan",
        "wheldon",
        "vegas",
        "control",
        "getty",
        "day",
        "jorge",
        "lorenzo",
        "australia",
        "hand",
        "lorenzos",
        "misfortune",
        "casey",
        "stoner",
        "title",
        "malaysia",
        "round",
        "spain",
        "category",
        "rossis",
        "team",
        "manager",
        "vittoriano",
        "reaction",
        "man",
        "tragedy",
        "community",
        "silence",
        "serie",
        "football"
    ],
    "category": [
        "sport",
        "motorsport"
    ]
}