{
    "title": "No. 1 Donald falters in Madrid defense",
    "url": "https://edition.cnn.com/2011/10/08/sport/golf/golf-donald-mcilroy-fowler/index.html",
    "date": "2011-10-08",
    "keywords": [
        "world",
        "round",
        "title",
        "lead",
        "tour",
        "money",
        "donald",
        "pace",
        "champion",
        "rory",
        "mcilroy",
        "korea",
        "rickie",
        "fowler",
        "course",
        "record",
        "race",
        "slattery",
        "compatriot",
        "tie",
        "yang",
        "story",
        "luke",
        "place",
        "englishman",
        "cnn",
        "leader",
        "golfer",
        "season",
        "start",
        "spain",
        "bunker",
        "fifth",
        "bogey",
        "twounder",
        "list",
        "way",
        "flawless",
        "card",
        "picture",
        "pink",
        "elephant",
        "brett",
        "rumford",
        "hunt",
        "gagli",
        "cup",
        "winner",
        "molinari",
        "threebogey",
        "monasterio",
        "rival",
        "week",
        "irishman",
        "fiveway",
        "star",
        "ye",
        "woo",
        "jeong",
        "country",
        "club",
        "cheonan",
        "eightunder",
        "home",
        "tournament",
        "shot",
        "meenwhee"
    ],
    "category": [
        "sport",
        "golf"
    ]
}