{
    "title": "It\u2019s a girl for French President Sarkozy, wife Bruni",
    "url": "https://edition.cnn.com/2011/10/19/world/europe/france-sarkozy-bruni-baby/index.html",
    "date": "2011-10-19",
    "keywords": [
        "sarkozy",
        "friend",
        "child",
        "mother",
        "couple",
        "cnn",
        "wife",
        "birth",
        "bruni",
        "story",
        "arrival",
        "daughter",
        "carla",
        "president",
        "girl",
        "family",
        "muette",
        "clinic",
        "september",
        "spotlight",
        "marriage",
        "supermodel",
        "singer",
        "clapton",
        "mick",
        "jagger"
    ],
    "category": [
        "world",
        "europe"
    ]
}