{
    "title": "Levante win to top Spain\u2019s La Liga",
    "url": "https://edition.cnn.com/2011/10/26/sport/football/football-spain-levante-top/index.html",
    "date": "2011-10-26",
    "keywords": [
        "half",
        "victory",
        "milan",
        "time",
        "levante",
        "barcelona",
        "season",
        "sociedad",
        "ruben",
        "suarez",
        "team",
        "serie",
        "chance",
        "kick",
        "equalizer",
        "result",
        "hattrick",
        "parma",
        "nocerino",
        "story",
        "midfielder",
        "valencia",
        "cnn",
        "earlyseason",
        "form",
        "la",
        "city",
        "year",
        "history",
        "quarter",
        "injury",
        "mart\u00ednez",
        "lead",
        "estrada",
        "rivas",
        "valdo",
        "front",
        "suarezs",
        "spot",
        "madrid",
        "hour",
        "santiago",
        "bernabeu",
        "start",
        "benzema",
        "goal",
        "kaka",
        "angel",
        "di",
        "match",
        "top",
        "league",
        "lavezzi",
        "maggio",
        "night",
        "week",
        "comeback",
        "prince",
        "boetang",
        "threegoal",
        "haul",
        "antonio",
        "hero",
        "put",
        "control",
        "ibrahimovic",
        "consolation",
        "minute",
        "thing",
        "massimiliano",
        "afp",
        "table"
    ],
    "category": [
        "sport",
        "football"
    ]
}