{
    "title": "Hernandez pens five-year Man Utd deal",
    "url": "https://edition.cnn.com/2011/10/24/sport/football/football-manchester-united-hernandez/index.html",
    "date": "2011-10-24",
    "keywords": [
        "hernandez",
        "javier",
        "league",
        "trafford",
        "deal",
        "striker",
        "defeat",
        "ferguson",
        "impact",
        "gunnar",
        "player",
        "manchester",
        "mexico",
        "chivas",
        "guadalajara",
        "july",
        "city",
        "future",
        "premier",
        "title",
        "club",
        "solskjaer",
        "pleasure",
        "year",
        "dream",
        "come",
        "story",
        "cnn",
        "contract",
        "chicharito",
        "hit",
        "outfit",
        "news",
        "boost",
        "arch",
        "history",
        "fiveyear",
        "stay",
        "end",
        "season",
        "statement",
        "forward",
        "ole",
        "goal",
        "win",
        "lot",
        "talent",
        "space",
        "box",
        "finishing",
        "ability",
        "mark",
        "goalscorer",
        "pitch",
        "member",
        "squad",
        "england",
        "im",
        "minute",
        "substitute",
        "nani",
        "impression",
        "game",
        "playing",
        "aberdeen",
        "manager",
        "loss",
        "run",
        "career",
        "think",
        "disappointment",
        "cup",
        "round",
        "fixture",
        "aldershot",
        "tuesday",
        "saturday"
    ],
    "category": [
        "sport",
        "football"
    ]
}