{
    "title": "Germany approves expansion of European bailout fund",
    "url": "https://edition.cnn.com/2011/09/29/world/europe/germany-europe-bailout/index.html",
    "date": "2011-09-29",
    "keywords": [
        "fund",
        "crisis",
        "majority",
        "number",
        "plan",
        "expansion",
        "parliament",
        "debt",
        "vote",
        "favor",
        "story",
        "measure",
        "ratification",
        "power",
        "berlin",
        "cnn",
        "germanys",
        "thursday",
        "wider",
        "confidence",
        "stability",
        "facility",
        "capacity",
        "approval",
        "week",
        "austria",
        "finland",
        "house",
        "bundestag",
        "economy",
        "chancellor",
        "angela",
        "merkel",
        "figure",
        "bloc",
        "bailout",
        "place",
        "bail",
        "ireland",
        "portugal",
        "greece",
        "help",
        "instability",
        "eurozone",
        "edge",
        "recession",
        "capital",
        "strategy",
        "pleitgen",
        "rick",
        "noack",
        "irene",
        "chapple",
        "report"
    ],
    "category": [
        "world",
        "europe"
    ]
}