{
    "title": "Blooming Rose in the running for golf\u2019s $10M jackpot",
    "url": "https://edition.cnn.com/2011/09/22/sport/golf/golf-rose-fedex-cup/index.html",
    "date": "2011-09-22",
    "keywords": [
        "championship",
        "fedex",
        "cup",
        "world",
        "simpson",
        "step",
        "golf",
        "justin",
        "series",
        "event",
        "playoff",
        "pga",
        "tour",
        "year",
        "win",
        "success",
        "number",
        "luke",
        "donald",
        "jackpot",
        "glory",
        "career",
        "bmw",
        "purse",
        "cut",
        "course",
        "shot",
        "top",
        "intensity",
        "focus",
        "story",
        "leader",
        "form",
        "golfer",
        "atlanta",
        "road",
        "sunday",
        "decider",
        "victory",
        "lake",
        "bonus",
        "prize",
        "offer",
        "tournament",
        "fifth",
        "africaborn",
        "path",
        "promising",
        "amateur",
        "snell",
        "champ_00011705",
        "golfs",
        "payday",
        "progression",
        "im",
        "track",
        "ladder",
        "time",
        "bumper",
        "position",
        "knowing",
        "business",
        "destiny",
        "youre",
        "anybody",
        "situation",
        "week",
        "danger",
        "triumph",
        "cog",
        "third",
        "game",
        "lesson",
        "coach",
        "tuesday",
        "couple",
        "caddy",
        "way",
        "process",
        "head",
        "influence",
        "hopefuls",
        "pile",
        "reavie",
        "deutsche",
        "bank",
        "thing",
        "press",
        "conference",
        "relaxing",
        "environment",
        "easy",
        "momentum",
        "ive",
        "briton",
        "player",
        "money",
        "freedom",
        "nice",
        "control"
    ],
    "category": [
        "sport",
        "golf"
    ]
}