{
    "title": "Can Formula One succeed in India?",
    "url": "https://edition.cnn.com/2011/10/28/sport/motorsport/motorsport-f1-india/index.html",
    "date": "2011-10-28",
    "keywords": [
        "india",
        "race",
        "country",
        "nation",
        "formula",
        "commonwealth",
        "ticket",
        "event",
        "amount",
        "time",
        "weekend",
        "land",
        "cnn",
        "sport",
        "prix",
        "year",
        "corruption",
        "delhi",
        "nehru",
        "kalmadi",
        "f1",
        "group",
        "circuit",
        "world",
        "track",
        "motorsport",
        "poverty",
        "wealth",
        "professor",
        "kumar",
        "day",
        "elite",
        "story",
        "legacy",
        "venue",
        "deal",
        "lane",
        "economy",
        "japan",
        "china",
        "scorn",
        "chaos",
        "host",
        "construction",
        "condition",
        "bridge",
        "jawarhalal",
        "stadium",
        "april",
        "role",
        "olympic",
        "association",
        "scoring",
        "result",
        "system",
        "company",
        "party",
        "mp",
        "sidnerf1racingindia_00005109",
        "video",
        "racing",
        "project",
        "damage",
        "countrys",
        "reputation",
        "perception",
        "jaiprakash",
        "gaur",
        "chairman",
        "jaypee",
        "fleet",
        "mercedesbenz",
        "glimpse",
        "example",
        "competence",
        "class",
        "sharma",
        "director",
        "commerce",
        "industry",
        "news",
        "sharmas",
        "lobby",
        "infrastructure",
        "prosperity",
        "decade",
        "arrival",
        "sporting",
        "foothold",
        "opportunity",
        "brandbuilding",
        "everyone",
        "arun",
        "contrast",
        "center",
        "delhis",
        "jawaharlal",
        "university",
        "sense",
        "complete"
    ],
    "category": [
        "sport",
        "motorsport"
    ]
}