{
    "title": "Golf: GB and Ireland close on victory",
    "url": "https://edition.cnn.com/2011/09/17/sport/golf/golf-gb-and-ireland-close-on-victory/index.html",
    "date": "2011-09-17",
    "keywords": [
        "trophy",
        "ireland",
        "day",
        "team",
        "britain",
        "europe",
        "gb",
        "championship",
        "tour",
        "lead",
        "win",
        "cup",
        "westwood",
        "compatriot",
        "vivendi",
        "france",
        "need",
        "justin",
        "paul",
        "competition",
        "dyson",
        "donaldson",
        "manassero",
        "poulter",
        "world",
        "fisher",
        "jacquelin",
        "horsey",
        "champion",
        "van",
        "event",
        "par",
        "round",
        "story",
        "cnn",
        "concluding",
        "task",
        "concentration",
        "job",
        "case",
        "tomorrow",
        "mcginley",
        "jamie",
        "way",
        "morning",
        "matteo",
        "ryder",
        "partner",
        "ross",
        "thomas",
        "bjorn",
        "raphael",
        "no2",
        "lee",
        "scott",
        "jamieson",
        "angel",
        "point",
        "hanson",
        "square",
        "darren",
        "winner",
        "johnnie",
        "walker",
        "month",
        "mark",
        "foster",
        "afternoon",
        "francesco",
        "molinari",
        "robert",
        "rock",
        "superb",
        "victory",
        "opening",
        "sunday",
        "momentum",
        "board",
        "straightaway",
        "im",
        "twounder",
        "bmw",
        "total",
        "control",
        "fedex",
        "john",
        "senden",
        "place",
        "stroke",
        "geoff",
        "ogilvy",
        "bill",
        "haas"
    ],
    "category": [
        "sport",
        "golf"
    ]
}