{
    "title": "Boateng hat-trick inspires Milan fight back",
    "url": "https://edition.cnn.com/2011/10/23/sport/football/football-milan-boateng-bayern/index.html",
    "date": "2011-10-23",
    "keywords": [
        "boateng",
        "hattrick",
        "hannover",
        "victory",
        "game",
        "kevinprince",
        "ac",
        "milan",
        "serie",
        "triple",
        "bundesliga",
        "penalty",
        "home",
        "david",
        "juventus",
        "captain",
        "side",
        "lead",
        "goal",
        "defeat",
        "bayern",
        "story",
        "cnn",
        "mario",
        "winner",
        "lecce",
        "rossoneri",
        "interval",
        "giacomazzi",
        "massimo",
        "oddo",
        "carlos",
        "grossmuller",
        "bench",
        "turn",
        "minute",
        "massimiliano",
        "effort",
        "italy",
        "trezeguet",
        "antonio",
        "natale",
        "domizzi",
        "twopoint",
        "draw",
        "genoa",
        "city",
        "row",
        "motta",
        "chievo",
        "siro",
        "germanys",
        "upset",
        "striker",
        "pander",
        "season",
        "abdellaoue",
        "contest",
        "fever",
        "pitch",
        "mass",
        "brawl",
        "cherundolo",
        "foul",
        "ribery",
        "hour",
        "mark",
        "alaba",
        "schweinsteiger",
        "post",
        "hung",
        "dortmund",
        "cologne",
        "saturday",
        "trail"
    ],
    "category": [
        "sport",
        "football"
    ]
}