{
    "title": "Garcia claims back-to-back victories",
    "url": "https://edition.cnn.com/2011/10/30/sport/golf/golf-garcia-andalucia/index.html",
    "date": "2011-10-30",
    "keywords": [
        "garcia",
        "tour",
        "victory",
        "stroke",
        "success",
        "home",
        "soil",
        "course",
        "valderrama",
        "angel",
        "jimenez",
        "compatriot",
        "history",
        "game",
        "tournament",
        "story",
        "andalucia",
        "cnn",
        "week",
        "castello",
        "time",
        "cup",
        "teammate",
        "miguel",
        "level",
        "par",
        "sixunderpar",
        "total",
        "gap",
        "nerve",
        "hole",
        "firstever",
        "runnerup",
        "website",
        "return",
        "barren",
        "spell",
        "head",
        "spot",
        "ramsey",
        "opening",
        "place",
        "bo",
        "van",
        "pelt",
        "sixshot",
        "asia",
        "pacific",
        "classic",
        "malaysia",
        "pga",
        "flawless",
        "sevenunderpar",
        "jeff",
        "round",
        "jacobson",
        "shot",
        "position",
        "bank",
        "championship",
        "milwaukee",
        "overton",
        "win"
    ],
    "category": [
        "sport",
        "golf"
    ]
}