{
    "title": "ETA pressed to end violence for good",
    "url": "https://edition.cnn.com/2011/10/17/world/europe/spain-eta/index.html",
    "date": "2011-10-17",
    "keywords": [
        "spain",
        "eta",
        "basque",
        "government",
        "statement",
        "conference",
        "france",
        "violence",
        "group",
        "conflict",
        "end",
        "party",
        "meeting",
        "violent",
        "campaign",
        "homeland",
        "leader",
        "declaration",
        "peace",
        "ireland",
        "radio",
        "story",
        "sinn",
        "gerry",
        "kofi",
        "annan",
        "monday",
        "cessation",
        "action",
        "minister",
        "bertie",
        "city",
        "close",
        "region",
        "organization",
        "union",
        "fight",
        "independence",
        "section",
        "permanent",
        "ceasefire",
        "car",
        "reconciliation",
        "compensation",
        "era",
        "ahern",
        "opposition",
        "thinking",
        "south",
        "idea",
        "situation",
        "gonzalez",
        "president",
        "patxi",
        "lopez",
        "process",
        "sort",
        "taggart",
        "report"
    ],
    "category": [
        "world",
        "europe"
    ]
}