{
    "title": "Memorial service celebrates life of racer Dan Wheldon",
    "url": "https://edition.cnn.com/2011/10/23/sport/motorsport/racing-wheldon/index.html",
    "date": "2011-10-23",
    "keywords": [
        "family",
        "wheldon",
        "crash",
        "indycar",
        "life",
        "indianapolis",
        "bernard",
        "way",
        "sport",
        "safety",
        "win",
        "lionheart",
        "lot",
        "story",
        "affiliate",
        "wtsp",
        "memorial",
        "dan",
        "man",
        "twotime",
        "vegas",
        "back",
        "head",
        "hand",
        "interview",
        "country",
        "video",
        "wife",
        "max",
        "mosley",
        "sussman",
        "message",
        "herta",
        "goodbye",
        "church",
        "judd",
        "image",
        "heart",
        "winner",
        "sanctioning",
        "body",
        "service",
        "laughter",
        "champ",
        "held",
        "conseco",
        "fieldhouse",
        "driver",
        "charm",
        "sense",
        "humor",
        "devotion",
        "field",
        "las",
        "control",
        "burst",
        "smoke",
        "debris",
        "ceo",
        "character",
        "approach",
        "love",
        "reason",
        "fan",
        "see",
        "sign",
        "joke",
        "stage",
        "car",
        "cuttingedge",
        "racing",
        "engineering",
        "forward",
        "commitment",
        "series",
        "music",
        "mcentire",
        "band",
        "perry",
        "attendance",
        "dad_00005116",
        "motorsport",
        "safety_00000321",
        "privilege",
        "carefree",
        "racer",
        "blossom",
        "champion",
        "night",
        "hold",
        "morning",
        "radio",
        "disney",
        "park",
        "mother",
        "manager",
        "gratitude",
        "outpouring",
        "comfort",
        "share"
    ],
    "category": [
        "sport",
        "motorsport"
    ]
}