{
    "title": "Europe regain Solheim Cup after last-day heroics in Ireland",
    "url": "https://edition.cnn.com/2011/09/25/sport/golf/solheim/index.html",
    "date": "2011-09-25",
    "keywords": [
        "match",
        "victory",
        "team",
        "win",
        "kerr",
        "point",
        "cup",
        "castle",
        "ireland",
        "way",
        "wie",
        "hole",
        "pettersen",
        "green",
        "stanford",
        "europe",
        "heart",
        "passion",
        "story",
        "karen",
        "injury",
        "sunday",
        "outcome",
        "course",
        "fight",
        "culmination",
        "eightfoot",
        "birdie",
        "putt",
        "hedwall",
        "half",
        "munoz",
        "angela",
        "onepoint",
        "lead",
        "approach",
        "hand",
        "competition",
        "blow",
        "cristie",
        "wrist",
        "concession",
        "catriona",
        "matthew",
        "impetus",
        "creamer",
        "gustafson",
        "home",
        "side",
        "stacy",
        "brittany",
        "lang",
        "pressel",
        "foot",
        "inkster",
        "christina",
        "kim",
        "rookie",
        "reid",
        "overcame",
        "lincicome",
        "margin",
        "finale",
        "captain",
        "alison",
        "nicholas",
        "trophy",
        "colorado",
        "golf",
        "club"
    ],
    "category": [
        "sport",
        "golf"
    ]
}