{
    "title": "Portugal handed tough Euro 2012 playoffs draw",
    "url": "https://edition.cnn.com/2011/10/13/sport/football/football-euro-2012-playoffs/index.html",
    "date": "2011-10-13",
    "keywords": [
        "euro",
        "place",
        "republic",
        "herzegovina",
        "turkey",
        "ireland",
        "portugal",
        "world",
        "playoff",
        "tournament",
        "croatia",
        "czech",
        "cup",
        "leg",
        "denmark",
        "france",
        "story",
        "estonia",
        "headtohead",
        "cnn",
        "bosnia",
        "pair",
        "poland",
        "year",
        "midfielder",
        "paulo",
        "bento",
        "qualifed",
        "courtesy",
        "success",
        "feat",
        "home",
        "advantage",
        "ceremony",
        "capital",
        "kiev",
        "repeat",
        "seal",
        "spot",
        "dutchman",
        "guus",
        "hiddink",
        "penalty",
        "shootout",
        "victory",
        "giovanni",
        "soccer",
        "championship",
        "appearance",
        "william",
        "goal",
        "handball",
        "thierry",
        "henry",
        "runnersup",
        "montenegro",
        "independence",
        "competition",
        "england",
        "italy",
        "russia",
        "greece",
        "draw",
        "group",
        "stage",
        "june"
    ],
    "category": [
        "sport",
        "football"
    ]
}