{
    "title": "Is Macedonia\u2019s capital being turned into a theme park?",
    "url": "https://edition.cnn.com/2011/10/04/world/europe/macedonia-skopje-2014/index.html",
    "date": "2011-10-10",
    "keywords": [
        "macedonia",
        "skopje",
        "project",
        "tourism",
        "city",
        "year",
        "center",
        "statue",
        "museum",
        "number",
        "arch",
        "country",
        "infrastructure",
        "century",
        "increase",
        "independence",
        "part",
        "horse",
        "day",
        "balkan",
        "crisis",
        "accommodation",
        "capacity",
        "head",
        "unemployment",
        "atanasovski",
        "bronze",
        "imagine",
        "mass",
        "government",
        "market",
        "story",
        "multimillion",
        "euro",
        "visitor",
        "cnn",
        "anniversary",
        "yugoslavia",
        "month",
        "capital",
        "earthquake",
        "centerpiece",
        "place",
        "time",
        "september",
        "dispute",
        "greece",
        "ancient",
        "king",
        "hero",
        "warrior",
        "gallery",
        "face",
        "struggle",
        "ministry",
        "court",
        "theater",
        "profile",
        "cost",
        "bill",
        "newspaper",
        "building",
        "goran",
        "travel2macedoniacommk",
        "river",
        "controversy",
        "group",
        "level",
        "look",
        "brand",
        "taste",
        "antiquity",
        "macedonian",
        "try",
        "theme",
        "park",
        "identity",
        "something",
        "resident",
        "regardless",
        "period",
        "season",
        "travel",
        "downtown",
        "bazaar",
        "destination",
        "majority",
        "afield",
        "russia",
        "poland",
        "italy",
        "turkey",
        "lack",
        "coastline",
        "culture",
        "history",
        "casino",
        "reduction",
        "tax",
        "tour"
    ],
    "category": [
        "world",
        "europe"
    ]
}