{
    "title": "Alex Ferguson\u2019s top 25 moments in charge of Manchester Utd",
    "url": "https://edition.cnn.com/2011/11/04/sport/football/ferguson-top-25-moments/index.html",
    "date": "2011-11-05",
    "keywords": [
        "charge",
        "career",
        "ferguson",
        "manchester",
        "sunday",
        "quarter",
        "trafford",
        "league",
        "story",
        "scot",
        "decade",
        "cnn",
        "century",
        "course",
        "list",
        "triumphs",
        "barcelona",
        "moscow",
        "beckham",
        "moment",
        "glare",
        "spotlight",
        "countless",
        "belt",
        "premier",
        "day",
        "side",
        "face",
        "sunderland",
        "quest",
        "record",
        "title",
        "world",
        "sport",
        "reign",
        "start",
        "game"
    ],
    "category": [
        "sport",
        "football"
    ]
}