{
    "title": "LSU beats Alabama with overtime field goal",
    "url": "https://edition.cnn.com/2011/11/06/sport/football/alabama-lsu/index.html",
    "date": "2011-11-06",
    "keywords": [
        "field",
        "game",
        "lsu",
        "goal",
        "alabama",
        "gamewinner",
        "team",
        "firstever",
        "sec",
        "season",
        "crimson",
        "defense",
        "quarter",
        "story",
        "alleman",
        "touchdown",
        "college",
        "overtime",
        "saturday",
        "night",
        "coin",
        "toss",
        "session",
        "penalty",
        "huddle",
        "sack",
        "loss",
        "cade",
        "foster",
        "alabamas",
        "placekicker",
        "michael",
        "ford",
        "work",
        "heart",
        "stadium",
        "crowd",
        "tuscaloosa",
        "score",
        "exception",
        "tie",
        "century",
        "defensive",
        "standoff",
        "half",
        "midway",
        "recap",
        "vs",
        "opponent",
        "year",
        "broadcast",
        "cbs",
        "phil",
        "gast",
        "report"
    ],
    "category": [
        "sport",
        "football"
    ]
}