{
    "title": "Alleged UK cell charged with terror training in Pakistan",
    "url": "https://edition.cnn.com/2011/09/26/world/europe/britain-terror-training/index.html",
    "date": "2011-09-27",
    "keywords": [
        "terrorism",
        "home",
        "martyrdom",
        "training",
        "information",
        "irfan",
        "act",
        "cnn",
        "court",
        "campaign",
        "birmingham",
        "part",
        "operation",
        "making",
        "pakistan",
        "money",
        "man",
        "thursday",
        "ali",
        "device",
        "story",
        "york",
        "monday",
        "connection",
        "kingdom",
        "week",
        "custody",
        "cell",
        "bomb",
        "poison",
        "day",
        "source",
        "aware",
        "investigation",
        "west",
        "unit",
        "group",
        "attack",
        "planning",
        "strategy",
        "evidence",
        "trial",
        "september",
        "city",
        "news",
        "release",
        "press",
        "warrant",
        "britain",
        "terror",
        "threat",
        "level",
        "light",
        "afternoon",
        "ashik",
        "conduct",
        "preparation",
        "nasser",
        "bombing",
        "suicide",
        "campaignevent",
        "commission",
        "counseling",
        "purchase",
        "construction",
        "funding",
        "arrangement",
        "police",
        "bahader",
        "recording",
        "telegraph",
        "newspaper",
        "border",
        "region",
        "terrorist",
        "july",
        "office",
        "report",
        "operating",
        "year",
        "extremism",
        "uk",
        "europe",
        "secretary",
        "theresa",
        "speech",
        "washington",
        "qaeda"
    ],
    "category": [
        "world",
        "europe"
    ]
}