{
    "title": "UK trader becomes an Internet sensation",
    "url": "https://edition.cnn.com/2011/09/28/world/europe/uk-trader-viral/index.html",
    "date": "2011-09-29",
    "keywords": [
        "rastani",
        "trader",
        "money",
        "recession",
        "interview",
        "night",
        "dreaming",
        "sensation",
        "storm",
        "cnn",
        "investment",
        "bank",
        "stir",
        "advice",
        "somebody",
        "voice",
        "story",
        "internet",
        "london",
        "alessio",
        "news",
        "channel",
        "monday",
        "stock",
        "tuesday",
        "someone",
        "sachs",
        "world",
        "pick",
        "ok",
        "reason",
        "person",
        "nothing",
        "kind",
        "player",
        "fact",
        "hobby",
        "authority",
        "feeling",
        "sort",
        "suit",
        "city",
        "street",
        "sage",
        "speaker",
        "trainer",
        "market",
        "man",
        "affair",
        "hour",
        "set",
        "question",
        "attention",
        "opinion",
        "book",
        "member",
        "tv",
        "past",
        "mind",
        "guy",
        "adviser",
        "sense",
        "view"
    ],
    "category": [
        "world",
        "europe"
    ]
}