{
    "title": "Enigma machine sells for world record price",
    "url": "https://edition.cnn.com/2011/09/29/world/europe/uk-enigma-machine-auction/index.html",
    "date": "2011-09-29",
    "keywords": [
        "machine",
        "war",
        "enigma",
        "auction",
        "world",
        "estimate",
        "story",
        "device",
        "ii",
        "film",
        "movie",
        "record",
        "hammer",
        "sale",
        "explorer",
        "expedition",
        "nazis",
        "winslet",
        "london",
        "hollywood",
        "price",
        "bidding",
        "selling",
        "house",
        "form",
        "code",
        "team",
        "bletchley",
        "park",
        "breakthrough",
        "kate",
        "thursday",
        "end",
        "science",
        "history",
        "specialist",
        "collector",
        "round",
        "applause",
        "cookie",
        "biscuit",
        "batch",
        "milk",
        "protein",
        "shy",
        "falcon",
        "scotts",
        "pocket"
    ],
    "category": [
        "world",
        "europe"
    ]
}