{
    "title": "Ursula Sladek: The housewife who powered a green revolution",
    "url": "https://edition.cnn.com/2011/09/21/world/europe/ursula-sladek-green-energy/index.html",
    "date": "2011-09-26",
    "keywords": [
        "energy",
        "power",
        "electricity",
        "sladek",
        "grid",
        "company",
        "schonau",
        "town",
        "money",
        "story",
        "disaster",
        "control",
        "goldman",
        "prize",
        "supplier",
        "ews",
        "explosion",
        "reliance",
        "chernobyl",
        "reason",
        "germanys",
        "family",
        "profit",
        "teacher",
        "business",
        "figure",
        "head",
        "supply",
        "cooperative",
        "germany",
        "today",
        "fukushima",
        "commitment",
        "decade",
        "demand",
        "housewife",
        "provider",
        "wake",
        "home",
        "plant",
        "radiation",
        "wildlife",
        "boar",
        "president",
        "mother",
        "future",
        "organization",
        "time",
        "job",
        "government",
        "anything",
        "response",
        "attitude",
        "kwrs",
        "licence",
        "renewal",
        "group",
        "powercompany",
        "petition",
        "council",
        "population",
        "contract",
        "wind",
        "cogeneration",
        "heat",
        "premium",
        "conscience",
        "nope",
        "fact",
        "coal",
        "course",
        "companys",
        "income",
        "rest",
        "training",
        "winner",
        "nobel",
        "environment",
        "april",
        "year"
    ],
    "category": [
        "world",
        "europe"
    ]
}