{
    "title": "Hamilton hit with India grid penalty",
    "url": "https://edition.cnn.com/2011/10/28/sport/motorsport/motorsport-f1-india-hamilton/index.html",
    "date": "2011-10-28",
    "keywords": [
        "hamilton",
        "prix",
        "ecclestone",
        "race",
        "perez",
        "grid",
        "penalty",
        "driver",
        "world",
        "champion",
        "season",
        "threeplace",
        "circuit",
        "massa",
        "time",
        "vettel",
        "bernie",
        "doubt",
        "future",
        "practice",
        "life",
        "korea",
        "f1",
        "place",
        "story",
        "sergio",
        "ferraris",
        "cnn",
        "safety",
        "flag",
        "sauber",
        "sanction",
        "duo",
        "end",
        "session",
        "maldonado",
        "engine",
        "failure",
        "turn",
        "setback",
        "field",
        "lap",
        "minute",
        "teammate",
        "twotime",
        "alonso",
        "bull",
        "mark",
        "webber",
        "delhi",
        "track",
        "title",
        "winner",
        "jenson",
        "button",
        "sport",
        "fiveplace",
        "collision",
        "michael",
        "schumacher",
        "supremo",
        "event",
        "reduction",
        "hosting",
        "fee",
        "jersey",
        "texas",
        "russia",
        "bow",
        "number",
        "deal",
        "venue",
        "way",
        "newspaper",
        "telegraph",
        "disappointment",
        "effort"
    ],
    "category": [
        "sport",
        "motorsport"
    ]
}