{
    "title": "UK Parliament rejects referendum on country\u2019s EU membership",
    "url": "https://edition.cnn.com/2011/10/24/world/europe/uk-eu-referendum/index.html",
    "date": "2011-10-24",
    "keywords": [
        "vote",
        "time",
        "referendum",
        "cameron",
        "motion",
        "party",
        "house",
        "crisis",
        "membership",
        "minister",
        "debt",
        "eu",
        "story",
        "pm",
        "monday",
        "call",
        "countrys",
        "union",
        "david",
        "rebellion",
        "favor",
        "quarter",
        "george",
        "leader",
        "member",
        "moment",
        "legislation",
        "inout",
        "fire",
        "impulse",
        "parliament",
        "petition",
        "consideration",
        "subject",
        "issue",
        "europe",
        "debate",
        "street",
        "statement",
        "government",
        "interest",
        "nation",
        "thing",
        "view",
        "lead"
    ],
    "category": [
        "world",
        "europe"
    ]
}