{
    "title": "Previously unknown Velazquez portrait discovered",
    "url": "https://edition.cnn.com/2011/10/28/world/europe/uk-velazquez-portrait/index.html",
    "date": "2011-10-28",
    "keywords": [
        "vel\u00e1zquez",
        "portrait",
        "auction",
        "painter",
        "work",
        "artist",
        "shepperson",
        "master",
        "gentleman",
        "diego",
        "painting",
        "london",
        "century",
        "saleroom",
        "art",
        "history",
        "story",
        "matthew",
        "cnn",
        "consignment",
        "light",
        "descendant",
        "series",
        "sale",
        "item",
        "bestknown",
        "year",
        "research",
        "fact",
        "portraitist",
        "change",
        "attribution",
        "estimate",
        "house",
        "staff",
        "owner",
        "news",
        "peter",
        "cherry",
        "professor",
        "university",
        "dublin",
        "head",
        "prado",
        "museum",
        "picture",
        "magazine",
        "likeness",
        "texture",
        "weight",
        "colours",
        "face",
        "speak",
        "encounter",
        "style",
        "brilliance",
        "representation",
        "author",
        "identity",
        "subject",
        "balding",
        "man",
        "collar",
        "mateos",
        "philip",
        "iv",
        "hunt",
        "display",
        "public",
        "companys",
        "star",
        "lot",
        "discovery",
        "treasure",
        "experience",
        "attention",
        "interest",
        "globe"
    ],
    "category": [
        "world",
        "europe"
    ]
}