{
    "title": "Trash or treasure? Sifting through ancient rubbish for archaeological gold",
    "url": "https://edition.cnn.com/2011/10/04/world/europe/archaeology-ancient-trash/index.html",
    "date": "2011-10-04",
    "keywords": [
        "trash",
        "meadow",
        "peabody",
        "remesal",
        "roman",
        "dump",
        "life",
        "museum",
        "world",
        "richard",
        "director",
        "archaeology",
        "empire",
        "food",
        "testaccio",
        "series",
        "importance",
        "culture",
        "refuse",
        "anthropology",
        "university",
        "consumption",
        "behavior",
        "waste",
        "way",
        "evolution",
        "dr",
        "history",
        "trade",
        "monte",
        "oil",
        "source",
        "civilization",
        "garbage",
        "story",
        "resource",
        "cnn",
        "sifting",
        "imagine",
        "case",
        "chance",
        "laboratory",
        "lecturer",
        "harvard",
        "proxy",
        "talk",
        "spring",
        "understanding",
        "city",
        "harappa",
        "pakistan",
        "dumping",
        "space",
        "time",
        "ancient",
        "point",
        "street",
        "top",
        "adept",
        "matter",
        "fuel",
        "house",
        "variety",
        "period",
        "consumerism",
        "obsolescence",
        "jose",
        "rodriguez",
        "professor",
        "barcelona",
        "expert",
        "interest",
        "production",
        "site",
        "rome",
        "hill",
        "amphorae",
        "development",
        "policy",
        "information",
        "product",
        "capital",
        "prizing",
        "today",
        "work",
        "example",
        "archaeologist",
        "william",
        "project",
        "arizona",
        "day",
        "array",
        "material",
        "lecture",
        "view",
        "ethnology"
    ],
    "category": [
        "world",
        "europe"
    ]
}