{
    "title": "Series of blasts kill 1, injure dozens in Russia\u2019s Dagestan",
    "url": "https://edition.cnn.com/2011/09/22/world/europe/russia-attacks/index.html",
    "date": "2011-09-22",
    "keywords": [
        "police",
        "dagestan",
        "bomb",
        "security",
        "chief",
        "website",
        "car",
        "attack",
        "district",
        "tnt",
        "officer",
        "investigation",
        "explosion",
        "insurgency",
        "story",
        "cnn",
        "series",
        "north",
        "region",
        "person",
        "equivalent",
        "midnight",
        "headquarters",
        "capital",
        "makhachkala",
        "one",
        "department",
        "fifteen",
        "scene",
        "power",
        "interior",
        "ministry",
        "blast",
        "committee",
        "statement",
        "epicenter",
        "morning",
        "shot",
        "city",
        "buinaksk",
        "col",
        "magomednabi",
        "adilkhanov",
        "day",
        "transportation",
        "week",
        "mosque",
        "imam",
        "bloody",
        "chechnya",
        "area",
        "caucasus",
        "center",
        "month",
        "head",
        "service",
        "alexandr",
        "bortnikov",
        "president",
        "year",
        "place",
        "law",
        "enforcement",
        "time",
        "period",
        "bortkinov"
    ],
    "category": [
        "world",
        "europe"
    ]
}