{
    "title": "Button signs long-term new McLaren deal",
    "url": "https://edition.cnn.com/2011/10/05/sport/motorsport/mclaren-button-f1-hamilton/index.html",
    "date": "2011-10-05",
    "keywords": [
        "button",
        "world",
        "team",
        "jenson",
        "future",
        "contract",
        "hamilton",
        "driver",
        "champion",
        "championship",
        "f1",
        "brawn",
        "gp",
        "news",
        "vettel",
        "passion",
        "determination",
        "prix",
        "story",
        "englishman",
        "formula",
        "wednesday",
        "multiyear",
        "move",
        "stability",
        "form",
        "mclaren",
        "statement",
        "length",
        "home",
        "life",
        "second",
        "im",
        "level",
        "support",
        "share",
        "part",
        "secret",
        "ambition",
        "place",
        "marin",
        "whitmarsh",
        "deal",
        "spoke",
        "pride",
        "hell",
        "credit",
        "organization",
        "proud",
        "compatriot",
        "teammate",
        "success",
        "year",
        "moment",
        "career",
        "grid",
        "point",
        "winner",
        "history"
    ],
    "category": [
        "sport",
        "motorsport"
    ]
}