{
    "title": "Pope: The Church in Germany \u2018will continue to be a blessing\u2019",
    "url": "https://edition.cnn.com/2011/09/25/world/europe/germany-pope/index.html",
    "date": "2011-09-25",
    "keywords": [
        "church",
        "germany",
        "pope",
        "clergy",
        "benedict",
        "visit",
        "abuse",
        "scandal",
        "state",
        "country",
        "pontiff",
        "freiburg",
        "press",
        "office",
        "world",
        "statement",
        "case",
        "man",
        "archdiocese",
        "story",
        "sunday",
        "sermon",
        "xvi",
        "goodbye",
        "europe",
        "disenchantment",
        "roman",
        "day",
        "mass",
        "sense",
        "mercy",
        "forgiveness",
        "heart",
        "institution",
        "transcript",
        "sex",
        "perception",
        "leaven",
        "society",
        "lay",
        "faithful",
        "fidelity",
        "unity",
        "blessing",
        "lunch",
        "motorcade",
        "forest",
        "airport",
        "lahr",
        "border",
        "president",
        "wulff",
        "wife",
        "bettina",
        "prayer",
        "plane",
        "home",
        "time",
        "talk",
        "chancellor",
        "angela",
        "merkel",
        "meeting",
        "friday",
        "erfurt",
        "group",
        "holy",
        "father",
        "compassion",
        "regret",
        "responsibility",
        "protection",
        "face",
        "north",
        "america",
        "handling",
        "joseph",
        "ratzinger",
        "transfer",
        "wake",
        "thencardinal",
        "march",
        "priest",
        "h",
        "munich",
        "freising",
        "region",
        "stop",
        "southwest",
        "war",
        "catholic",
        "membership",
        "attrition",
        "harder",
        "enthusiasm",
        "appointment",
        "magazine",
        "priesthood",
        "conference",
        "cnns"
    ],
    "category": [
        "world",
        "europe"
    ]
}