{
    "title": "Greek PM survives confidence vote",
    "url": "https://edition.cnn.com/2011/11/04/world/europe/greece-main/index.html",
    "date": "2011-11-08",
    "keywords": [
        "government",
        "papandreou",
        "debt",
        "greece",
        "bailout",
        "leader",
        "confidence",
        "economy",
        "country",
        "video",
        "coalition",
        "vote",
        "friday",
        "deal",
        "package",
        "crisis",
        "opposition",
        "minister",
        "victory",
        "president",
        "austerity",
        "head",
        "state",
        "support",
        "chance",
        "care",
        "burnett",
        "money",
        "page",
        "default",
        "italy",
        "program",
        "time",
        "summit",
        "place",
        "obama",
        "europe",
        "story",
        "win",
        "george",
        "saturday",
        "margin",
        "countrys",
        "room",
        "panacea",
        "tomorrow",
        "order",
        "speech",
        "air",
        "motion",
        "parliament",
        "loss",
        "dissolution",
        "holding",
        "election",
        "someone",
        "thursday",
        "night",
        "approval",
        "desire",
        "grip",
        "power",
        "thing",
        "chair",
        "dont",
        "santos",
        "eu",
        "eurozone",
        "qmb",
        "taylor",
        "profile_00001319",
        "ctwgreecestefanosmanos_00003318",
        "decision",
        "riversgreekdiasporauk_00020210",
        "diaspora",
        "leadership",
        "greek",
        "antonis",
        "samaras",
        "course",
        "october",
        "half",
        "promise",
        "public",
        "sector",
        "tranche",
        "agreement",
        "month",
        "payment",
        "week",
        "referendum",
        "move",
        "nothing",
        "specter",
        "disaster",
        "shock",
        "product",
        "influence",
        "world",
        "spain"
    ],
    "category": [
        "world",
        "europe"
    ]
}