{
    "title": "Woods endures torrid start to PGA Tour return",
    "url": "https://edition.cnn.com/2011/10/07/sport/golf/golf-woods-cantlay-frys/index.html",
    "date": "2011-10-07",
    "keywords": [
        "world",
        "time",
        "tiger",
        "winner",
        "week",
        "cantlay",
        "day",
        "fryscom",
        "form",
        "career",
        "quartet",
        "stroke",
        "spiral",
        "amateur",
        "twounder",
        "story",
        "share",
        "lead",
        "cnn",
        "number",
        "opening",
        "round",
        "position",
        "danger",
        "cut",
        "california",
        "event",
        "tour",
        "comeback",
        "injury",
        "tournament",
        "rankings",
        "ball",
        "today",
        "record",
        "top",
        "pga",
        "golfs",
        "confidence",
        "line",
        "putter",
        "change",
        "impact",
        "performance",
        "place",
        "club",
        "question",
        "im",
        "tape",
        "bit",
        "mass",
        "patrick",
        "contrast",
        "partner",
        "course",
        "proam",
        "pressure",
        "tee",
        "bunch",
        "fun",
        "anybody",
        "brendan",
        "steele",
        "baird",
        "garrett",
        "willis",
        "bettencourt",
        "leaderboard",
        "fourunder",
        "shot",
        "rod",
        "pampling",
        "price",
        "baryla",
        "tory",
        "matteson",
        "ernie",
        "africa",
        "na",
        "title"
    ],
    "category": [
        "sport",
        "golf"
    ]
}