{
    "title": "Barcelona go top with 1-0 win at bottom side Sporting Gijon",
    "url": "https://edition.cnn.com/2011/10/02/sport/football/barcelona/index.html",
    "date": "2011-10-03",
    "keywords": [
        "goal",
        "win",
        "match",
        "betis",
        "shot",
        "higuain",
        "top",
        "la",
        "liga",
        "difference",
        "adriano",
        "barca",
        "point",
        "team",
        "story",
        "half",
        "level",
        "cnn",
        "side",
        "gijon",
        "brand",
        "football",
        "form",
        "season",
        "scorer",
        "lionel",
        "messi",
        "barcas",
        "tally",
        "break",
        "carlos",
        "puyol",
        "gerard",
        "pique",
        "midfielder",
        "cesc",
        "fabregas",
        "injury",
        "sporting",
        "manager",
        "manolo",
        "preciado",
        "pressure",
        "table",
        "barcelona",
        "position",
        "gonzalo",
        "hattrick",
        "scoring",
        "alvarez",
        "cristiano",
        "ronaldos",
        "pass",
        "corner",
        "angle",
        "substitute",
        "jose",
        "bench",
        "river",
        "plate",
        "minute",
        "levante",
        "victory",
        "juanlu",
        "defeat",
        "action",
        "sevilla",
        "espanyol",
        "evening",
        "kickoff"
    ],
    "category": [
        "sport",
        "football"
    ]
}