{
    "title": "Tour Championship leader Bradley enjoying Atlanta return",
    "url": "https://edition.cnn.com/2011/09/23/sport/golf/bradley-donald-fedex-golf/index.html",
    "date": "2011-09-23",
    "keywords": [
        "championship",
        "dufner",
        "pga",
        "team",
        "lead",
        "tour",
        "fedex",
        "bradley",
        "round",
        "jason",
        "donald",
        "cup",
        "series",
        "weekend",
        "start",
        "prize",
        "luke",
        "course",
        "world",
        "money",
        "atlanta",
        "lake",
        "second",
        "justin",
        "tomorrow",
        "place",
        "captain",
        "club",
        "time",
        "golf",
        "victory",
        "opening",
        "position",
        "player",
        "simpson",
        "story",
        "champioship",
        "man",
        "tussle",
        "playoff",
        "title",
        "rookie",
        "surprise",
        "success",
        "finale",
        "thursday",
        "compatriot",
        "chez",
        "reavie",
        "number",
        "dont",
        "grass",
        "website",
        "lot",
        "fun",
        "champ_00011705",
        "golfs",
        "payday",
        "wildcard",
        "pick",
        "competition",
        "america",
        "iywphilmickelson_00010904",
        "video",
        "mickelson",
        "school",
        "way",
        "im",
        "assistant",
        "enough",
        "theyre",
        "battle",
        "luck",
        "type",
        "tee",
        "day",
        "guess",
        "home",
        "fund",
        "bmw",
        "content",
        "glad",
        "tournament",
        "top",
        "pace",
        "bumper",
        "duo",
        "dustin",
        "johnson",
        "fifth",
        "destiny",
        "shot",
        "evenpar",
        "kuchar",
        "contention"
    ],
    "category": [
        "sport",
        "golf"
    ]
}