{
    "title": "153 bodies identified from 2009 Air France crash",
    "url": "https://edition.cnn.com/2011/11/08/world/europe/france-crash/index.html",
    "date": "2011-11-10",
    "keywords": [
        "june",
        "air",
        "servettaz",
        "story",
        "body",
        "official",
        "plane",
        "cnn",
        "total",
        "crash",
        "france",
        "flight",
        "president",
        "organization",
        "charge",
        "research",
        "transport",
        "division",
        "end",
        "fifty",
        "airbus",
        "a330",
        "board",
        "ocean",
        "way",
        "brazil",
        "water",
        "institute",
        "paris",
        "identity",
        "course",
        "bulk",
        "wreckage",
        "majority",
        "mountain",
        "range",
        "year"
    ],
    "category": [
        "world",
        "europe"
    ]
}