{
    "title": "Radwanska must wait after losing to Safarova in Moscow",
    "url": "https://edition.cnn.com/2011/10/19/sport/tennis/tennis-radwanska-safarova-bartoli/index.html",
    "date": "2011-10-19",
    "keywords": [
        "radwanska",
        "champion",
        "seed",
        "cup",
        "safarova",
        "win",
        "zvonareva",
        "pole",
        "marion",
        "bartoli",
        "viktor",
        "troicki",
        "victory",
        "jovanovski",
        "story",
        "radwanksa",
        "chance",
        "spot",
        "place",
        "cnn",
        "agnieszka",
        "wait",
        "round",
        "kremlin",
        "qualify",
        "eighth",
        "player",
        "tournament",
        "title",
        "event",
        "back",
        "japan",
        "china",
        "run",
        "russias",
        "dushevina",
        "petrova",
        "home",
        "favorite",
        "vera",
        "teenager",
        "bojana",
        "consideration",
        "meeting",
        "clash",
        "opening",
        "slam",
        "season",
        "francesca",
        "kanepi",
        "time",
        "serbia",
        "match",
        "nikolay",
        "teimuraz",
        "face",
        "germanys",
        "berrer"
    ],
    "category": [
        "sport",
        "tennis"
    ]
}