{
    "title": "Assange extradition ruling to come within days",
    "url": "https://edition.cnn.com/2011/10/29/world/europe/uk-wikileaks-assange/index.html",
    "date": "2011-10-29",
    "keywords": [
        "assange",
        "court",
        "sweden",
        "misconduct",
        "extradition",
        "wikileaks",
        "justice",
        "rally",
        "founder",
        "case",
        "organization",
        "year",
        "story",
        "wednesday",
        "week",
        "cnn",
        "favor",
        "bail",
        "house",
        "arrest",
        "thomas",
        "ouseley",
        "decision",
        "time",
        "statement",
        "london",
        "australian",
        "judge",
        "head",
        "crime",
        "connection",
        "attempt",
        "country",
        "language",
        "system",
        "possibility",
        "hand",
        "prosecutor",
        "claim",
        "editorinchief",
        "side",
        "leaking",
        "information",
        "embarrassment",
        "government",
        "iraq",
        "afghanistan",
        "pressure",
        "monday",
        "publication",
        "order",
        "blockade",
        "bank",
        "mastercard",
        "paypal",
        "union",
        "revenue",
        "business",
        "site",
        "nyberg",
        "report"
    ],
    "category": [
        "world",
        "europe"
    ]
}