{
    "title": "Farm in the city could be supermarket of the future",
    "url": "https://edition.cnn.com/2011/10/29/world/europe/holland-park-supermarket/index.html",
    "date": "2011-10-29",
    "keywords": [
        "food",
        "bergen",
        "van",
        "supermarket",
        "park",
        "climate",
        "system",
        "city",
        "oil",
        "production",
        "site",
        "heat",
        "carbon",
        "canon",
        "land",
        "crop",
        "kolpa",
        "mediterranean",
        "space",
        "fuel",
        "microclimate",
        "snake",
        "energy",
        "processing",
        "concept",
        "plot",
        "dutch",
        "scientist",
        "home",
        "farming",
        "firm",
        "rice",
        "area",
        "way",
        "jago",
        "foodproduction",
        "level",
        "dr",
        "martin",
        "caraher",
        "professor",
        "health",
        "policy",
        "warmth",
        "method",
        "water",
        "technology",
        "type",
        "community",
        "meaning",
        "packaging",
        "introduction",
        "experience",
        "lot",
        "variety",
        "story",
        "mix",
        "transportation",
        "group",
        "project",
        "place",
        "proposal",
        "everything",
        "defiance",
        "countrys",
        "environment",
        "block",
        "business",
        "recession",
        "rotterdam",
        "hague",
        "customerbase",
        "awardwinning",
        "architect",
        "world",
        "architecture",
        "plan",
        "goal",
        "outdoor",
        "light",
        "evening",
        "difference",
        "combination",
        "work",
        "drop",
        "effort",
        "instance",
        "illustration",
        "climatecontrol",
        "clay",
        "curve",
        "day",
        "century",
        "germanys",
        "potsdam",
        "king",
        "wine",
        "stuff",
        "view",
        "mist"
    ],
    "category": [
        "world",
        "europe"
    ]
}