{
    "title": "Top seed Wozniacki dumped out by Kanepi in Tokyo",
    "url": "https://edition.cnn.com/2011/09/28/sport/tennis/tennis-pan-pacific-wozniacki/index.html",
    "date": "2011-09-28",
    "keywords": [
        "wozniacki",
        "champion",
        "world",
        "caroline",
        "kanepi",
        "number",
        "pan",
        "pacific",
        "kaia",
        "kvitova",
        "repeat",
        "set",
        "victory",
        "seed",
        "story",
        "maria",
        "face",
        "cnn",
        "beaten",
        "defeat",
        "tournament",
        "dane",
        "tennis",
        "half",
        "couldnt",
        "firstever",
        "im",
        "hung",
        "wednesday",
        "germanys",
        "julia",
        "level",
        "matter",
        "form",
        "samantha",
        "time",
        "vera",
        "zvonareva",
        "iveta",
        "marion",
        "bartoli"
    ],
    "category": [
        "sport",
        "tennis"
    ]
}