{
    "title": "Galaxy beat Salt Lake to reach MLS Cup",
    "url": "https://edition.cnn.com/2011/11/07/sport/football/football-la-galaxy-beckham/index.html",
    "date": "2011-11-07",
    "keywords": [
        "galaxy",
        "cup",
        "game",
        "dynamo",
        "match",
        "home",
        "beckham",
        "mls",
        "win",
        "houston",
        "conference",
        "record",
        "keane",
        "front",
        "depot",
        "center",
        "city",
        "england",
        "season",
        "penalty",
        "story",
        "championship",
        "bruce",
        "arenas",
        "team",
        "cnn",
        "los",
        "league",
        "sunday",
        "defeat",
        "twotime",
        "time",
        "captain",
        "landon",
        "mike",
        "magee",
        "ireland",
        "striker",
        "robbie",
        "manager",
        "beat",
        "place",
        "contract",
        "end",
        "shootout",
        "madrid",
        "manchester",
        "star",
        "couple",
        "something",
        "bs",
        "samsung_00044217",
        "video",
        "donovan",
        "omar",
        "gonzalez",
        "alvaro",
        "saborio",
        "closerange",
        "header",
        "lead",
        "pinpoint",
        "cross",
        "tottenham",
        "marker",
        "shot",
        "goalkeeper",
        "nick",
        "rimandi",
        "half",
        "defender",
        "andre",
        "hainault",
        "challenge",
        "crowd",
        "park"
    ],
    "category": [
        "sport",
        "football"
    ]
}