{
    "title": "Joker Djokovic horrified by his lack of form after long layoff",
    "url": "https://edition.cnn.com/2011/11/01/sport/tennis/tennis-novak-djokovic-basel/index.html",
    "date": "2011-11-01",
    "keywords": [
        "match",
        "world",
        "seed",
        "djokovic",
        "win",
        "injury",
        "federer",
        "event",
        "malisse",
        "tour",
        "valencia",
        "tournament",
        "year",
        "week",
        "half",
        "tennis",
        "murray",
        "play",
        "opening",
        "wildcard",
        "beat",
        "berdych",
        "clash",
        "tsonga",
        "spaniard",
        "story",
        "climax",
        "season",
        "cnn",
        "court",
        "mask",
        "fright",
        "comeback",
        "switzerland",
        "secondset",
        "scare",
        "cup",
        "defeat",
        "argentina",
        "rafael",
        "nadal",
        "york",
        "asia",
        "shanghai",
        "action",
        "basel",
        "champion",
        "career",
        "record",
        "ask",
        "nothing",
        "rhythm",
        "performance",
        "draw",
        "semis",
        "lukasz",
        "kubot",
        "tobias",
        "kamke",
        "seasonending",
        "blow",
        "game",
        "offer",
        "showpiece",
        "penultimate",
        "paris",
        "blake",
        "loser",
        "donald",
        "stanislas",
        "semifinalist",
        "ivan",
        "dutchman",
        "haase",
        "wednesday",
        "jarkko",
        "nieminen",
        "tomas",
        "czech",
        "ranking",
        "frenchman",
        "battle",
        "javier",
        "secondround",
        "sam",
        "ferrer",
        "london",
        "fernando",
        "meeting",
        "vasek",
        "pospisil",
        "gael",
        "jr",
        "marcel"
    ],
    "category": [
        "sport",
        "tennis"
    ]
}