{
    "title": "Hoey heads Northern Irish charge at celeb-studded links event",
    "url": "https://edition.cnn.com/2011/10/01/sport/golf/golf-hoey-mcilroy-mcdowell/index.html",
    "date": "2011-10-01",
    "keywords": [
        "world",
        "michael",
        "mcdowell",
        "hoey",
        "champion",
        "tour",
        "event",
        "graeme",
        "round",
        "mcilroy",
        "course",
        "shot",
        "dunhill",
        "scotland",
        "compatriot",
        "rory",
        "contention",
        "time",
        "hollywood",
        "player",
        "ballstriker",
        "donald",
        "story",
        "golfer",
        "countryman",
        "year",
        "saturday",
        "championship",
        "lead",
        "win",
        "career",
        "title",
        "carnoustie",
        "position",
        "halfway",
        "leader",
        "eagle",
        "clear",
        "louis",
        "swing",
        "talent",
        "amateur",
        "walker",
        "side",
        "line",
        "oosthuizen",
        "home",
        "golf",
        "group",
        "luke",
        "winner",
        "harrington",
        "ireland",
        "flawless",
        "record",
        "dyson",
        "charl",
        "schwartzel",
        "westwood",
        "darren",
        "clarke",
        "week",
        "motivation",
        "breakthrough",
        "triumph",
        "july",
        "pace",
        "running",
        "proam",
        "section",
        "jr",
        "dougherty",
        "broadcaster",
        "chris",
        "pop",
        "star",
        "huey",
        "lewis",
        "actor",
        "hugh",
        "grant",
        "douglas",
        "colin",
        "ryder",
        "captain"
    ],
    "category": [
        "sport",
        "golf"
    ]
}