{
    "title": "Eto\u2019o insists money not his motivation in move to Russia",
    "url": "https://edition.cnn.com/2011/10/25/sport/football/football-etoo-russia-money/index.html",
    "date": "2011-10-26",
    "keywords": [
        "etoo",
        "inter",
        "side",
        "season",
        "russia",
        "money",
        "league",
        "world",
        "star",
        "player",
        "summer",
        "transfer",
        "milan",
        "anzhi",
        "football",
        "cnn",
        "samuel",
        "offer",
        "level",
        "talent",
        "team",
        "project",
        "highprofile",
        "club",
        "chance",
        "story",
        "shock",
        "force",
        "cusp",
        "cameroon",
        "makhachkala",
        "trailblazer",
        "etoos",
        "province",
        "dagestan",
        "threeyear",
        "contract",
        "footballer",
        "motivation",
        "speculation",
        "mark",
        "etos",
        "peak",
        "game",
        "anzhis",
        "billionaire",
        "oil",
        "tycoon",
        "owner",
        "kerimov",
        "success",
        "someone",
        "leader",
        "challenge",
        "deal",
        "arrangement",
        "salary",
        "cup",
        "day",
        "message",
        "phone",
        "call",
        "blog",
        "ferguson",
        "roberto",
        "carlos",
        "captain",
        "end",
        "opener",
        "weekend",
        "moscow",
        "defeat",
        "place",
        "spot",
        "march",
        "qualification",
        "mourinho",
        "magic",
        "portuguese",
        "coach",
        "colleague",
        "friend",
        "brother",
        "advice"
    ],
    "category": [
        "sport",
        "football"
    ]
}