{
    "title": "Police in Spain arrest 5 suspected of financing terrorists",
    "url": "https://edition.cnn.com/2011/09/27/world/europe/spain-terror-arrests/index.html",
    "date": "2011-09-27",
    "keywords": [
        "ministry",
        "maghreb",
        "al",
        "qaeda",
        "statement",
        "france",
        "week",
        "man",
        "spain",
        "operation",
        "province",
        "computer",
        "mediterranean",
        "story",
        "switzerland",
        "tuesday",
        "suspicion",
        "support",
        "terrorist",
        "area",
        "part",
        "guipuzcoa",
        "hardware",
        "software",
        "court",
        "terrorism",
        "group",
        "concern",
        "base",
        "africa",
        "sea",
        "europe",
        "island",
        "judge",
        "suspect",
        "custody",
        "friday",
        "documentation",
        "madrid",
        "website",
        "origin",
        "latin",
        "america"
    ],
    "category": [
        "world",
        "europe"
    ]
}