{
    "title": "Reminders of Irish \u2018troubles\u2019 rise to surface",
    "url": "https://edition.cnn.com/2011/10/10/world/europe/ireland-troubles-deaths/index.html",
    "date": "2011-10-11",
    "keywords": [
        "family",
        "minister",
        "mcguinness",
        "finucane",
        "ireland",
        "inquiry",
        "past",
        "man",
        "candidate",
        "lawyer",
        "government",
        "father",
        "republic",
        "belfast",
        "opinion",
        "patrick",
        "victim",
        "pat",
        "cameron",
        "cnn",
        "commander",
        "army",
        "day",
        "police",
        "killing",
        "time",
        "sinn",
        "fein",
        "state",
        "loyalist",
        "john",
        "evidence",
        "collusion",
        "key",
        "issue",
        "story",
        "tragedy",
        "surface",
        "week",
        "role",
        "martin",
        "monday",
        "son",
        "soldier",
        "election",
        "athlone",
        "officer",
        "businessman",
        "name",
        "dont",
        "member",
        "council",
        "justice",
        "ira",
        "leader",
        "party",
        "position",
        "president",
        "part",
        "kingdom",
        "meanwhile",
        "tuesday",
        "widow",
        "david",
        "demand",
        "probritish",
        "gang",
        "home",
        "front",
        "wife",
        "security",
        "murder",
        "informer",
        "dinner",
        "table",
        "street",
        "meeting",
        "request",
        "doubt",
        "sir",
        "policeman",
        "england",
        "peter",
        "cory",
        "judge",
        "case",
        "question",
        "chain",
        "command",
        "absence",
        "examination",
        "office",
        "im",
        "thatcher",
        "violence",
        "thing",
        "splinter",
        "capacity",
        "campaign",
        "scale"
    ],
    "category": [
        "world",
        "europe"
    ]
}