{
    "title": "Inquest: Singer Amy Winehouse died of alcohol poisoning",
    "url": "https://edition.cnn.com/2011/10/26/world/europe/uk-winehouse-inquest/index.html",
    "date": "2011-10-27",
    "keywords": [
        "alcohol",
        "death",
        "winehouse",
        "family",
        "court",
        "system",
        "amy",
        "foundation",
        "singer",
        "romete",
        "morris",
        "goodman",
        "story",
        "vodka",
        "security",
        "guard",
        "london",
        "home",
        "summer",
        "inquest",
        "verdict",
        "misadventure",
        "pathologist",
        "limit",
        "july",
        "video",
        "dr",
        "week",
        "level",
        "blood",
        "britain",
        "time",
        "mitch",
        "offstage",
        "memory",
        "age",
        "cnn",
        "result",
        "toxicity",
        "cause",
        "bloodalcohol",
        "grammy",
        "artist",
        "drug",
        "abuse",
        "testimony",
        "battle",
        "piersbennettwinehouse_00001314",
        "tony",
        "bennett",
        "christina",
        "day",
        "tipsy",
        "conversation",
        "drinking",
        "weekend",
        "physician",
        "way",
        "therapy",
        "lying",
        "bed",
        "something",
        "pm",
        "saw",
        "pulse",
        "didnt",
        "drink",
        "heard",
        "milligrams",
        "stomach",
        "law",
        "negligence",
        "statement",
        "spokesman",
        "chris",
        "relief",
        "buildup",
        "number",
        "source",
        "pain",
        "period",
        "abstinence",
        "father",
        "mother",
        "janet",
        "courtroom",
        "evidence",
        "month",
        "money",
        "health",
        "disability",
        "poverty",
        "addiction",
        "ruling",
        "work",
        "name",
        "august",
        "toxicology",
        "stardom",
        "life"
    ],
    "category": [
        "world",
        "europe"
    ]
}