{
    "title": "McIlroy, Bradley lead PGA Grand Slam",
    "url": "https://edition.cnn.com/2011/10/19/sport/golf/golf-mcilroy-bradley-schwartzel/index.html",
    "date": "2011-10-19",
    "keywords": [
        "mcilroy",
        "bradley",
        "round",
        "schwartzel",
        "rory",
        "event",
        "winner",
        "form",
        "stage",
        "ball",
        "share",
        "lead",
        "pga",
        "adrift",
        "championship",
        "world",
        "im",
        "keegan",
        "swing",
        "way",
        "story",
        "fourunder",
        "fourover",
        "darren",
        "champion",
        "slam",
        "bermuda",
        "fourunderpar",
        "tworound",
        "tournament",
        "charl",
        "threeover",
        "clarke",
        "sixover",
        "time",
        "firsttime",
        "number",
        "history",
        "ground",
        "birdiepar",
        "weather",
        "start",
        "sixunder",
        "year",
        "day",
        "stroke",
        "slip",
        "grasp",
        "putts",
        "admitting",
        "game",
        "claret",
        "jug",
        "striking",
        "couple",
        "port",
        "royal",
        "golf",
        "course",
        "southampton",
        "place",
        "wednesday"
    ],
    "category": [
        "sport",
        "golf"
    ]
}