{
    "title": "Death toll from Turkey quake more than 600",
    "url": "https://edition.cnn.com/2011/10/30/world/europe/turkey-quake/index.html",
    "date": "2011-10-30",
    "keywords": [
        "quake",
        "ercis",
        "town",
        "week",
        "agency",
        "province",
        "van",
        "atalay",
        "relief",
        "law",
        "story",
        "istanbul",
        "death",
        "toll",
        "earthquake",
        "turkey",
        "sunday",
        "staterun",
        "news",
        "rescue",
        "way",
        "crisis",
        "center",
        "freezing",
        "mark",
        "night",
        "deputy",
        "minister",
        "besir",
        "thursday",
        "friday",
        "eightyfour",
        "city",
        "total",
        "aftershock",
        "temblor",
        "government",
        "end",
        "december",
        "evacuation",
        "risk",
        "disaster",
        "anatolia",
        "construction",
        "property",
        "management",
        "transformation",
        "help",
        "defense",
        "secretary",
        "leon",
        "panetta",
        "command",
        "hygiene",
        "pentagon"
    ],
    "category": [
        "world",
        "europe"
    ]
}