{
    "title": "Vettel on pole for potential F1 title clincher in Japan",
    "url": "https://edition.cnn.com/2011/10/08/sport/motorsport/motorsport-f1-vettel-button/index.html",
    "date": "2011-10-08",
    "keywords": [
        "vettel",
        "world",
        "button",
        "position",
        "title",
        "champion",
        "point",
        "finish",
        "season",
        "hamilton",
        "race",
        "schumacher",
        "lap",
        "japan",
        "history",
        "grid",
        "bull",
        "time",
        "suzuka",
        "pole",
        "car",
        "p10",
        "wouldnt",
        "goal",
        "circuit",
        "mark",
        "story",
        "f1",
        "cnn",
        "formula",
        "championship",
        "style",
        "driver",
        "winner",
        "age",
        "sure",
        "jenson",
        "run",
        "im",
        "wing",
        "practice",
        "verge",
        "front",
        "monaco",
        "feeling",
        "englishman",
        "multiyear",
        "contract",
        "pace",
        "couple",
        "job",
        "everyone",
        "massa",
        "teammate",
        "fernando",
        "alonso",
        "colleague",
        "kobayashi",
        "michael",
        "renault",
        "duo",
        "bruno",
        "senna",
        "petrov",
        "webber",
        "fight",
        "corner",
        "outside",
        "inconsistent"
    ],
    "category": [
        "sport",
        "motorsport"
    ]
}