{
    "title": "Serbian tennis player banned for life after corruption probe",
    "url": "https://edition.cnn.com/2011/10/01/sport/tennis/tennis-serbia-corruption-savic/index.html",
    "date": "2011-10-01",
    "keywords": [
        "tennis",
        "world",
        "seed",
        "savic",
        "murray",
        "year",
        "title",
        "life",
        "radwanska",
        "tokyo",
        "zvonareva",
        "andy",
        "thailand",
        "agnieszka",
        "vera",
        "player",
        "october",
        "integrity",
        "unit",
        "event",
        "slam",
        "frenchman",
        "seasonending",
        "story",
        "corruption",
        "beating",
        "anticorruption",
        "program",
        "saturday",
        "investigation",
        "outcome",
        "money",
        "intention",
        "standing",
        "compatriot",
        "djokovic",
        "davis",
        "cup",
        "man",
        "kollerer",
        "federation",
        "committee",
        "atp",
        "gael",
        "match",
        "briton",
        "round",
        "week",
        "august",
        "place",
        "defeat",
        "tour",
        "bangkok",
        "turkey",
        "time",
        "istanbul",
        "azarenka",
        "wimbledon",
        "champion",
        "tournament",
        "china",
        "francesca",
        "schiavone",
        "svetlana",
        "kuznetsova",
        "firstround",
        "petkovic",
        "germany",
        "jelena",
        "jankovic"
    ],
    "category": [
        "sport",
        "tennis"
    ]
}