{
    "title": "Court convicts Ukraine\u2019s former prime minister",
    "url": "https://edition.cnn.com/2011/10/11/world/europe/ukraine-prime-minister-trial/index.html",
    "date": "2011-10-11",
    "keywords": [
        "gas",
        "tymoshenko",
        "russia",
        "court",
        "ministry",
        "ukraine",
        "case",
        "energy",
        "trial",
        "eu",
        "order",
        "minister",
        "tuesday",
        "verdict",
        "union",
        "fact",
        "office",
        "country",
        "government",
        "story",
        "question",
        "police",
        "abuse",
        "state",
        "year",
        "part",
        "judge",
        "gazprom",
        "putin",
        "law",
        "europe",
        "december",
        "ashton",
        "association",
        "agreement",
        "appeal",
        "oil",
        "move",
        "cnn",
        "yulia",
        "authority",
        "prison",
        "kiev",
        "august",
        "custody",
        "courtroom",
        "reference",
        "rodion",
        "kireev",
        "bearing",
        "mind",
        "aggravating",
        "punishment",
        "danger",
        "crime",
        "personality",
        "absence",
        "penitence",
        "hand",
        "sentence",
        "april",
        "prosecutor",
        "signing",
        "provider",
        "exchange",
        "rate",
        "money",
        "president",
        "viktor",
        "yanukovych",
        "election",
        "opponent",
        "farce",
        "stooge",
        "administration",
        "vladimir",
        "complex",
        "tv",
        "broadcaster",
        "russia24",
        "news",
        "partnership",
        "search",
        "estate",
        "zavidovo",
        "consideration",
        "leadership",
        "community",
        "power",
        "contract",
        "supply",
        "evidence",
        "accordance",
        "implication",
        "issue",
        "area",
        "statement",
        "release",
        "course",
        "work"
    ],
    "category": [
        "world",
        "europe"
    ]
}