{
    "title": "Vettel wins but must wait to clinch F1 title",
    "url": "https://edition.cnn.com/2011/09/25/sport/motorsport/vettel/index.html",
    "date": "2011-09-25",
    "keywords": [
        "vettel",
        "button",
        "race",
        "point",
        "championship",
        "season",
        "champion",
        "prix",
        "bull",
        "mark",
        "webber",
        "career",
        "victory",
        "formula",
        "chance",
        "hamilton",
        "force",
        "india",
        "control",
        "end",
        "feeling",
        "perez",
        "story",
        "jenson",
        "teammate",
        "japan",
        "win",
        "cnn",
        "singapore",
        "sunday",
        "world",
        "title",
        "year",
        "flag",
        "night",
        "britain",
        "place",
        "lead",
        "podium",
        "crown",
        "feat",
        "display",
        "street",
        "circuit",
        "ferraris",
        "fernando",
        "alonso",
        "adrift",
        "drive",
        "penalty",
        "mclaren",
        "briton",
        "paul",
        "di",
        "resta",
        "sixth",
        "result",
        "date",
        "rookie",
        "rosberg",
        "sutil",
        "massa",
        "ferrari",
        "sergio",
        "position",
        "michael",
        "schumacher",
        "youngestever",
        "track",
        "challenge",
        "postrace",
        "press",
        "conference",
        "ah",
        "guess"
    ],
    "category": [
        "sport",
        "motorsport"
    ]
}