{
    "title": "Greek prime minister set to form new government",
    "url": "https://edition.cnn.com/2011/11/05/world/europe/greece-main/index.html",
    "date": "2011-11-08",
    "keywords": [
        "government",
        "papandreou",
        "vote",
        "confidence",
        "greece",
        "minister",
        "bailout",
        "package",
        "coalition",
        "opposition",
        "party",
        "saturday",
        "economy",
        "euro",
        "week",
        "deal",
        "debt",
        "rome",
        "clock",
        "george",
        "leader",
        "sunday",
        "president",
        "meeting",
        "victory",
        "venizelos",
        "papoulias",
        "currency",
        "support",
        "samaras",
        "money",
        "default",
        "reform",
        "country",
        "chance",
        "care",
        "story",
        "expert",
        "permission",
        "margin",
        "cabinet",
        "room",
        "tailspin",
        "turmoil",
        "nation",
        "finance",
        "evangelos",
        "successor",
        "caretaker",
        "night",
        "legislation",
        "briefly",
        "cooperation",
        "priority",
        "zone",
        "crisis",
        "socialist",
        "pasok",
        "number",
        "left",
        "right",
        "antonis",
        "part",
        "air",
        "half",
        "promise",
        "public",
        "sector",
        "editor",
        "review",
        "austerity",
        "risk",
        "recession",
        "everybody",
        "time",
        "tock",
        "sort",
        "allout",
        "disaster",
        "corner",
        "tranche",
        "agreement",
        "month",
        "payment",
        "referendum",
        "move",
        "thursday",
        "pressure",
        "summit",
        "france",
        "stability",
        "product",
        "influence",
        "world",
        "spain",
        "portugal",
        "ireland",
        "shape",
        "pile",
        "borrowing"
    ],
    "category": [
        "world",
        "europe"
    ]
}