{
    "title": "Stoner seals second world MotoGP title with Australia win",
    "url": "https://edition.cnn.com/2011/10/16/sport/motorsport/motogp-stoner-australia-champion/index.html",
    "date": "2011-10-16",
    "keywords": [
        "stoner",
        "title",
        "lorenzo",
        "world",
        "win",
        "rain",
        "jorge",
        "champion",
        "injury",
        "phillip",
        "island",
        "motogp",
        "home",
        "morning",
        "honda",
        "lead",
        "way",
        "story",
        "round",
        "fifth",
        "cnn",
        "casey",
        "sunday",
        "prix",
        "warmup",
        "style",
        "season",
        "repsol",
        "star",
        "sevensecond",
        "victory",
        "straight",
        "track",
        "marco",
        "simoncelli",
        "battle",
        "andrea",
        "dovizioso",
        "era",
        "yamahas",
        "practice",
        "surgery",
        "hand",
        "chunk",
        "ring",
        "finger",
        "fall",
        "ducati",
        "anyone",
        "today",
        "website",
        "race",
        "wall",
        "warning",
        "part",
        "circuit",
        "turn",
        "control",
        "gap",
        "everyone",
        "birthday",
        "dominance",
        "malaysia",
        "spain"
    ],
    "category": [
        "sport",
        "motorsport"
    ]
}