{
    "title": "Artist Grayson Perry\u2019s show a love letter to craftsmen and museums",
    "url": "https://edition.cnn.com/2011/10/06/world/europe/uk-grayson-perry-unknown-craftsman/index.html",
    "date": "2011-10-06",
    "keywords": [
        "museum",
        "perry",
        "world",
        "grayson",
        "collection",
        "show",
        "history",
        "work",
        "exhibition",
        "tomb",
        "craftsman",
        "macgregor",
        "turner",
        "london",
        "something",
        "celebrity",
        "piece",
        "revenge",
        "visit",
        "sense",
        "museums",
        "art",
        "none",
        "place",
        "pilgrimage",
        "home",
        "lot",
        "travel",
        "story",
        "religion",
        "tradition",
        "culture",
        "prize",
        "cnn",
        "poster",
        "eye",
        "someone",
        "twitter",
        "youre",
        "cleverer",
        "charlatan",
        "illusion",
        "pot",
        "style",
        "worthy",
        "perrys",
        "fun",
        "rest",
        "love",
        "letter",
        "repository",
        "achievement",
        "civilisation",
        "array",
        "part",
        "souvenir",
        "pin",
        "past",
        "brain",
        "artist",
        "tour",
        "head",
        "child",
        "disappointment",
        "model",
        "photographs",
        "proof",
        "bryony",
        "jonescnn",
        "comfort",
        "experience",
        "time",
        "im",
        "heart",
        "ship",
        "afterlife",
        "center",
        "centerpiece",
        "flint",
        "tool",
        "moment",
        "box",
        "stone",
        "ive",
        "inspiration",
        "anyone",
        "civilization",
        "everyone",
        "look",
        "aim",
        "turn",
        "afresh"
    ],
    "category": [
        "world",
        "europe"
    ]
}