{
    "title": "Kvitova to face Azarenka in WTA final",
    "url": "https://edition.cnn.com/2011/10/29/sport/tennis/tennis-wta-final-kvitova/index.html",
    "date": "2011-10-29",
    "keywords": [
        "stosur",
        "kvitova",
        "azarenka",
        "series",
        "champion",
        "win",
        "vera",
        "zvonareva",
        "lead",
        "set",
        "match",
        "story",
        "championship",
        "cnn",
        "petra",
        "istanbul",
        "samantha",
        "opening",
        "contest",
        "czech",
        "rhythm",
        "forehand",
        "level",
        "deciding",
        "break",
        "opponent",
        "serve",
        "order",
        "winner",
        "victor",
        "sunday",
        "number",
        "world",
        "pair",
        "year"
    ],
    "category": [
        "sport",
        "tennis"
    ]
}