{
    "title": "European round-up: Valencia third in Spain after derby win",
    "url": "https://edition.cnn.com/2011/11/05/sport/football/football-valencia-dortmund-roma/index.html",
    "date": "2011-11-05",
    "keywords": [
        "win",
        "home",
        "place",
        "midfielder",
        "league",
        "malaga",
        "lead",
        "dortmund",
        "defender",
        "victory",
        "sevilla",
        "roma",
        "clash",
        "table",
        "run",
        "cologne",
        "striker",
        "sereno",
        "penalty",
        "goal",
        "difference",
        "hamburg",
        "story",
        "stay",
        "italy",
        "bologna",
        "valencia",
        "levante",
        "defeat",
        "jordi",
        "alba",
        "space",
        "defense",
        "tino",
        "pass",
        "steer",
        "opener",
        "owngoal",
        "javi",
        "venta",
        "argentine",
        "costa",
        "gustavo",
        "munua",
        "break",
        "emerys",
        "team",
        "level",
        "barcelona",
        "sunday",
        "draw",
        "point",
        "betis",
        "derby",
        "earlyseason",
        "adrift",
        "title",
        "teenage",
        "mario",
        "gotze",
        "cheekbone",
        "veteran",
        "claudio",
        "pizarro",
        "secondhalf",
        "hattrick",
        "henrique",
        "foul",
        "side",
        "minute",
        "peruvian",
        "bundesliga",
        "weekend",
        "rosenberg",
        "winner",
        "monchengladbach",
        "trail",
        "hertha",
        "berlin",
        "reus",
        "bayer",
        "leverkusen",
        "marcell",
        "jansen",
        "heiko",
        "westermann",
        "freiburg",
        "lastgasp",
        "papiss",
        "result",
        "augsberg",
        "hoffenheim",
        "wolfsburg",
        "palermo",
        "eran",
        "zehavi",
        "matias",
        "silvestre",
        "slovenia",
        "josip"
    ],
    "category": [
        "sport",
        "football"
    ]
}