{
    "title": "Metropolitan Police investigate racism claims against Chelsea\u2019s Terry",
    "url": "https://edition.cnn.com/2011/11/01/sport/football/chelsea-terry-racism-probe/index.html",
    "date": "2011-11-01",
    "keywords": [
        "terry",
        "statement",
        "football",
        "ferdinand",
        "slur",
        "fa",
        "chelsea",
        "anton",
        "police",
        "match",
        "incident",
        "matter",
        "story",
        "john",
        "month",
        "association",
        "manager",
        "remark",
        "league",
        "investigation",
        "october",
        "comment",
        "racist",
        "enquiry",
        "villasboas",
        "week",
        "misunderstanding",
        "abuse",
        "opponent",
        "target",
        "tuesday",
        "england",
        "captain",
        "player",
        "premier",
        "scotland",
        "yard",
        "defeat",
        "london",
        "footage",
        "internet",
        "context",
        "term",
        "thing",
        "im",
        "defender",
        "monday",
        "fairness",
        "subject",
        "club",
        "chelseas",
        "andre",
        "game",
        "dressing",
        "room",
        "end",
        "proportion",
        "borough",
        "hammersmith",
        "fulham",
        "aware",
        "executive",
        "director",
        "racism",
        "europe",
        "world",
        "sport",
        "reputation",
        "tv",
        "coverage",
        "awareness",
        "asia",
        "field",
        "play",
        "phil",
        "report"
    ],
    "category": [
        "sport",
        "football"
    ]
}