{
    "title": "Gomez scores again as Bayern extend lead in Germany",
    "url": "https://edition.cnn.com/2011/11/06/sport/football/football-bayern-munich-gomez/index.html",
    "date": "2011-11-07",
    "keywords": [
        "goal",
        "bayern",
        "hannover",
        "augsburg",
        "top",
        "bundesliga",
        "mario",
        "season",
        "victory",
        "schalke",
        "table",
        "club",
        "league",
        "home",
        "result",
        "story",
        "gomez",
        "way",
        "draw",
        "cnn",
        "bottom",
        "courtesy",
        "gomezs",
        "minute",
        "header",
        "hattrick",
        "advantage",
        "france",
        "midfielder",
        "ribery",
        "break",
        "ball",
        "hour",
        "mark",
        "injury",
        "time",
        "tymoshchuk",
        "tackle",
        "daniel",
        "baier",
        "moenchengladbach",
        "striker",
        "teemu",
        "pukki",
        "debut",
        "fifth",
        "place",
        "position"
    ],
    "category": [
        "sport",
        "football"
    ]
}