{
    "title": "Fan arrested for throwing hot dog at Woods",
    "url": "https://edition.cnn.com/2011/10/10/sport/golf/golf-woods-frys-molder/index.html",
    "date": "2011-10-10",
    "keywords": [
        "dog",
        "world",
        "molder",
        "position",
        "golf",
        "fan",
        "round",
        "number",
        "tiger",
        "fryscom",
        "man",
        "guess",
        "news",
        "pga",
        "sure",
        "top",
        "win",
        "baird",
        "playoff",
        "victory",
        "story",
        "bryce",
        "title",
        "sunday",
        "california",
        "incident",
        "winner",
        "crowd",
        "direction",
        "distance",
        "police",
        "website",
        "record",
        "career",
        "sevenunderpar",
        "tournament",
        "appearance",
        "cut",
        "championship",
        "august",
        "caddie",
        "joe",
        "lacava",
        "club",
        "tour",
        "fashion",
        "weekend",
        "leaderboard",
        "pair",
        "field",
        "disappear",
        "birdie",
        "putt",
        "contest",
        "form",
        "practice",
        "work",
        "feel",
        "bud",
        "cauley",
        "ernie",
        "shane",
        "bertsch",
        "john",
        "eightway",
        "tie",
        "englishman",
        "paul",
        "casey",
        "challenge",
        "day"
    ],
    "category": [
        "sport",
        "golf"
    ]
}