{
    "title": "Greek cabinet supports call for referendum on bailout",
    "url": "https://edition.cnn.com/2011/11/01/world/europe/greece-debt-referendum/index.html",
    "date": "2011-11-08",
    "keywords": [
        "referendum",
        "vote",
        "greece",
        "deal",
        "debt",
        "bailout",
        "papandreou",
        "week",
        "minister",
        "video",
        "tuesday",
        "call",
        "plan",
        "meeting",
        "opposition",
        "party",
        "confidence",
        "affiliate",
        "euro",
        "cnn",
        "cabinet",
        "europe",
        "move",
        "crisis",
        "surprise",
        "uncertainty",
        "survey",
        "day",
        "dow",
        "house",
        "spokesman",
        "sarkozy",
        "fund",
        "union",
        "emergency",
        "finance",
        "pressure",
        "gamble",
        "leader",
        "lawmaker",
        "majority",
        "pasok",
        "half",
        "michalos",
        "result",
        "level",
        "situation",
        "public",
        "story",
        "rejection",
        "wednesday",
        "george",
        "criticism",
        "channel",
        "chancellor",
        "angela",
        "president",
        "france",
        "stock",
        "aid",
        "country",
        "send",
        "shock",
        "system",
        "path",
        "spot",
        "foster",
        "minister_00001204",
        "lambrinidis",
        "prince",
        "pavlos_00004507",
        "backing",
        "turmoil",
        "merkel",
        "statement",
        "implementation",
        "delay",
        "summit",
        "carney",
        "note",
        "need",
        "index",
        "deputy",
        "petros",
        "member",
        "democracy",
        "office",
        "place",
        "proposal",
        "doukas",
        "bailout_00004512",
        "lake",
        "expatriates_00000612",
        "vassileva",
        "icu",
        "stuns",
        "impact",
        "crisis_00020404",
        "share",
        "pain"
    ],
    "category": [
        "world",
        "europe"
    ]
}