{
    "title": "Defending champion Nadal cruises to win in Japan opener",
    "url": "https://edition.cnn.com/2011/10/04/sport/tennis/tennis-nadal-tsonga-kirilenko/index.html",
    "date": "2011-10-04",
    "keywords": [
        "world",
        "round",
        "match",
        "champion",
        "grigor",
        "defeat",
        "clash",
        "week",
        "rafael",
        "tsonga",
        "stosur",
        "wildcard",
        "tournament",
        "slam",
        "seed",
        "player",
        "kirilenko",
        "japan",
        "china",
        "dimitrov",
        "team",
        "title",
        "september",
        "raonic",
        "winner",
        "wimbledon",
        "im",
        "tennis",
        "court",
        "way",
        "today",
        "david",
        "czech",
        "win",
        "place",
        "berdych",
        "victory",
        "story",
        "belarus",
        "cnn",
        "start",
        "defense",
        "crown",
        "entrant",
        "firstround",
        "appearance",
        "losing",
        "cup",
        "france",
        "nadal",
        "record",
        "number",
        "novak",
        "djokovic",
        "official",
        "serve",
        "forehand",
        "face",
        "milos",
        "june",
        "hip",
        "injury",
        "summer",
        "rehabilitation",
        "playing",
        "feeling",
        "day",
        "ferrer",
        "kei",
        "triumph",
        "mardy",
        "fish",
        "comeback",
        "surgery",
        "knee",
        "finalist",
        "form",
        "point",
        "push",
        "success",
        "secondround",
        "contest",
        "ze",
        "zhang",
        "move",
        "ball",
        "head",
        "tomas",
        "tour",
        "london",
        "jurgen",
        "melzer",
        "kohlschreiber",
        "beat",
        "spaniard",
        "tommy",
        "almagro",
        "contention",
        "november",
        "youzhny"
    ],
    "category": [
        "sport",
        "tennis"
    ]
}