{
    "title": "U.S. draw level in Solheim Cup despite Davies\u2019 record",
    "url": "https://edition.cnn.com/2011/09/24/sport/golf/golf-solheim-cup-davies/index.html",
    "date": "2011-09-24",
    "keywords": [
        "creamer",
        "ireland",
        "record",
        "veteran",
        "juli",
        "inkster",
        "cup",
        "europe",
        "lead",
        "bit",
        "story",
        "level",
        "team",
        "battle",
        "showdown",
        "golf",
        "event",
        "onepoint",
        "morning",
        "castle",
        "title",
        "sunday",
        "headtohead",
        "success",
        "competition",
        "englishwoman",
        "confident",
        "solheim",
        "cups",
        "match",
        "pressure",
        "edge",
        "melissa",
        "beat",
        "michelle",
        "wie",
        "brittany",
        "momentum",
        "day",
        "pressel",
        "cristie",
        "kerr",
        "pettersen",
        "caroline",
        "hedwall",
        "hole",
        "stacy",
        "lewis",
        "otoole",
        "gal",
        "christel",
        "boeljon",
        "lincicome",
        "munoz",
        "champion",
        "catriona",
        "matthew",
        "board",
        "tomorrow"
    ],
    "category": [
        "sport",
        "golf"
    ]
}