{
    "title": "McGowan makes early move in Spain",
    "url": "https://edition.cnn.com/2011/10/20/sport/golf/golf-mcgowan-garcia-manaessero-castellon/index.html",
    "date": "2011-10-20",
    "keywords": [
        "mcgowan",
        "castello",
        "golfer",
        "pace",
        "garcia",
        "group",
        "champion",
        "matteo",
        "manassero",
        "lead",
        "race",
        "row",
        "title",
        "dubai",
        "im",
        "story",
        "round",
        "spain",
        "teenage",
        "italy",
        "cnn",
        "ross",
        "lateseason",
        "bid",
        "world",
        "championship",
        "opening",
        "tournament",
        "cut",
        "portugal",
        "chance",
        "tour",
        "richard",
        "mcevoy",
        "showpiece",
        "injury",
        "progress",
        "eagle",
        "flawless",
        "sevenunderpar",
        "contention",
        "moment",
        "shot",
        "time",
        "result",
        "end",
        "week",
        "offer",
        "winner",
        "club",
        "season",
        "italian",
        "rookie",
        "year",
        "bogey",
        "charge"
    ],
    "category": [
        "sport",
        "golf"
    ]
}