{
    "title": "Sizzling Stoner seals Motegi pole",
    "url": "https://edition.cnn.com/2011/10/01/sport/motorsport/motogp-japan-stoner-lorenzo/index.html",
    "date": "2011-10-01",
    "keywords": [
        "honda",
        "stoner",
        "jorge",
        "japan",
        "race",
        "lorenzo",
        "world",
        "champion",
        "dani",
        "prix",
        "lap",
        "record",
        "motegi",
        "campaign",
        "casey",
        "yamaha",
        "rider",
        "aoyama",
        "dovi",
        "doubt",
        "track",
        "motogp",
        "story",
        "front",
        "star",
        "championship",
        "leader",
        "position",
        "saturday",
        "bid",
        "victory",
        "season",
        "lead",
        "second",
        "grid",
        "time",
        "minute",
        "pole",
        "circuit",
        "dovizioso",
        "pedrosa",
        "ben",
        "row",
        "valentino",
        "rossi",
        "hiroshi",
        "day",
        "health",
        "fukushima",
        "daiichi",
        "power",
        "plant",
        "earthquake",
        "tsunami",
        "exposure",
        "radiation",
        "water",
        "area",
        "fallout",
        "check",
        "everything",
        "weekend",
        "session",
        "weather",
        "setup",
        "chance",
        "rain"
    ],
    "category": [
        "sport",
        "motorsport"
    ]
}