{
    "title": "The unsolved mystery of lost 19th century \u2018ghost ships\u2019",
    "url": "https://edition.cnn.com/2011/09/20/world/europe/lost-ghost-ships/index.html",
    "date": "2011-09-20",
    "keywords": [
        "story",
        "erebus",
        "terror",
        "expedition",
        "harris",
        "franklin",
        "mission",
        "battersby",
        "environment",
        "ghost",
        "passage",
        "time",
        "region",
        "ice",
        "nature",
        "john",
        "hms",
        "account",
        "month",
        "ship",
        "william",
        "mystery",
        "man",
        "headland",
        "got",
        "remoteness",
        "industrialism",
        "mother",
        "search",
        "history",
        "tale",
        "fate",
        "sir",
        "cnn",
        "horror",
        "board",
        "technology",
        "vanish",
        "trace",
        "attempt",
        "sister",
        "arctic",
        "royal",
        "fail",
        "author",
        "something",
        "jinxed",
        "voyage",
        "derringdo",
        "win",
        "landscape",
        "steel",
        "crew",
        "bob",
        "scott",
        "research",
        "institute",
        "lot",
        "disappearance",
        "sign",
        "crews",
        "spent",
        "floor",
        "wreckage",
        "honor",
        "site",
        "canada",
        "victoria",
        "strait",
        "point",
        "clutch",
        "area",
        "wildlife",
        "rock",
        "cairn",
        "message",
        "year",
        "way",
        "south",
        "bid",
        "food",
        "chance",
        "survival",
        "lastditch",
        "inuit",
        "puzzle",
        "scurvy",
        "theory",
        "pipe",
        "system",
        "drinking",
        "water",
        "discovery",
        "charm",
        "allure",
        "continue",
        "information"
    ],
    "category": [
        "world",
        "europe"
    ]
}