{
    "title": "Manchester City ban talk of Tevez",
    "url": "https://edition.cnn.com/2011/09/30/sport/football/tevez-mancini-manchester-city/index.html",
    "date": "2011-09-30",
    "keywords": [
        "tevez",
        "city",
        "bayern",
        "relation",
        "football",
        "game",
        "manchester",
        "mancini",
        "press",
        "conference",
        "substitute",
        "manager",
        "roberto",
        "munich",
        "season",
        "dzeko",
        "carlos",
        "league",
        "ham",
        "loan",
        "striker",
        "investigation",
        "defeat",
        "clash",
        "conduct",
        "future",
        "club",
        "officer",
        "complication",
        "outfit",
        "reaction",
        "story",
        "ban",
        "group",
        "approach",
        "cnn",
        "friday",
        "fallout",
        "refusal",
        "forward",
        "tuesday",
        "cup",
        "star",
        "blackburn",
        "evening",
        "victoria",
        "kloss",
        "strike",
        "sad",
        "soccer",
        "decision",
        "integrity",
        "place",
        "inter",
        "milan",
        "week",
        "hardest",
        "career",
        "job",
        "past",
        "problem",
        "player",
        "pitch",
        "bench",
        "situation",
        "stadium",
        "position",
        "division",
        "request",
        "west",
        "relegation",
        "addition",
        "controversy",
        "reverse",
        "allianz",
        "arena",
        "edin",
        "midfielder",
        "nigel",
        "jong",
        "half",
        "side",
        "wolfsburg",
        "january",
        "disappointment",
        "performance",
        "everyone",
        "sleep",
        "rest",
        "target",
        "coach",
        "everything",
        "ewood",
        "park",
        "villa",
        "arrive"
    ],
    "category": [
        "sport",
        "football"
    ]
}