{
    "title": "Federer ends drought with Swiss win",
    "url": "https://edition.cnn.com/2011/11/06/sport/tennis/tennis-basel-federer/index.html",
    "date": "2011-11-06",
    "keywords": [
        "federer",
        "roger",
        "title",
        "match",
        "victory",
        "home",
        "seed",
        "basel",
        "triumph",
        "success",
        "drought",
        "world",
        "number",
        "career",
        "win",
        "story",
        "tournament",
        "event",
        "doha",
        "cnn",
        "fifth",
        "tour",
        "season",
        "januarys",
        "qatar",
        "novak",
        "djokovic",
        "answer",
        "roland",
        "paris",
        "month",
        "teenager",
        "kei",
        "future",
        "nishikori",
        "im",
        "juan",
        "valencia",
        "sunday",
        "second",
        "year",
        "compatriot",
        "fernando",
        "verdasco",
        "july"
    ],
    "category": [
        "sport",
        "tennis"
    ]
}