{
    "title": "Swiss voters choose moderate, center parties over far right",
    "url": "https://edition.cnn.com/2011/10/23/world/europe/switzerland-elections/index.html",
    "date": "2011-10-24",
    "keywords": [
        "party",
        "campaign",
        "election",
        "svp",
        "antiimmigration",
        "vote",
        "history",
        "flag",
        "loss",
        "surprise",
        "share",
        "poster",
        "country",
        "victory",
        "preelection",
        "opinion",
        "place",
        "crime",
        "sentiment",
        "sheep",
        "story",
        "cnn",
        "change",
        "scene",
        "broadcaster",
        "drop",
        "centerleft",
        "centerright",
        "swissinfoch",
        "farright",
        "part",
        "condom",
        "protection",
        "virus",
        "sunday",
        "parliament",
        "eurobarometer",
        "survey",
        "month",
        "support",
        "fdp",
        "countrys",
        "wave",
        "system",
        "consensus",
        "government",
        "regardless",
        "ban",
        "construction",
        "call",
        "building",
        "referendum",
        "constitution",
        "partys",
        "woman",
        "background",
        "commission",
        "racism",
        "population",
        "feed",
        "prejudice",
        "muslim",
        "community",
        "switzerland",
        "trample",
        "ad",
        "win",
        "politician",
        "council",
        "ricardo",
        "lumengo",
        "asylum",
        "seeker",
        "cnns",
        "frederik",
        "pleitgen",
        "report"
    ],
    "category": [
        "world",
        "europe"
    ]
}