{
    "title": "Gadhafi\u2019s death answers four-year-old girl\u2019s prayers",
    "url": "https://edition.cnn.com/2011/10/20/world/europe/gadhafi-london-embassy-celebrations/index.html",
    "date": "2011-10-20",
    "keywords": [
        "gadhafi",
        "death",
        "libya",
        "selsabeel",
        "embassy",
        "london",
        "family",
        "regime",
        "cnn",
        "story",
        "grandfather",
        "everything",
        "today",
        "future",
        "era",
        "end",
        "al",
        "ambassador",
        "zbida",
        "gadhafis",
        "day",
        "maziq",
        "crowds",
        "sang",
        "flag",
        "girl",
        "cheeky",
        "grin",
        "ageli",
        "man",
        "youngster",
        "night",
        "dictator",
        "moammar",
        "tyrant",
        "reason",
        "trade",
        "mother",
        "child",
        "news",
        "sister",
        "jubilant",
        "crowd",
        "father",
        "country",
        "nacua",
        "echoed",
        "beeping",
        "car",
        "waving",
        "chant",
        "downfall",
        "mahmoud",
        "libyas",
        "freedom",
        "curtain",
        "brave",
        "world",
        "suffering",
        "video",
        "truth",
        "lockerbie",
        "justice",
        "consulate",
        "worker",
        "abdusalam",
        "homeland",
        "time",
        "history",
        "peace",
        "security",
        "start",
        "couple",
        "elgardi",
        "husband",
        "son",
        "god",
        "sana",
        "living",
        "relief",
        "reign",
        "terror",
        "look",
        "im",
        "trembling",
        "tripoli",
        "trouble",
        "friend",
        "aida",
        "happiness"
    ],
    "category": [
        "world",
        "europe"
    ]
}