{
    "title": "Bombs, songs and soccer: Glasgow confronts a religious divide",
    "url": "https://edition.cnn.com/2011/09/16/sport/football/sectarian-celtic-rangers-old-firm/index.html",
    "date": "2011-09-16",
    "keywords": [
        "football",
        "firm",
        "time",
        "season",
        "government",
        "game",
        "cnn",
        "scotland",
        "police",
        "law",
        "singing",
        "marshall",
        "area",
        "side",
        "problem",
        "glasgow",
        "landlord",
        "team",
        "stadium",
        "carberry",
        "match",
        "ireland",
        "sign",
        "cross",
        "sectarianism",
        "nature",
        "chanting",
        "legislation",
        "justice",
        "lot",
        "versus",
        "world",
        "sunday",
        "clash",
        "bigotry",
        "robert",
        "tavern",
        "pub",
        "end",
        "clyde",
        "ibrox",
        "bar",
        "club",
        "badge",
        "drinking",
        "order",
        "allegiance",
        "future",
        "tommy",
        "park",
        "home",
        "point",
        "music",
        "part",
        "arena",
        "heritage",
        "background",
        "roseanna",
        "lawmaker",
        "community",
        "safety",
        "fixture",
        "minority",
        "manager",
        "campbell",
        "corrigan",
        "chief",
        "behavior",
        "force",
        "need",
        "minister",
        "anthem",
        "walker",
        "striker",
        "macmillan",
        "view",
        "youre",
        "grandfather",
        "celtic",
        "song",
        "story",
        "city",
        "bank",
        "river",
        "coal",
        "steel",
        "shipbuilding",
        "past",
        "powerhouse",
        "doubt",
        "soccer",
        "interior",
        "throw",
        "homage",
        "fact",
        "establishment",
        "stainedglass",
        "window",
        "honor",
        "jim"
    ],
    "category": [
        "sport",
        "football"
    ]
}