{
    "title": "Italian jury clears American Amanda Knox of murder",
    "url": "https://edition.cnn.com/2011/10/03/world/europe/italy-knox-appeal/index.html",
    "date": "2011-10-03",
    "keywords": [
        "knox",
        "jury",
        "sollecito",
        "family",
        "conviction",
        "amanda",
        "prison",
        "statement",
        "court",
        "monday",
        "decision",
        "cnn",
        "ruling",
        "university",
        "havent",
        "raffaele",
        "perugia",
        "video",
        "appeal",
        "murder",
        "friend",
        "seattle",
        "courtroom",
        "chance",
        "student",
        "time",
        "case",
        "lumumba",
        "kercher",
        "defense",
        "evidence",
        "story",
        "desire",
        "field",
        "tuesday",
        "roommate",
        "verdict",
        "emotion",
        "judge",
        "matthew",
        "voice",
        "life",
        "involvement",
        "death",
        "meredith",
        "crime",
        "charge",
        "defamation",
        "dalla",
        "vedova",
        "home",
        "trial",
        "journalist",
        "judicial",
        "system",
        "hope",
        "truth",
        "justice",
        "majority",
        "closing",
        "joy",
        "part",
        "van",
        "lawyer",
        "man",
        "dna",
        "rabbit",
        "way",
        "reaction",
        "shell",
        "ac360\u00ba",
        "italy",
        "read",
        "suspicion",
        "picturesque",
        "town",
        "gasp",
        "eruption",
        "silence",
        "cnns",
        "violent",
        "speech",
        "exchange",
        "nightmare",
        "sister",
        "deanna",
        "courthouse",
        "roar",
        "approval",
        "crowd",
        "sotknoxfamilydecisionreax_00001617",
        "research",
        "knoxs",
        "patrick",
        "suspect",
        "club",
        "owner",
        "alibi",
        "credit",
        "attorney"
    ],
    "category": [
        "world",
        "europe"
    ]
}