{
    "title": "Wozniacki crashes out in Beijing",
    "url": "https://edition.cnn.com/2011/10/07/sport/tennis/tennis-wozniacki-nadal-djokovic/index.html",
    "date": "2011-10-07",
    "keywords": [
        "seed",
        "world",
        "caroline",
        "pennetta",
        "champion",
        "djokovic",
        "wozniacki",
        "place",
        "china",
        "dane",
        "rafael",
        "nadal",
        "fish",
        "novak",
        "victory",
        "match",
        "flavia",
        "winner",
        "semifinal",
        "tsonga",
        "berdych",
        "beat",
        "slam",
        "story",
        "withdraws",
        "number",
        "friday",
        "lead",
        "game",
        "set",
        "hand",
        "career",
        "wta",
        "time",
        "pole",
        "retirement",
        "pointsand",
        "qualifier",
        "monica",
        "run",
        "li",
        "na",
        "niculescu",
        "petkovic",
        "germany",
        "pavlyuchenkova",
        "tomas",
        "frenchman",
        "juan",
        "carlos",
        "ferrero",
        "atp",
        "everything",
        "im",
        "round",
        "guy",
        "event",
        "verdasco",
        "straightforward",
        "triumph",
        "croat",
        "ivan",
        "ljubicic",
        "compatriot",
        "marin",
        "cilic",
        "pair",
        "mikhail",
        "youzhny",
        "anderson",
        "japan",
        "santiago",
        "giraldo",
        "clash",
        "success",
        "andy",
        "murray",
        "streak",
        "argentinas",
        "david",
        "briton",
        "defeat",
        "wimbledon",
        "finalist",
        "win",
        "ferrer",
        "opponent",
        "spaniard",
        "radek",
        "muscle",
        "strain",
        "injury",
        "sport",
        "year",
        "losing",
        "way",
        "check",
        "week",
        "rehabilitation"
    ],
    "category": [
        "sport",
        "tennis"
    ]
}