{
    "title": "Qatar\u2019s Al Sadd overcome adversity to make Asian football history",
    "url": "https://edition.cnn.com/2011/10/27/sport/football/football-asia-al-sadd/index.html",
    "date": "2011-10-27",
    "keywords": [
        "coach",
        "team",
        "al",
        "football",
        "jorge",
        "aggregate",
        "jeonbuk",
        "stadium",
        "injustice",
        "leg",
        "goal",
        "home",
        "qatari",
        "club",
        "jeonju",
        "world",
        "cup",
        "victory",
        "week",
        "game",
        "match",
        "win",
        "suwon",
        "striker",
        "niang",
        "lead",
        "choi",
        "advantage",
        "story",
        "fossatis",
        "sadd",
        "cnn",
        "record",
        "twotime",
        "wednesday",
        "course",
        "confederation",
        "website",
        "situation",
        "sheik",
        "jassim",
        "bin",
        "hamad",
        "mass",
        "brawl",
        "fighting",
        "mamadou",
        "teammate",
        "presuming",
        "play",
        "return",
        "ivory",
        "coast",
        "attacker",
        "kader",
        "keita",
        "suhail",
        "saber",
        "ali",
        "stevica",
        "ko",
        "jongsu",
        "star",
        "jangeun",
        "volley",
        "khalfan",
        "ibrahim",
        "longrange",
        "shot",
        "halftime",
        "courtesy",
        "success",
        "forward",
        "eninho",
        "response",
        "consolation",
        "bordeaux",
        "winger",
        "wendel",
        "geraldo",
        "blow",
        "naif",
        "scorer",
        "minute",
        "headbutt",
        "substitute",
        "krunoslav",
        "card",
        "kanghee",
        "space",
        "help",
        "work",
        "result",
        "title",
        "year",
        "succession",
        "chunmas",
        "pohang",
        "triumph"
    ],
    "category": [
        "sport",
        "football"
    ]
}