{
    "title": "Amanda Knox lawyers make final arguments",
    "url": "https://edition.cnn.com/2011/09/29/world/europe/italy-knox-appeal/index.html",
    "date": "2011-09-29",
    "keywords": [
        "knox",
        "sollecito",
        "lawyer",
        "jury",
        "knoxs",
        "evidence",
        "amanda",
        "bongiorno",
        "appeal",
        "kercher",
        "court",
        "room",
        "video",
        "vedova",
        "murder",
        "closing",
        "meredith",
        "perugia",
        "italy",
        "week",
        "trace",
        "case",
        "character",
        "trial",
        "family",
        "dna",
        "police",
        "heart",
        "hope",
        "monday",
        "judge",
        "boyfriend",
        "dad",
        "claim",
        "ghirga",
        "part",
        "investigation",
        "prosecution",
        "rabbit",
        "im",
        "guede",
        "story",
        "argument",
        "verdict",
        "briton",
        "option",
        "guilt",
        "thursday",
        "effort",
        "portrayal",
        "cunning",
        "codefendant",
        "place",
        "raffaele",
        "housemate",
        "throat",
        "amcallan",
        "knox_00010510",
        "stretch",
        "chanceknoxappealnearsend_00000628",
        "claim_00002001",
        "ruling",
        "second",
        "luciano",
        "image",
        "daughter",
        "appearance",
        "counterpoise",
        "prosecutor",
        "giancarlo",
        "costagliola",
        "start",
        "clan",
        "conspiracy",
        "pressure",
        "work",
        "jail",
        "death",
        "translator",
        "night",
        "girl",
        "time",
        "country",
        "material",
        "result",
        "practice",
        "blood",
        "bathroom",
        "sink",
        "use",
        "bloody",
        "knife",
        "piece",
        "concentration",
        "nothingness",
        "fantasy",
        "photographs",
        "villa",
        "robbery",
        "someone"
    ],
    "category": [
        "world",
        "europe"
    ]
}