{
    "title": "WikiLeaks halts publication to raise money",
    "url": "https://edition.cnn.com/2011/10/24/world/europe/wikileaks-funding/index.html",
    "date": "2011-10-24",
    "keywords": [
        "organization",
        "assange",
        "system",
        "banking",
        "blockade",
        "site",
        "monday",
        "information",
        "submission",
        "revenue",
        "funding",
        "state",
        "department",
        "bank",
        "spokesman",
        "wikileaks",
        "month",
        "country",
        "story",
        "block",
        "publication",
        "order",
        "mastercard",
        "paypal",
        "union",
        "founder",
        "attack",
        "oppressive",
        "precedent",
        "work",
        "speaking",
        "front",
        "backdrop",
        "america",
        "leaking",
        "cash",
        "business",
        "trove",
        "year",
        "hrafnsson",
        "security",
        "pattern",
        "reckless",
        "victoria",
        "nuland",
        "amendment",
        "constitution",
        "complaint",
        "commission",
        "prelitigation",
        "action",
        "iceland",
        "denmark",
        "kingdom",
        "belgium",
        "threat",
        "act",
        "freeze",
        "material",
        "anniversary",
        "day",
        "anonymity",
        "connection",
        "internet",
        "secure",
        "encryption"
    ],
    "category": [
        "world",
        "europe"
    ]
}