{
    "title": "Lawyer: Accused UBS bank trader \u2018sorry beyond words\u2019",
    "url": "https://edition.cnn.com/2011/09/22/world/europe/uk-switzerland-loss/index.html",
    "date": "2011-09-22",
    "keywords": [
        "fraud",
        "trader",
        "bank",
        "trading",
        "loss",
        "ubs",
        "lawyer",
        "client",
        "adoboli",
        "plea",
        "connection",
        "court",
        "video",
        "rogue",
        "charge",
        "abuse",
        "position",
        "story",
        "accounting",
        "week",
        "giant",
        "custody",
        "city",
        "statement",
        "patrick",
        "gibbs",
        "trader_00012812",
        "causing",
        "excess",
        "thursday",
        "team",
        "bail",
        "friday",
        "day",
        "discovery",
        "authority",
        "office",
        "prosecution",
        "service",
        "case",
        "investment",
        "quarter",
        "year",
        "cnns",
        "mclaughlin",
        "report"
    ],
    "category": [
        "world",
        "europe"
    ]
}