{
    "title": "Cameron refuses new probe of Catholic lawyer\u2019s death",
    "url": "https://edition.cnn.com/2011/10/11/world/europe/irish--troubles-finucane/index.html",
    "date": "2011-10-11",
    "keywords": [
        "finucane",
        "ireland",
        "minister",
        "inquiry",
        "government",
        "mcguinness",
        "family",
        "cameron",
        "ira",
        "father",
        "day",
        "lawyer",
        "meeting",
        "killing",
        "murder",
        "case",
        "review",
        "republic",
        "pat",
        "david",
        "police",
        "collusion",
        "street",
        "truth",
        "john",
        "part",
        "candidate",
        "commander",
        "army",
        "story",
        "probe",
        "death",
        "faceoff",
        "confrontation",
        "london",
        "conflict",
        "tuesday",
        "order",
        "front",
        "wife",
        "belfast",
        "home",
        "loyalist",
        "informer",
        "douglas",
        "hogg",
        "anger",
        "parliament",
        "cause",
        "security",
        "force",
        "gang",
        "counsel",
        "desmond",
        "silva",
        "geraldine",
        "decision",
        "today",
        "offer",
        "qc",
        "halt",
        "slain",
        "spoke",
        "coverup",
        "policy",
        "examination",
        "cover",
        "tony",
        "blair",
        "investigation",
        "one",
        "place",
        "campaign",
        "something",
        "credibility",
        "tragedy",
        "past",
        "surface",
        "week",
        "role",
        "martin",
        "monday",
        "man",
        "son",
        "soldier",
        "election",
        "athlone",
        "patrick",
        "officer",
        "businessman",
        "name",
        "dont",
        "member",
        "council",
        "time",
        "justice",
        "leader",
        "party",
        "sinn",
        "fein"
    ],
    "category": [
        "world",
        "europe"
    ]
}