{
    "title": "Jordan quits Presidents Cup golf role as NBA lockout continues",
    "url": "https://edition.cnn.com/2011/11/02/sport/golf/golf-couples-jordan-presidents/index.html",
    "date": "2011-11-02",
    "keywords": [
        "winner",
        "team",
        "charlotte",
        "owner",
        "cup",
        "jordan",
        "assistant",
        "lockout",
        "golf",
        "majority",
        "world",
        "john",
        "basketball",
        "michael",
        "role",
        "bobcats",
        "country",
        "player",
        "friendship",
        "spirit",
        "leadership",
        "jay",
        "success",
        "story",
        "legend",
        "australia",
        "cnn",
        "tournament",
        "nba",
        "golfer",
        "event",
        "season",
        "consideration",
        "regret",
        "trip",
        "month",
        "website",
        "honor",
        "luck",
        "cook",
        "force",
        "july",
        "bargaining",
        "deal",
        "contract",
        "victory",
        "california",
        "countrys",
        "win",
        "ambassador",
        "complexity",
        "haas",
        "club",
        "value",
        "opinion",
        "support",
        "son",
        "bill",
        "fedex",
        "series",
        "number",
        "tiger",
        "phil",
        "side",
        "europe",
        "greg",
        "jason",
        "day",
        "charl",
        "schwartzel",
        "ernie",
        "melbourne"
    ],
    "category": [
        "sport",
        "golf"
    ]
}