{
    "title": "Wozniacki defends Li Na after surviving her own China scare",
    "url": "https://edition.cnn.com/2011/10/03/sport/tennis/wozniacki/index.html",
    "date": "2011-10-03",
    "keywords": [
        "wozniacki",
        "champion",
        "li",
        "hradecka",
        "stage",
        "roddick",
        "petra",
        "tournament",
        "round",
        "china",
        "monday",
        "subject",
        "defeat",
        "home",
        "victory",
        "dont",
        "story",
        "cnn",
        "caroline",
        "scare",
        "na",
        "criticism",
        "opponent",
        "world",
        "no1",
        "way",
        "set",
        "decider",
        "fortune",
        "sunday",
        "monica",
        "crowd",
        "beijing",
        "triumph",
        "roland",
        "weight",
        "expectation",
        "afp",
        "tennis",
        "moment",
        "nothing",
        "kind",
        "target",
        "everyone",
        "open",
        "time",
        "message",
        "shock",
        "sure",
        "season",
        "internet",
        "dane",
        "slam",
        "action",
        "wta",
        "event",
        "zheng",
        "jie",
        "brianti",
        "italy",
        "form",
        "win",
        "russia",
        "kvitova",
        "casualty",
        "arvidsson",
        "sweden",
        "upset",
        "anderson",
        "africa",
        "seed",
        "performance",
        "cilic",
        "croatia",
        "di"
    ],
    "category": [
        "sport",
        "tennis"
    ]
}