{
    "title": "Guards fired at outside area of Pope\u2019s Mass in Germany",
    "url": "https://edition.cnn.com/2011/09/24/world/europe/germany-shooting/index.html",
    "date": "2011-09-24",
    "keywords": [
        "one",
        "incident",
        "mass",
        "security",
        "person",
        "custody",
        "place",
        "venue",
        "pope",
        "spokesman",
        "story",
        "company",
        "air",
        "gun",
        "benedict",
        "germany",
        "erfurt",
        "police",
        "statement",
        "check",
        "outer",
        "perimeter",
        "zone",
        "sauter",
        "ministry"
    ],
    "category": [
        "world",
        "europe"
    ]
}