{
    "title": "Messi nets double as Barcelona cruise to win in Belarus",
    "url": "https://edition.cnn.com/2011/09/28/sport/football/football-champions-league-barcelona/index.html",
    "date": "2011-09-29",
    "keywords": [
        "home",
        "group",
        "side",
        "minute",
        "cross",
        "goal",
        "area",
        "scoring",
        "bate",
        "borisov",
        "penalty",
        "spot",
        "point",
        "win",
        "time",
        "table",
        "lead",
        "belarus",
        "second",
        "barcas",
        "list",
        "oxladechamberlain",
        "englishman",
        "messi",
        "barcelona",
        "barca",
        "alyaksandr",
        "milan",
        "viktoria",
        "ibrahimovic",
        "injury",
        "ball",
        "midfielder",
        "andre",
        "shot",
        "angle",
        "dortmund",
        "remy",
        "ayew",
        "porto",
        "zenit",
        "story",
        "strike",
        "alltime",
        "olympiakos",
        "greece",
        "lionel",
        "h",
        "evening",
        "volodko",
        "dani",
        "right",
        "net",
        "pedro",
        "david",
        "center",
        "goalkeeper",
        "gutor",
        "messis",
        "head",
        "night",
        "interval",
        "firing",
        "season",
        "number",
        "ladislao",
        "kubala",
        "villa",
        "mess",
        "freekick",
        "catalan",
        "biggestever",
        "top",
        "siro",
        "zlatan",
        "return",
        "cisovsky",
        "marker",
        "cassano",
        "apiece",
        "mountain",
        "chelsea",
        "e",
        "draw",
        "valencia",
        "england",
        "lampard",
        "manager",
        "villasboas",
        "weekend",
        "swansea",
        "florent",
        "pullback",
        "roberto",
        "soldado",
        "substitute",
        "salomon",
        "kalou",
        "bayer",
        "victory"
    ],
    "category": [
        "sport",
        "football"
    ]
}