{
    "title": "Woods drops out of golf\u2019s top 50",
    "url": "https://edition.cnn.com/2011/10/03/sport/golf/tiger-woods-top-50/index.html",
    "date": "2011-10-03",
    "keywords": [
        "world",
        "number",
        "tiger",
        "october",
        "kevin",
        "na",
        "vegas",
        "tournament",
        "story",
        "career",
        "event",
        "las",
        "cnn",
        "record",
        "time",
        "winner",
        "knee",
        "injury",
        "form",
        "life",
        "hiatus",
        "game",
        "divorce",
        "wife",
        "look",
        "golf",
        "bid",
        "decline",
        "lacava",
        "caddy",
        "september",
        "split",
        "bagman",
        "steve",
        "zealander",
        "action",
        "fryscom",
        "california",
        "week",
        "pga",
        "championship",
        "atlanta",
        "club",
        "august",
        "cut",
        "opening",
        "slump",
        "match",
        "team",
        "briton",
        "luke",
        "donald",
        "position",
        "westwood",
        "champion",
        "rory",
        "mcilroy",
        "stricker",
        "dustin",
        "johnson",
        "fifth",
        "germanys",
        "martin",
        "kaymer",
        "title",
        "justin",
        "timberlake",
        "course",
        "winless",
        "streak",
        "round",
        "watney",
        "top",
        "prize"
    ],
    "category": [
        "sport",
        "golf"
    ]
}