{
    "title": "Azerbaijan gets UN Security Council seat",
    "url": "https://edition.cnn.com/2011/10/24/world/europe/un-security-council/index.html",
    "date": "2011-10-25",
    "keywords": [
        "council",
        "security",
        "slovenia",
        "azerbaijan",
        "bid",
        "seat",
        "year",
        "way",
        "member",
        "pakistan",
        "france",
        "kingdom",
        "campaign",
        "candidate",
        "race",
        "story",
        "monday",
        "week",
        "ballot",
        "morocco",
        "togo",
        "russia",
        "membership",
        "portugal",
        "south",
        "contest",
        "frontrunner",
        "voting",
        "assembly",
        "zbogar",
        "minister",
        "countrys",
        "decision",
        "result",
        "speaks",
        "cnn",
        "countys",
        "mission",
        "india",
        "absent",
        "korea",
        "guatemala",
        "time",
        "venezuela",
        "thirdlongest",
        "history",
        "rice",
        "statement",
        "nonproliferation",
        "counterterrorism",
        "conflict",
        "prevention",
        "resolution",
        "promotion",
        "democracy",
        "oversight",
        "field",
        "partnership",
        "bosnia",
        "herzegovina",
        "gabon",
        "lebanon",
        "roth",
        "joe",
        "vaccarello",
        "mick",
        "b",
        "krever",
        "report"
    ],
    "category": [
        "world",
        "europe"
    ]
}