{
    "title": "3 U.S. soldiers indicted in death of Spanish journalist",
    "url": "https://edition.cnn.com/2011/10/05/world/europe/spain-us-troops/index.html",
    "date": "2011-10-05",
    "keywords": [
        "court",
        "judge",
        "case",
        "fire",
        "hotel",
        "death",
        "cameraman",
        "order",
        "tank",
        "indictment",
        "bond",
        "longrunning",
        "jose",
        "couso",
        "baghdad",
        "family",
        "battle",
        "addition",
        "spain",
        "story",
        "euro",
        "connection",
        "tv",
        "iraq",
        "cnn",
        "capital",
        "war",
        "year",
        "tuesday",
        "wednesday",
        "philip",
        "phillip",
        "wolford",
        "thomas",
        "gibson",
        "infantry",
        "stewart",
        "georgia",
        "april",
        "post",
        "embargo",
        "buford",
        "blount",
        "col",
        "david",
        "investigation",
        "step",
        "law",
        "cousos",
        "structure",
        "base",
        "secretary",
        "state",
        "colin",
        "powell",
        "matter",
        "attention",
        "george",
        "bush",
        "minister",
        "lawyer",
        "commander",
        "sergeant",
        "officer",
        "trial",
        "pentagon",
        "past",
        "threejudge",
        "panel",
        "jurisdiction",
        "iraqis",
        "artillery"
    ],
    "category": [
        "world",
        "europe"
    ]
}