{
    "title": "Football: Rangers win Old Firm Derby",
    "url": "https://edition.cnn.com/2011/09/18/sport/football/old-firm-derby/index.html",
    "date": "2011-09-18",
    "keywords": [
        "half",
        "firm",
        "secondhalf",
        "derby",
        "football",
        "manager",
        "reaction",
        "boy",
        "story",
        "target",
        "scotland",
        "celtic",
        "foul",
        "world",
        "cnn",
        "sunday",
        "premier",
        "league",
        "inform",
        "strike",
        "goal",
        "lead",
        "allan",
        "mcgregor",
        "shot",
        "badr",
        "el",
        "kaddouri",
        "grasp",
        "trickle",
        "jelavic",
        "interval",
        "lafferty",
        "derby_00042014",
        "future",
        "fortunate",
        "card",
        "challenge",
        "minute",
        "advantage",
        "injury",
        "time",
        "lot",
        "firsthalf",
        "lennon",
        "display",
        "game",
        "title",
        "race",
        "victory"
    ],
    "category": [
        "sport",
        "football"
    ]
}