{
    "title": "Rooney sent off as England secure place in Euro 2012 finals with draw",
    "url": "https://edition.cnn.com/2011/10/07/sport/football/football-euro-2012-qualifiers/index.html",
    "date": "2011-10-07",
    "keywords": [
        "group",
        "match",
        "home",
        "place",
        "win",
        "goal",
        "victory",
        "draw",
        "qualification",
        "rooney",
        "side",
        "point",
        "defeat",
        "france",
        "bosnia",
        "montenegro",
        "halftime",
        "half",
        "advantage",
        "result",
        "spot",
        "ireland",
        "game",
        "playoff",
        "record",
        "germany",
        "turkey",
        "belgium",
        "euro",
        "g",
        "wayne",
        "russia",
        "england",
        "striker",
        "lead",
        "success",
        "top",
        "armenia",
        "level",
        "headtohead",
        "mario",
        "mueller",
        "italy",
        "serbia",
        "pair",
        "croatia",
        "denmark",
        "story",
        "cent",
        "greece",
        "cnn",
        "capellos",
        "control",
        "ashley",
        "theo",
        "cross",
        "provider",
        "bent",
        "stroke",
        "effort",
        "card",
        "defender",
        "miodrag",
        "dzudovic",
        "man",
        "lastgasp",
        "andrija",
        "delibasic",
        "stefan",
        "cost",
        "father",
        "uncle",
        "week",
        "betting",
        "fraud",
        "allegation",
        "equalizer",
        "step",
        "b",
        "cska",
        "moscow",
        "midfielder",
        "alan",
        "dzagoev",
        "republic",
        "doyle",
        "aidan",
        "mcgeady",
        "second",
        "yerevan",
        "dublin",
        "e",
        "trade",
        "larsson",
        "martin",
        "olsson",
        "blackburn",
        "ascendancy",
        "held",
        "joona"
    ],
    "category": [
        "sport",
        "football"
    ]
}