{
    "title": "Higgins wins Irish presidential election",
    "url": "https://edition.cnn.com/2011/10/29/world/europe/ireland-presidential-election/index.html",
    "date": "2011-10-29",
    "keywords": [
        "president",
        "state",
        "head",
        "mcaleese",
        "ireland",
        "saturday",
        "minister",
        "mcguinness",
        "story",
        "cnn",
        "michael",
        "poet",
        "politician",
        "elder",
        "labour",
        "party",
        "candidateturnedpresident",
        "elect",
        "government",
        "day",
        "office",
        "army",
        "commander",
        "martin",
        "defeat",
        "mcguinnesss",
        "campaign",
        "ira",
        "group",
        "violence",
        "opinion",
        "businessman",
        "reality",
        "tv",
        "star",
        "sean",
        "gallagher",
        "alongside",
        "spot",
        "performance",
        "debate",
        "collapse",
        "role",
        "counting",
        "process",
        "winner"
    ],
    "category": [
        "world",
        "europe"
    ]
}