{
    "title": "CEO of loss-hit UBS bank resigns",
    "url": "https://edition.cnn.com/2011/09/24/world/europe/switzerland-bank-loss/index.html",
    "date": "2011-09-24",
    "keywords": [
        "loss",
        "trading",
        "bank",
        "board",
        "trader",
        "ceo",
        "statement",
        "quarter",
        "ubs",
        "connection",
        "gruebel",
        "villiger",
        "year",
        "story",
        "resignation",
        "revelation",
        "head",
        "banking",
        "giant",
        "wake",
        "executive",
        "oswald",
        "j",
        "kwaku",
        "adoboli",
        "london",
        "fraud",
        "accounting",
        "resigns_00020410",
        "video",
        "chairman",
        "kaspar",
        "decision",
        "duty",
        "responsibility",
        "incident",
        "integrity",
        "tenure",
        "turnaround",
        "ermotti",
        "helm",
        "successor",
        "investigation",
        "place",
        "recurrence",
        "week",
        "client",
        "investment",
        "profit",
        "cnns",
        "bharati",
        "report"
    ],
    "category": [
        "world",
        "europe"
    ]
}