{
    "title": "United by fate: The story of Libya\u2019s rebel national soccer team",
    "url": "https://edition.cnn.com/2011/10/26/sport/football/football-libya-africa-qualify/index.html",
    "date": "2011-10-26",
    "keywords": [
        "team",
        "line",
        "gadhafi",
        "war",
        "football",
        "country",
        "soccer",
        "time",
        "tripoli",
        "story",
        "campaign",
        "cup",
        "world",
        "room",
        "news",
        "match",
        "paqueta",
        "libya",
        "federation",
        "captain",
        "benghazi",
        "half",
        "life",
        "chingola",
        "vain",
        "stadium",
        "qualification",
        "colonel",
        "victory",
        "guinea",
        "draw",
        "june",
        "meeting",
        "saadi",
        "al",
        "midfielder",
        "game",
        "camp",
        "hospital",
        "end",
        "front",
        "future",
        "kahatroushi",
        "goalkeeper",
        "mozambique",
        "everyone",
        "cnn",
        "whistle",
        "one",
        "sit",
        "dressing",
        "copper",
        "mining",
        "town",
        "zambiacongo",
        "border",
        "fog",
        "sweat",
        "redolence",
        "muscle",
        "zambia",
        "rule",
        "moammar",
        "death",
        "leader",
        "progression",
        "januarys",
        "tournament",
        "meant",
        "way",
        "championship",
        "backdrop",
        "somehow",
        "confirmation",
        "lobby",
        "hotel",
        "tunis",
        "security",
        "situation",
        "coach",
        "cups",
        "year",
        "homeland",
        "libyan",
        "gadhafis",
        "dr",
        "regime",
        "project",
        "son",
        "tool",
        "saadis",
        "league",
        "opposition",
        "donkey",
        "shirt",
        "moataz",
        "ben",
        "referee",
        "airport",
        "protest"
    ],
    "category": [
        "sport",
        "football"
    ]
}