{
    "title": "Arsenal seal thrilling win against Chelsea",
    "url": "https://edition.cnn.com/2011/10/29/sport/football/chelsea-arsenal-premier-results/index.html",
    "date": "2011-10-29",
    "keywords": [
        "minute",
        "home",
        "lead",
        "city",
        "persie",
        "win",
        "chelsea",
        "everton",
        "match",
        "ball",
        "time",
        "place",
        "liverpool",
        "hattrick",
        "stamford",
        "bridge",
        "manchester",
        "goodison",
        "park",
        "van",
        "mata",
        "cross",
        "goal",
        "side",
        "cech",
        "john",
        "terry",
        "kick",
        "shot",
        "mistake",
        "injury",
        "table",
        "dzeko",
        "penalty",
        "half",
        "carroll",
        "suarez",
        "draw",
        "result",
        "sunderland",
        "point",
        "season",
        "bolton",
        "story",
        "robin",
        "london",
        "premier",
        "league",
        "juan",
        "inchperfect",
        "lampard",
        "header",
        "past",
        "szczesny",
        "possession",
        "hit",
        "aaron",
        "ramsey",
        "petr",
        "halftime",
        "corner",
        "arsenal",
        "break",
        "song",
        "underneath",
        "cechs",
        "post",
        "strike",
        "parity",
        "weekend",
        "hernandez",
        "hand",
        "patrice",
        "evra",
        "opening",
        "way",
        "equalizer",
        "leighton",
        "crossbar",
        "freekick",
        "david",
        "osman",
        "pressure",
        "firm",
        "wolverhampton",
        "aleksandar",
        "kolarov",
        "defender",
        "vincent",
        "kompany",
        "challenge",
        "kevin",
        "doyle",
        "stephen",
        "hunt",
        "johnson",
        "midway",
        "top",
        "charlie",
        "adam"
    ],
    "category": [
        "sport",
        "football"
    ]
}