{
    "title": "Messi and Ronaldo net trebles as Barca and Real bounce back",
    "url": "https://edition.cnn.com/2011/09/24/sport/football/football-barcelona-real-madrid/index.html",
    "date": "2011-09-24",
    "keywords": [
        "home",
        "minute",
        "messi",
        "season",
        "ronaldo",
        "goal",
        "hattrick",
        "place",
        "draw",
        "striker",
        "shot",
        "barca",
        "league",
        "cristiano",
        "sevilla",
        "barcelona",
        "title",
        "team",
        "shirt",
        "michu",
        "kaka",
        "penalty",
        "corner",
        "story",
        "spain",
        "tally",
        "triumph",
        "claim",
        "victory",
        "cnn",
        "la",
        "liga",
        "defense",
        "day",
        "club",
        "sponsorship",
        "qatari",
        "group",
        "camp",
        "nou",
        "stadium",
        "catalan",
        "investment",
        "tradition",
        "loss",
        "board",
        "profit",
        "guardiola",
        "gerard",
        "pique",
        "bench",
        "trip",
        "borisov",
        "belarus",
        "falcao",
        "advantage",
        "end",
        "argentine",
        "machine",
        "lionel",
        "superb",
        "tiago",
        "crossbar",
        "villa",
        "joao",
        "net",
        "rain",
        "night",
        "style",
        "box",
        "flank",
        "post",
        "artistry",
        "table",
        "point",
        "monday",
        "twotime",
        "world",
        "player",
        "year",
        "thrashing",
        "vallecano",
        "challenge",
        "defeat",
        "levante",
        "santander",
        "jose",
        "mourinhos",
        "start",
        "halftime",
        "counterattack",
        "gonzalo",
        "higuain",
        "injurytime",
        "finish",
        "ramos",
        "alonsos",
        "freekick",
        "spot",
        "break"
    ],
    "category": [
        "sport",
        "football"
    ]
}