{
    "title": "Europe\u2019s populist parties feed off growing sense of crisis",
    "url": "https://edition.cnn.com/2011/11/07/world/europe/europe-populist-parties/index.html",
    "date": "2011-11-07",
    "keywords": [
        "immigration",
        "survey",
        "league",
        "bloc",
        "identitaire",
        "party",
        "supporter",
        "country",
        "europe",
        "extremism",
        "government",
        "demos",
        "facebook",
        "way",
        "online",
        "multiculturalism",
        "success",
        "identity",
        "money",
        "crisis",
        "parliament",
        "defense",
        "france",
        "freedom",
        "part",
        "majority",
        "casapound",
        "italy",
        "leader",
        "respondent",
        "group",
        "front",
        "sentiment",
        "story",
        "cnn",
        "justice",
        "system",
        "elite",
        "culture",
        "islam",
        "scandinavia",
        "compete",
        "yield",
        "process",
        "thing",
        "think",
        "tank",
        "populist",
        "mainstream",
        "violence",
        "outcome",
        "italia",
        "proportion",
        "poet",
        "pound",
        "dictator",
        "benito",
        "mussolini",
        "newspaper",
        "week",
        "point",
        "reference",
        "month",
        "diein",
        "dijon",
        "protest",
        "inaction",
        "murder",
        "teenager",
        "mindset",
        "response",
        "minority",
        "norway",
        "massacre",
        "year",
        "liberalism",
        "sort",
        "race",
        "dansk",
        "folkeparti",
        "view",
        "die",
        "freiheit",
        "islamisation",
        "intolerance",
        "twist",
        "phobias",
        "dutch",
        "rate",
        "coalition",
        "religion",
        "assimilation",
        "prevent",
        "oppression",
        "burqa",
        "share",
        "loathing",
        "corrupt",
        "class",
        "follower"
    ],
    "category": [
        "world",
        "europe"
    ]
}