{
    "title": "Invisible women: Black Britons struggle to be heard",
    "url": "https://edition.cnn.com/2011/10/14/world/europe/black-british-women/index.html",
    "date": "2011-10-14",
    "keywords": [
        "society",
        "britain",
        "way",
        "history",
        "change",
        "representation",
        "woman",
        "mirza",
        "industry",
        "experience",
        "uk",
        "bresiando",
        "group",
        "image",
        "descent",
        "lack",
        "color",
        "order",
        "struggle",
        "beauty",
        "makeup",
        "racism",
        "model",
        "london",
        "scott",
        "conversation",
        "community",
        "university",
        "education",
        "role",
        "olarinmoye",
        "head",
        "pool",
        "hair",
        "issue",
        "report",
        "population",
        "care",
        "weve",
        "race",
        "health",
        "im",
        "platform",
        "ability",
        "story",
        "workplace",
        "expert",
        "cnn",
        "charmaine",
        "hold",
        "smashing",
        "glass",
        "chaos",
        "talk",
        "backlash",
        "discontent",
        "depiction",
        "depriving",
        "threeday",
        "spree",
        "battle",
        "scrutiny",
        "plague",
        "eye",
        "jim",
        "crow",
        "apartheid",
        "professor",
        "discrimination",
        "sexism",
        "aspire",
        "ideal",
        "work",
        "author",
        "female",
        "parliament",
        "sphere",
        "concern",
        "kehinde",
        "music",
        "professional",
        "zena",
        "caribbean",
        "stereotype",
        "tendency",
        "need",
        "extent",
        "mask",
        "dimension",
        "gender",
        "sexualization",
        "clever",
        "majority",
        "tuitt",
        "country",
        "winfrey",
        "cosby",
        "show",
        "type",
        "wasnt"
    ],
    "category": [
        "world",
        "europe"
    ]
}