{
    "title": "Why is unity so important to Europe?",
    "url": "https://edition.cnn.com/2011/11/04/world/europe/european-unity-explainer/index.html",
    "date": "2012-09-06",
    "keywords": [
        "europe",
        "unity",
        "union",
        "war",
        "euro",
        "crisis",
        "eu",
        "idea",
        "loughlin",
        "day",
        "world",
        "france",
        "peace",
        "eurozone",
        "century",
        "continent",
        "prospect",
        "conflict",
        "video",
        "risk",
        "history",
        "john",
        "victor",
        "ii",
        "coal",
        "steel",
        "community",
        "ecsc",
        "germany",
        "eec",
        "member",
        "drachma",
        "currency",
        "fall",
        "berlin",
        "wall",
        "tension",
        "president",
        "stake",
        "end",
        "story",
        "threat",
        "london",
        "cnn",
        "wider",
        "face",
        "effort",
        "answer",
        "share",
        "professor",
        "university",
        "department",
        "constituent",
        "identity",
        "culture",
        "nation",
        "roman",
        "empire",
        "everyone",
        "william",
        "founder",
        "state",
        "pennsylvania",
        "kant",
        "jeremy",
        "novelist",
        "activist",
        "hugo",
        "e",
        "sea",
        "wellbeing",
        "author",
        "hunchback",
        "dame",
        "succession",
        "rubble",
        "public",
        "violence",
        "belief",
        "ideology",
        "reason",
        "way",
        "politician",
        "robert",
        "schuman",
        "production",
        "reach",
        "belgium",
        "luxembourg",
        "market",
        "everything",
        "agriculture",
        "policy",
        "dos",
        "santos",
        "mann",
        "drama_00001525",
        "vs",
        "taylorexitingeuro_00002124",
        "exit"
    ],
    "category": [
        "world",
        "europe"
    ]
}