{
    "title": "Slattery breaks duck with victory in Madrid Masters",
    "url": "https://edition.cnn.com/2011/10/09/sport/golf/golf-slattery-madrid-masters/index.html",
    "date": "2011-10-09",
    "keywords": [
        "slattery",
        "tour",
        "round",
        "victory",
        "water",
        "world",
        "place",
        "englishman",
        "donald",
        "rickie",
        "fowler",
        "hole",
        "par",
        "life",
        "number",
        "story",
        "stroke",
        "no1",
        "lee",
        "cnn",
        "career",
        "onestroke",
        "success",
        "advantage",
        "el",
        "golf",
        "hotel",
        "sand",
        "chip",
        "putts",
        "title",
        "problem",
        "duck",
        "time",
        "total",
        "lorenzo",
        "gagli",
        "veteran",
        "cesar",
        "monasteri",
        "luke",
        "pace",
        "level",
        "second",
        "madeira",
        "dunhill",
        "championship",
        "end",
        "ryder",
        "cup",
        "star",
        "win",
        "sunday",
        "woo",
        "jeong",
        "country",
        "champion",
        "rory",
        "mcilory",
        "sevenunderpar"
    ],
    "category": [
        "sport",
        "golf"
    ]
}