{
    "title": "Big names miss out on 2012 Africa Cup of Nations qualification",
    "url": "https://edition.cnn.com/2011/10/08/sport/football/football-nigeria-africa-nations/index.html",
    "date": "2011-10-08",
    "keywords": [
        "group",
        "place",
        "guinea",
        "home",
        "draw",
        "equalizer",
        "spot",
        "minute",
        "cup",
        "b",
        "mali",
        "niger",
        "tunisia",
        "nation",
        "win",
        "defender",
        "time",
        "point",
        "story",
        "fail",
        "south",
        "africa",
        "runneru",
        "ghana",
        "libya",
        "angola",
        "cnn",
        "twotime",
        "obinna",
        "uche",
        "abuja",
        "top",
        "madagascar",
        "tournament",
        "event",
        "gabon",
        "leone",
        "g",
        "egypt",
        "runnersup",
        "striker",
        "asamoah",
        "gyan",
        "john",
        "mensah",
        "sudan",
        "runnerup",
        "h",
        "countrys",
        "strife",
        "kante",
        "wieh",
        "cape",
        "verde",
        "zimbabwe",
        "goal",
        "difference",
        "burkina",
        "faso",
        "f",
        "appeal",
        "namibia",
        "fielding",
        "herve",
        "zengue",
        "j",
        "wait",
        "kenya",
        "adrift",
        "botswana",
        "fiveteam",
        "k",
        "togo",
        "malawi",
        "barthelemy",
        "side"
    ],
    "category": [
        "sport",
        "football"
    ]
}