{
    "title": "Football: Arsenal slump at Blackburn",
    "url": "https://edition.cnn.com/2011/09/17/sport/football/football-arsenal-slump-at-blackburn/index.html",
    "date": "2011-09-17",
    "keywords": [
        "win",
        "wenger",
        "side",
        "defeat",
        "manager",
        "park",
        "swansea",
        "season",
        "goal",
        "home",
        "premier",
        "league",
        "arsene",
        "manchester",
        "chelsea",
        "sunday",
        "action",
        "campaign",
        "time",
        "signing",
        "number",
        "bolton",
        "villa",
        "story",
        "slide",
        "blackburn",
        "play",
        "city",
        "cnn",
        "start",
        "shock",
        "gervinho",
        "mike",
        "arteta",
        "vengeance",
        "break",
        "ewood",
        "ayegbeni",
        "yakubu",
        "game",
        "alex",
        "song",
        "laurent",
        "koscielny",
        "substitute",
        "marouane",
        "chamakh",
        "cross",
        "robin",
        "pressure",
        "title",
        "adrift",
        "clash",
        "weekend",
        "month",
        "moment",
        "confidence",
        "trafford",
        "course",
        "qpr",
        "captain",
        "joey",
        "barton",
        "faurlin",
        "scoring",
        "half",
        "top",
        "flight",
        "albion",
        "liberty",
        "stadium",
        "scott",
        "sinclair",
        "lita",
        "dyer",
        "norwich",
        "pilkington",
        "bradley",
        "johnson",
        "tierney",
        "petrov",
        "moraleboosting",
        "draw",
        "leon",
        "target",
        "everton",
        "drenthe",
        "scoresheet"
    ],
    "category": [
        "sport",
        "football"
    ]
}