{
    "title": "Misano track to bear Simoncelli\u2019s name",
    "url": "https://edition.cnn.com/2011/11/04/sport/motorsport/motorsport-motogp-simoncelli-stoner/index.html",
    "date": "2011-11-04",
    "keywords": [
        "circuit",
        "misano",
        "world",
        "marco",
        "simoncelli",
        "motogp",
        "life",
        "champion",
        "malaysia",
        "month",
        "race",
        "valencia",
        "death",
        "honor",
        "cattolica",
        "name",
        "accident",
        "simoncellis",
        "lucas",
        "sport",
        "series",
        "honda",
        "story",
        "rider",
        "crash",
        "cnn",
        "track",
        "riviera",
        "board",
        "change",
        "sign",
        "number",
        "hometown",
        "getty",
        "memory",
        "nickname",
        "vice",
        "president",
        "website",
        "colaiacovo",
        "family",
        "courage",
        "humanity",
        "sporting",
        "proposal",
        "port",
        "city",
        "carlo",
        "gresini",
        "team",
        "part",
        "round",
        "championship",
        "casey",
        "stoner",
        "repsol",
        "lap",
        "practice",
        "friday",
        "bautista",
        "session",
        "time",
        "minute",
        "secs",
        "benchmark",
        "teammate",
        "hiroshi",
        "aoyama",
        "unhurt"
    ],
    "category": [
        "sport",
        "motorsport"
    ]
}