{
    "title": "Jankovic dumped out of Kremlin Cup",
    "url": "https://edition.cnn.com/2011/10/19/sport/tennis/tennis-jankovic-radwanska-kremlin/index.html",
    "date": "2011-10-19",
    "keywords": [
        "round",
        "victory",
        "seed",
        "radwanska",
        "world",
        "jankovic",
        "day",
        "cup",
        "ekaterina",
        "ivanova",
        "safarova",
        "place",
        "tour",
        "number",
        "jelena",
        "defeat",
        "match",
        "opponent",
        "czech",
        "story",
        "serb",
        "russia",
        "agnieszka",
        "tuesday",
        "countrys",
        "slam",
        "champion",
        "wimbledon",
        "shock",
        "loss",
        "belt",
        "motion",
        "istanbul",
        "month",
        "triumph",
        "parra",
        "santonja",
        "marion",
        "bartoli",
        "spot",
        "capital",
        "moscow",
        "svetlana",
        "kuznetsova",
        "success",
        "cornet",
        "tsvetana",
        "pironkova",
        "petra",
        "set",
        "voskoboeva",
        "zakopalova",
        "savchuk",
        "bogomolov",
        "jr",
        "fought",
        "kukushkin",
        "kazakh",
        "lukas",
        "dimitry",
        "tursunov",
        "home",
        "town",
        "win",
        "ramos",
        "muller",
        "way",
        "konstantin",
        "kravchuk"
    ],
    "category": [
        "sport",
        "tennis"
    ]
}