{
    "title": "Cook resigns from Man City position",
    "url": "https://edition.cnn.com/2011/09/09/sport/football/football-manchester-city-cook/index.html",
    "date": "2011-09-09",
    "keywords": [
        "city",
        "cook",
        "club",
        "email",
        "resignation",
        "position",
        "premier",
        "league",
        "mother",
        "error",
        "judgment",
        "executive",
        "garry",
        "player",
        "onuoha",
        "statement",
        "football",
        "matter",
        "mubarak",
        "story",
        "cnn",
        "citys",
        "post",
        "anthonia",
        "defender",
        "cancer",
        "investigation",
        "privilege",
        "part",
        "focus",
        "factor",
        "decision",
        "chairman",
        "letter",
        "apology",
        "content",
        "official",
        "marwood",
        "dr",
        "agent",
        "reference",
        "ability",
        "contract",
        "dispute",
        "illness",
        "way",
        "lead",
        "level",
        "organization",
        "staff",
        "supporter",
        "community",
        "activity",
        "growth",
        "direction",
        "table",
        "goal",
        "difference"
    ],
    "category": [
        "sport",
        "football"
    ]
}