{
    "title": "Liverpool waiting on Gerrard news",
    "url": "https://edition.cnn.com/2011/10/31/sport/football/football-liverpool-gerrard-carragher/index.html",
    "date": "2011-10-31",
    "keywords": [
        "dalglish",
        "gerrard",
        "carragher",
        "liverpool",
        "infection",
        "match",
        "captain",
        "defender",
        "jamie",
        "injury",
        "england",
        "calf",
        "strain",
        "week",
        "club",
        "duo",
        "squad",
        "story",
        "brom",
        "extent",
        "playing",
        "albion",
        "manager",
        "kenny",
        "right",
        "ankle",
        "groin",
        "midfielder",
        "premier",
        "league",
        "season",
        "fitness",
        "press",
        "conference",
        "steven",
        "mind",
        "game",
        "today",
        "tomorrow",
        "idea",
        "monday",
        "tuesday",
        "anfield",
        "delight",
        "football",
        "contribution",
        "reflection",
        "strength",
        "talisman",
        "performance",
        "youth",
        "academy",
        "part",
        "team",
        "penalty",
        "shootout",
        "victory",
        "side",
        "ac",
        "milan",
        "home",
        "city",
        "saturday"
    ],
    "category": [
        "sport",
        "football"
    ]
}