{
    "title": "Slattery holds one-stroke Madrid lead",
    "url": "https://edition.cnn.com/2011/10/07/sport/golf/golf-madrid-masters-slattery/index.html",
    "date": "2011-10-07",
    "keywords": [
        "round",
        "slattery",
        "stroke",
        "molinari",
        "tour",
        "champion",
        "francesco",
        "eduardo",
        "world",
        "number",
        "luke",
        "donald",
        "pace",
        "lead",
        "position",
        "card",
        "course",
        "feeling",
        "ball",
        "story",
        "sixunderparr",
        "englishman",
        "cnn",
        "halfway",
        "stage",
        "el",
        "golf",
        "year",
        "tournament",
        "total",
        "ryder",
        "cup",
        "star",
        "italy",
        "lorenzo",
        "gagli",
        "place",
        "brett",
        "rumford",
        "leader",
        "ross",
        "shot",
        "one",
        "race",
        "lee",
        "fight",
        "qualification",
        "today",
        "everything",
        "smack",
        "tee",
        "game",
        "dont",
        "hsbc",
        "fiveunderpar",
        "im",
        "summer",
        "wind",
        "rory",
        "mcilroy",
        "ye",
        "yang",
        "rickie",
        "fowler",
        "group",
        "vie",
        "share",
        "korea",
        "cheonan",
        "trio",
        "mo",
        "joongkyung",
        "bronson",
        "lacassie",
        "meenwhee",
        "chasing",
        "pack"
    ],
    "category": [
        "sport",
        "golf"
    ]
}