{
    "title": "Scientists: Particles appear to travel faster than light",
    "url": "https://edition.cnn.com/2011/09/23/world/europe/switzerland-science/index.html",
    "date": "2011-09-24",
    "keywords": [
        "speed",
        "opera",
        "experiment",
        "cern",
        "switzerland",
        "result",
        "research",
        "university",
        "project",
        "finding",
        "head",
        "neutrino",
        "whole",
        "part",
        "building",
        "light",
        "italy",
        "home",
        "scrutiny",
        "effect",
        "professor",
        "particle",
        "universe",
        "world",
        "laboratory",
        "limit",
        "team",
        "measurement",
        "stirling",
        "story",
        "cnn",
        "nature",
        "fraction",
        "sooner",
        "report",
        "group",
        "organization",
        "hadron",
        "collider",
        "spokesman",
        "bern",
        "worldwide",
        "community",
        "theory",
        "relativity",
        "law",
        "nothing",
        "neville",
        "oxford",
        "seminar",
        "afternoon",
        "ultraexciting",
        "development",
        "blue",
        "observation",
        "sent",
        "gran",
        "sasso",
        "block",
        "distance",
        "time",
        "precision",
        "accuracy",
        "travel",
        "velocity",
        "cambridge",
        "degree",
        "violation",
        "director",
        "practice",
        "artifact",
        "procedure",
        "view",
        "ereditato",
        "magnitude",
        "impact",
        "science",
        "news",
        "release",
        "reaction",
        "error",
        "play",
        "discovery",
        "process",
        "decay",
        "mass",
        "matter",
        "anything",
        "handful",
        "harnew",
        "japan",
        "t2k",
        "fermilab",
        "illinois",
        "type",
        "thereby"
    ],
    "category": [
        "world",
        "europe"
    ]
}