{
    "title": "Spain\u2019s Catalonia region bans centuries-old bullfighting",
    "url": "https://edition.cnn.com/2011/09/25/world/europe/spain-bullfighting-ban/index.html",
    "date": "2011-09-26",
    "keywords": [
        "sport",
        "spain",
        "catalonia",
        "region",
        "culture",
        "bullfighting",
        "bullfight",
        "la",
        "story",
        "tradition",
        "cnn",
        "arena",
        "catalonias",
        "bugle",
        "end",
        "era",
        "sunday",
        "barcelona",
        "facility",
        "year",
        "parliament",
        "spectacle",
        "roaring",
        "crowd",
        "matador",
        "jose",
        "tomas",
        "suit",
        "curtain",
        "bade",
        "soldout",
        "type",
        "show",
        "cruel",
        "martinez",
        "bullfighting_00004413",
        "video",
        "crowds",
        "ring",
        "sand",
        "police",
        "protester",
        "fact",
        "aberration",
        "crisis",
        "history",
        "art",
        "form",
        "francisco",
        "manet",
        "writer",
        "hemingway",
        "follower",
        "nobody",
        "life",
        "way",
        "sun",
        "corridas",
        "ban",
        "part",
        "activist",
        "torture",
        "abuse",
        "bull",
        "purpose",
        "voyeurism",
        "tve",
        "northeast",
        "country",
        "helena",
        "report"
    ],
    "category": [
        "world",
        "europe"
    ]
}