{
    "title": "Amanda Knox freed, but truth about student\u2019s slaying elusive",
    "url": "https://edition.cnn.com/2011/10/03/world/europe/italy-knox-analysis/index.html",
    "date": "2011-10-04",
    "keywords": [
        "knox",
        "defense",
        "jury",
        "sollecito",
        "evidence",
        "dna",
        "prosecution",
        "death",
        "lawyer",
        "kercher",
        "case",
        "video",
        "crime",
        "roommate",
        "murder",
        "meredith",
        "seattle",
        "character",
        "courtroom",
        "verdict",
        "end",
        "appeal",
        "sollecitos",
        "room",
        "court",
        "scene",
        "story",
        "involvement",
        "cnn",
        "shedevil",
        "angelic",
        "compassionate",
        "carlo",
        "man",
        "week",
        "knoxy",
        "press",
        "exoneration",
        "monday",
        "girl",
        "conviction",
        "jk",
        "nadeau",
        "toobin",
        "italy",
        "court_00003515",
        "ruling",
        "reax_00000224",
        "joy",
        "cooperkercherprofile_00003821",
        "victim",
        "assassination",
        "fatale",
        "world",
        "giulia",
        "bongiorno",
        "theory",
        "closing",
        "argument",
        "hourglassshaped",
        "movie",
        "roger",
        "rabbit",
        "way",
        "connection",
        "prison",
        "gasp",
        "boyfriend",
        "release",
        "lasting",
        "retrial",
        "understood",
        "britain",
        "police",
        "knife",
        "home",
        "blade",
        "handle",
        "bra",
        "clasp",
        "material",
        "sloppiness",
        "request",
        "judge",
        "culture",
        "obsession",
        "alibis",
        "night",
        "body",
        "bed",
        "cell",
        "computer",
        "time",
        "team",
        "trace",
        "work",
        "drifter",
        "rudy",
        "guede",
        "luciano"
    ],
    "category": [
        "world",
        "europe"
    ]
}