{
    "title": "Archaeologists unearth Viking boat burial in Scottish Highlands",
    "url": "https://edition.cnn.com/2011/10/19/world/europe/uk-viking-boat-burial/index.html",
    "date": "2011-10-19",
    "keywords": [
        "boat",
        "burial",
        "ardnamurchan",
        "status",
        "man",
        "find",
        "story",
        "shield",
        "spear",
        "pin",
        "grave",
        "discovery",
        "norse",
        "britain",
        "part",
        "viking",
        "archaeologist",
        "dr",
        "cobb",
        "university",
        "area",
        "lifetime",
        "sort",
        "thing",
        "boy",
        "site",
        "harris",
        "team",
        "body",
        "warrior",
        "sword",
        "ax",
        "kind",
        "mainland",
        "countrys",
        "project",
        "codirector",
        "hannah",
        "manchester",
        "addition",
        "preservation",
        "number",
        "peninsula",
        "coast",
        "history",
        "habitation",
        "tomb",
        "age",
        "monument",
        "century",
        "highland",
        "bunch",
        "cnn",
        "knife",
        "bronze",
        "ireland",
        "whetstone",
        "norway",
        "pottery",
        "prism",
        "video",
        "metal",
        "wood",
        "identity",
        "course",
        "name",
        "anything",
        "figure",
        "somebody",
        "rest",
        "summer",
        "year"
    ],
    "category": [
        "world",
        "europe"
    ]
}