{
    "title": "Turkey quake toll rises as leaders mull moving homes at risk",
    "url": "https://edition.cnn.com/2011/10/29/world/europe/turkey-quake/index.html",
    "date": "2011-10-29",
    "keywords": [
        "quake",
        "ercis",
        "center",
        "agency",
        "government",
        "law",
        "minister",
        "crisis",
        "town",
        "van",
        "province",
        "earthquake",
        "turkey",
        "anatolia",
        "rescue",
        "atalay",
        "end",
        "relief",
        "video",
        "story",
        "death",
        "toll",
        "aid",
        "number",
        "weekend",
        "staterun",
        "news",
        "tally",
        "week",
        "deputy",
        "besir",
        "wreckage",
        "night",
        "city",
        "search",
        "apartment",
        "day",
        "rubble",
        "thursday",
        "friday",
        "total",
        "aftershock",
        "temblor",
        "teen_00005023",
        "magnay",
        "guvencli",
        "recovery_00000125",
        "december",
        "evacuation",
        "risk",
        "disaster",
        "construction",
        "property",
        "management",
        "transformation",
        "help",
        "defense",
        "secretary",
        "leon",
        "panetta",
        "command",
        "hygiene",
        "pentagon",
        "cross",
        "society",
        "china",
        "ministry",
        "spokeswoman",
        "cnns",
        "sarah",
        "laura",
        "smithspark",
        "report"
    ],
    "category": [
        "world",
        "europe"
    ]
}