{
    "title": "Vettel crashes as Button sets the pace",
    "url": "https://edition.cnn.com/2011/10/07/sport/motorsport/motorsport-f1-vettel-button/index.html",
    "date": "2011-10-07",
    "keywords": [
        "vettel",
        "button",
        "world",
        "bull",
        "circuit",
        "time",
        "point",
        "championship",
        "pace",
        "champion",
        "race",
        "practice",
        "prix",
        "fernando",
        "alonso",
        "formula",
        "track",
        "winner",
        "minute",
        "tricky",
        "year",
        "teammate",
        "position",
        "story",
        "japan",
        "cnn",
        "weekend",
        "start",
        "suzuka",
        "tire",
        "wall",
        "area",
        "degner",
        "curve",
        "title",
        "jenson",
        "lap",
        "driver",
        "briton",
        "secondplace",
        "spaniard",
        "crown",
        "mistake",
        "morning",
        "moment",
        "percent",
        "awake",
        "impact",
        "damage",
        "car",
        "run",
        "plan",
        "afternoon",
        "mclaren",
        "head",
        "field",
        "f1",
        "joy",
        "feeling",
        "today",
        "bit",
        "mark",
        "michael",
        "schumacher",
        "hamilton",
        "friday",
        "sector",
        "remainder",
        "tomorrow",
        "glory"
    ],
    "category": [
        "sport",
        "motorsport"
    ]
}