{
    "title": "UK offers apology but no inquiry over 1989 Belfast murder",
    "url": "https://edition.cnn.com/2011/10/12/world/europe/northern-ireland-finucane/index.html",
    "date": "2011-10-12",
    "keywords": [
        "inquiry",
        "finucane",
        "government",
        "cameron",
        "ireland",
        "minister",
        "killing",
        "murder",
        "paterson",
        "way",
        "truth",
        "pat",
        "state",
        "collusion",
        "david",
        "secretary",
        "kingdom",
        "lawyer",
        "thing",
        "family",
        "house",
        "review",
        "today",
        "ira",
        "apology",
        "behalf",
        "story",
        "police",
        "informant",
        "widow",
        "everyone",
        "public",
        "answer",
        "geraldine",
        "meeting",
        "tuesday",
        "decision",
        "street",
        "offer",
        "security",
        "force",
        "gang",
        "front",
        "wife",
        "belfast",
        "home",
        "loyalist",
        "member",
        "informer",
        "douglas",
        "hogg",
        "anger",
        "parliament",
        "cause",
        "end",
        "healer",
        "acknowledgment",
        "saville",
        "process",
        "lengthy",
        "bloody",
        "owen",
        "wednesday"
    ],
    "category": [
        "world",
        "europe"
    ]
}