{
    "title": "Q&A: Who can inherit the British throne",
    "url": "https://edition.cnn.com/2011/10/28/world/europe/royal-succession-qa/index.html",
    "date": "2013-06-25",
    "keywords": [
        "william",
        "throne",
        "prince",
        "act",
        "succession",
        "commonwealth",
        "catherine",
        "head",
        "david",
        "church",
        "marriage",
        "duchess",
        "cambridge",
        "son",
        "birmingham",
        "right",
        "roman",
        "child",
        "daughter",
        "duke",
        "england",
        "issue",
        "state",
        "cameron",
        "heir",
        "monarchy",
        "settlement",
        "catholic",
        "line",
        "focus",
        "cnn",
        "meeting",
        "middleton",
        "video",
        "royal",
        "time",
        "law",
        "spokesman",
        "speech",
        "way",
        "monarch",
        "family",
        "crown",
        "sovereign",
        "defender",
        "legislation",
        "st",
        "story",
        "wife",
        "kate",
        "palace",
        "perth",
        "pregnant_00051316",
        "baby",
        "athlete",
        "workshop",
        "copperbox",
        "arena",
        "olympic",
        "park",
        "london",
        "karwai",
        "gallery",
        "unveiling",
        "victoria",
        "cross",
        "paving",
        "world",
        "war",
        "hall",
        "memory",
        "square",
        "december",
        "service",
        "bishop",
        "rtrev",
        "urquhart",
        "mayor",
        "councillor",
        "raymond",
        "hassall",
        "photo",
        "richard",
        "stonehousegetty",
        "photos",
        "background",
        "debate",
        "change",
        "uk",
        "parliament",
        "agreement",
        "royalty",
        "minister",
        "office",
        "april",
        "couple",
        "idea",
        "elder",
        "man",
        "thinking"
    ],
    "category": [
        "world",
        "europe"
    ]
}