{
    "title": "Will the Greek government survive the debt crisis?",
    "url": "https://edition.cnn.com/2011/11/03/world/europe/greece-debt-government/index.html",
    "date": "2011-11-03",
    "keywords": [
        "referendum",
        "greece",
        "euro",
        "government",
        "papandreou",
        "minister",
        "bailout",
        "deal",
        "cabinet",
        "vote",
        "zone",
        "party",
        "crisis",
        "video",
        "point",
        "meeting",
        "debt",
        "support",
        "opposition",
        "stage",
        "package",
        "austerity",
        "rossi",
        "economy",
        "europe",
        "george",
        "emergency",
        "confidence",
        "pressure",
        "finance",
        "future",
        "president",
        "sarkozy",
        "plan",
        "germany",
        "stake",
        "pasok",
        "majority",
        "professor",
        "university",
        "thing",
        "election",
        "week",
        "fund",
        "cnn",
        "public",
        "currency",
        "sector",
        "move",
        "school",
        "rest",
        "maryland",
        "story",
        "announcement",
        "evangelos",
        "venizelos",
        "nothing",
        "germanys",
        "angela",
        "merkel",
        "pleitgen",
        "crisis_00000000",
        "important_00002103",
        "crisis_00001709",
        "obama",
        "right",
        "pm",
        "survive",
        "test",
        "hardwon",
        "assistant",
        "twente",
        "resentment",
        "opinion",
        "term",
        "gemenis",
        "power",
        "leader",
        "democracy",
        "antonis",
        "thursday",
        "countrys",
        "one",
        "need",
        "action",
        "tranche",
        "uncertainty",
        "money",
        "turmoil",
        "commission",
        "manuel",
        "barroso",
        "appeal",
        "unity",
        "country",
        "antiausterity",
        "mandate",
        "shock",
        "system",
        "agreement"
    ],
    "category": [
        "world",
        "europe"
    ]
}