{
    "title": "Medvedev said he cedes presidency bid to Putin because he is more popular",
    "url": "https://edition.cnn.com/2011/09/30/world/europe/medvedev-putin-popularity/index.html",
    "date": "2011-09-30",
    "keywords": [
        "putin",
        "medvedev",
        "president",
        "party",
        "minister",
        "force",
        "russia",
        "december",
        "term",
        "chance",
        "belong",
        "presidency",
        "politician",
        "country",
        "rating",
        "interview",
        "ruling",
        "cent",
        "march",
        "constitution",
        "story",
        "moscow",
        "cnn",
        "dmitry",
        "friday",
        "bid",
        "countrys",
        "vladimir",
        "latter",
        "tv",
        "opinion",
        "popularity",
        "poll",
        "levada",
        "center",
        "approval",
        "stood",
        "september",
        "television",
        "compete",
        "quarrel",
        "run_00011326",
        "video",
        "instance",
        "barack",
        "secretary",
        "state",
        "clinton",
        "nomination",
        "election",
        "decision",
        "result",
        "ambition",
        "outcome",
        "deceitful",
        "congress",
        "turn",
        "role",
        "swap",
        "announcement",
        "speculation",
        "successor",
        "time",
        "office",
        "charge"
    ],
    "category": [
        "world",
        "europe"
    ]
}