{
    "title": "Greece\u2019s prime minister optimistic referendum will pass",
    "url": "https://edition.cnn.com/2011/11/02/world/europe/greece-debt/index.html",
    "date": "2011-11-08",
    "keywords": [
        "referendum",
        "greece",
        "papandreou",
        "euro",
        "deal",
        "news",
        "sarkozy",
        "zone",
        "video",
        "bailout",
        "plan",
        "summit",
        "tuesday",
        "call",
        "cnn",
        "minister",
        "wednesday",
        "vote",
        "tranche",
        "week",
        "debt",
        "government",
        "g20",
        "france",
        "partner",
        "stake",
        "merkel",
        "uncertainty",
        "program",
        "move",
        "opposition",
        "survey",
        "story",
        "cabinet",
        "optimism",
        "europe",
        "president",
        "conference",
        "germany",
        "velshi",
        "fund",
        "statement",
        "imf",
        "agreement",
        "china",
        "country",
        "council",
        "agency",
        "power",
        "election",
        "party",
        "majority",
        "leader",
        "george",
        "december",
        "austerity",
        "membership",
        "club",
        "face",
        "threat",
        "resort",
        "town",
        "coast",
        "chancellor",
        "angela",
        "wording",
        "yes",
        "confidence",
        "parliament",
        "friday",
        "fate",
        "battle",
        "process",
        "statements_00003719",
        "total",
        "pulse",
        "people_00002820",
        "greeks",
        "director",
        "christine",
        "lagarde",
        "october",
        "belttightening",
        "referendum_00011812",
        "eu",
        "area",
        "reduction",
        "burden",
        "support",
        "growth",
        "pleitgen",
        "wbt",
        "view",
        "indication",
        "recommendation",
        "executive",
        "board",
        "loan",
        "withholding",
        "everything"
    ],
    "category": [
        "world",
        "europe"
    ]
}