{
    "title": "Emotions run high as Manchester United mark Ferguson\u2019s 25th anniversary",
    "url": "https://edition.cnn.com/2011/11/05/sport/football/football-ferguson-manchester-united-city/index.html",
    "date": "2011-11-05",
    "keywords": [
        "ferguson",
        "league",
        "home",
        "goal",
        "win",
        "city",
        "defender",
        "season",
        "sunderland",
        "place",
        "victory",
        "halftime",
        "team",
        "side",
        "manager",
        "time",
        "bruce",
        "minute",
        "day",
        "chelsea",
        "striker",
        "strike",
        "trafford",
        "blackburn",
        "manchester",
        "premier",
        "stand",
        "club",
        "match",
        "owngoal",
        "challenge",
        "man",
        "charlton",
        "bit",
        "terry",
        "shot",
        "qpr",
        "midfielder",
        "draw",
        "liverpool",
        "story",
        "cnn",
        "celebration",
        "scot",
        "football",
        "status",
        "history",
        "honor",
        "section",
        "sculptor",
        "philip",
        "jackson",
        "statue",
        "entrance",
        "year",
        "fantastic",
        "wes",
        "brown",
        "table",
        "kickoff",
        "quote",
        "surely",
        "fking",
        "perchand",
        "title",
        "record",
        "aim",
        "gallery",
        "alex",
        "video",
        "bobby",
        "mason",
        "penalty",
        "linesman",
        "jake",
        "collin",
        "phil",
        "ball",
        "decision",
        "whistle",
        "everything",
        "hype",
        "anniversary",
        "air",
        "disaster",
        "today",
        "player",
        "boss",
        "glass",
        "wine",
        "age",
        "result",
        "tribute",
        "anything",
        "finger",
        "pulse",
        "list",
        "roberto",
        "mancinis",
        "midweek"
    ],
    "category": [
        "sport",
        "football"
    ]
}