{
    "title": "Cricketer Warne engaged to actress Hurley",
    "url": "https://edition.cnn.com/2011/10/02/world/europe/warne-hurley-engagement/index.html",
    "date": "2011-10-02",
    "keywords": [
        "cricket",
        "part",
        "warne",
        "couple",
        "test",
        "actress",
        "hurley",
        "story",
        "shane",
        "news",
        "twitter",
        "friday",
        "game",
        "captain",
        "scotland",
        "london",
        "cnn",
        "elizabeth",
        "sunday",
        "picture",
        "golf",
        "championship",
        "tournament",
        "statement",
        "course",
        "hotel",
        "marriage",
        "nayar",
        "divorce",
        "june",
        "son",
        "relationship",
        "girlfriend",
        "actor",
        "hugh",
        "grant",
        "attention",
        "versace",
        "dress",
        "safety",
        "man",
        "mystery",
        "time",
        "form",
        "ponting",
        "end",
        "era",
        "separation",
        "wife",
        "simone",
        "cricinfo",
        "pantomime",
        "hospital",
        "drama",
        "ceremony",
        "hattrick",
        "manofthematch",
        "prize",
        "world",
        "cup",
        "subject",
        "cricketer",
        "player",
        "australia",
        "ball",
        "leg",
        "stump",
        "history",
        "champion",
        "fast"
    ],
    "category": [
        "world",
        "europe"
    ]
}