{
    "title": "Charlton: Ferguson is a genius",
    "url": "https://edition.cnn.com/2011/11/03/sport/football/football-united-charlton-ferguson/index.html",
    "date": "2011-11-03",
    "keywords": [
        "charlton",
        "ferguson",
        "player",
        "man",
        "manager",
        "world",
        "cup",
        "england",
        "game",
        "bobby",
        "cantona",
        "club",
        "football",
        "league",
        "matter",
        "room",
        "genius",
        "month",
        "director",
        "cnn",
        "gothenburg",
        "title",
        "win",
        "stadium",
        "striker",
        "time",
        "team",
        "alex",
        "anyone",
        "mind",
        "year",
        "thing",
        "record",
        "fa",
        "everybody",
        "story",
        "winner",
        "city",
        "aberdeen",
        "duopoly",
        "division",
        "clash",
        "courtesy",
        "john",
        "hewitts",
        "goal",
        "moment",
        "manchester",
        "glaswegian",
        "trafford",
        "madrid",
        "line",
        "video",
        "minute",
        "triumphs",
        "part",
        "career",
        "knowledge",
        "lad",
        "scotland",
        "coach",
        "eye",
        "quarter",
        "century",
        "helm",
        "signing",
        "ronaldo",
        "lisbon",
        "transfer",
        "fee",
        "rooney",
        "rio",
        "ferdinand",
        "dutch",
        "ruud",
        "van",
        "nistelrooy",
        "doubt",
        "acquisition",
        "business",
        "frenchman",
        "premier",
        "fiveyear",
        "spell",
        "daze",
        "eras",
        "footballer",
        "bit",
        "somebody",
        "pinnacle",
        "comeback",
        "victory",
        "side",
        "bayern",
        "munich",
        "glory",
        "camp",
        "feat",
        "history",
        "end"
    ],
    "category": [
        "sport",
        "football"
    ]
}