{
    "title": "Spain take commanding Davis Cup lead over France",
    "url": "https://edition.cnn.com/2011/09/16/sport/tennis/tennis-davis-cup-semis/index.html",
    "date": "2011-09-16",
    "keywords": [
        "opening",
        "nadal",
        "ferrer",
        "argentina",
        "way",
        "france",
        "cordoba",
        "rafael",
        "david",
        "cup",
        "world",
        "success",
        "gasquet",
        "time",
        "match",
        "no1",
        "defeat",
        "story",
        "loss",
        "withdraws",
        "cnn",
        "brink",
        "davis",
        "fashion",
        "clay",
        "duo",
        "number",
        "week",
        "ball",
        "win",
        "bid",
        "glory",
        "heat",
        "slam",
        "winner",
        "performance",
        "head",
        "concentration",
        "minute",
        "service",
        "despondent",
        "player",
        "spain",
        "trophy",
        "lopez",
        "job",
        "saturday",
        "michael",
        "llodra",
        "tsonga",
        "mountain",
        "order",
        "title",
        "front",
        "belgrade",
        "victor",
        "djokovic",
        "fatigue",
        "injury",
        "champion",
        "juan",
        "martin",
        "potro",
        "janko",
        "victory",
        "place",
        "told",
        "absence",
        "yesterday",
        "anyone",
        "form",
        "history"
    ],
    "category": [
        "sport",
        "tennis"
    ]
}