{
    "title": "Former IRA commander to run for president of Ireland",
    "url": "https://edition.cnn.com/2011/09/16/world/europe/ireland-president/index.html",
    "date": "2011-09-18",
    "keywords": [
        "president",
        "ireland",
        "mcguinness",
        "sinn",
        "fein",
        "office",
        "election",
        "leader",
        "peace",
        "process",
        "minister",
        "friday",
        "support",
        "martin",
        "month",
        "deputy",
        "party",
        "campaign",
        "robinson",
        "head",
        "state",
        "mcaleese",
        "platform",
        "story",
        "cnn",
        "candidate",
        "republic",
        "member",
        "officer",
        "board",
        "recommendation",
        "council",
        "sunday",
        "vote",
        "formality",
        "conflict",
        "death",
        "dissident",
        "ira",
        "splinter",
        "government",
        "position",
        "week",
        "peter",
        "investment",
        "mission",
        "post",
        "guardian",
        "constitution",
        "power",
        "court",
        "end",
        "term",
        "visit",
        "barack",
        "obama",
        "country",
        "gerry",
        "predecessor",
        "time",
        "challenge",
        "leadership",
        "adams",
        "honor",
        "republican",
        "work",
        "footing",
        "reconciliation",
        "unity",
        "hope",
        "genius",
        "integrity",
        "island",
        "diaspora",
        "senator",
        "david",
        "norris",
        "race",
        "withdrew",
        "contest",
        "bid",
        "plea",
        "clemency",
        "lover",
        "rape",
        "boy",
        "israel",
        "television",
        "night",
        "mind",
        "outpouring",
        "name",
        "ballot",
        "paper"
    ],
    "category": [
        "world",
        "europe"
    ]
}