{
    "title": "Amanda Knox pleads for her freedom as murder appeal ends",
    "url": "https://edition.cnn.com/2011/10/03/world/europe/italy-knox-appeal-archive/index.html",
    "date": "2011-10-03",
    "keywords": [
        "knox",
        "court",
        "kercher",
        "sollecito",
        "appeal",
        "family",
        "dna",
        "amanda",
        "defense",
        "conviction",
        "havent",
        "university",
        "jury",
        "murder",
        "raffaele",
        "knoxs",
        "voice",
        "life",
        "person",
        "way",
        "face",
        "meredith",
        "statement",
        "night",
        "lawyer",
        "crime",
        "june",
        "guede",
        "sentence",
        "roommate",
        "monday",
        "thing",
        "hope",
        "evidence",
        "stephanie",
        "justice",
        "case",
        "knife",
        "bra",
        "clasp",
        "outcome",
        "rabbit",
        "time",
        "rudy",
        "hearing",
        "letter",
        "story",
        "perugia",
        "italy",
        "suspicion",
        "picturesque",
        "town",
        "emotion",
        "speech",
        "breath",
        "ok",
        "crux",
        "plea",
        "suffering",
        "trust",
        "police",
        "basis",
        "something",
        "exchange",
        "student",
        "place",
        "short",
        "someone",
        "truth",
        "world",
        "word",
        "plastic",
        "bracelet",
        "wrist",
        "closing",
        "end",
        "moment",
        "inaudibility",
        "part",
        "history",
        "future",
        "anybody",
        "couple",
        "hand",
        "thesis",
        "girl",
        "ruling",
        "morning",
        "rocco",
        "member",
        "parliament",
        "chapel",
        "girlanda",
        "advocate",
        "lawmaker",
        "home",
        "assault",
        "december",
        "victim",
        "week"
    ],
    "category": [
        "world",
        "europe"
    ]
}