{
    "title": "Swedish poet wins Nobel Literature prize",
    "url": "https://edition.cnn.com/2011/10/06/world/europe/sweden-nobel-literature/index.html",
    "date": "2011-10-06",
    "keywords": [
        "award",
        "prize",
        "literature",
        "poet",
        "academy",
        "university",
        "writer",
        "year",
        "transtromer",
        "committee",
        "nobel",
        "anything",
        "cheer",
        "tomas",
        "spokeswoman",
        "mario",
        "vargas",
        "llosa",
        "discovery",
        "story",
        "dylan",
        "haruki",
        "murakami",
        "everyone",
        "translucent",
        "access",
        "julia",
        "scriptwriter",
        "house",
        "captain",
        "pantoja",
        "service",
        "storyteller",
        "tendency",
        "herta",
        "muller",
        "jeanmarie",
        "clezio",
        "worldwide",
        "reputation",
        "playwright",
        "harold",
        "pinter",
        "realist",
        "gabriel",
        "garcia",
        "marquez",
        "novelist",
        "toni",
        "morrison",
        "date",
        "griffin",
        "trust",
        "excellence",
        "poetry",
        "website",
        "recipient",
        "author",
        "jungle",
        "book",
        "age",
        "winner",
        "lessing",
        "chemistry",
        "scientist",
        "daniel",
        "shechtman",
        "professor",
        "institute",
        "technology",
        "perlmutter",
        "lawrence",
        "laboratory",
        "california",
        "berkeley",
        "p",
        "schmidt",
        "g",
        "riess",
        "johns",
        "space",
        "telescope",
        "science",
        "universe",
        "rate",
        "bang",
        "monday",
        "steinman",
        "biologist",
        "rockefeller",
        "beutler",
        "hoffmann",
        "physiology",
        "medicine",
        "week",
        "peace"
    ],
    "category": [
        "world",
        "europe"
    ]
}