{
    "title": "UK terror suspects appear in court",
    "url": "https://edition.cnn.com/2011/09/26/world/europe/uk-terror-charges/index.html",
    "date": "2011-09-26",
    "keywords": [
        "court",
        "terrorism",
        "ali",
        "money",
        "month",
        "custody",
        "irfan",
        "bail",
        "bahader",
        "story",
        "planning",
        "activity",
        "britain",
        "week",
        "monday",
        "bombing",
        "campaign",
        "homemade",
        "nasser",
        "khalid",
        "ashik",
        "link",
        "bailey",
        "date",
        "rahin",
        "training",
        "none",
        "appearance",
        "westminster",
        "rizwan",
        "information",
        "act",
        "terror",
        "application",
        "sweat",
        "carey",
        "jonathan",
        "report"
    ],
    "category": [
        "world",
        "europe"
    ]
}