{
    "title": "Will the Greek government survive the debt crisis?",
    "url": "https://edition.cnn.com/2011/11/02/world/europe/greece-debt-government/index.html",
    "date": "2011-11-02",
    "keywords": [
        "referendum",
        "government",
        "greece",
        "vote",
        "euro",
        "papandreou",
        "bailout",
        "party",
        "minister",
        "deal",
        "europe",
        "point",
        "confidence",
        "video",
        "support",
        "opposition",
        "rossi",
        "economy",
        "zone",
        "george",
        "debt",
        "crisis",
        "plan",
        "pasok",
        "majority",
        "professor",
        "university",
        "gemenis",
        "thing",
        "election",
        "cnn",
        "public",
        "currency",
        "sector",
        "move",
        "package",
        "rest",
        "austerity",
        "maryland",
        "stage",
        "story",
        "friday",
        "everyone",
        "pressure",
        "dismay",
        "gathering",
        "storm",
        "test",
        "cabinet",
        "hardwon",
        "assistant",
        "twente",
        "outcome",
        "pulse",
        "people_00002820",
        "greeks",
        "ctwgreekreferendumreax_00001001",
        "apostolaki",
        "nation",
        "resentment",
        "opinion",
        "term",
        "power",
        "leader",
        "democracy",
        "antonis",
        "samaras",
        "tuesday",
        "countrys",
        "future",
        "one",
        "turmoil",
        "commission",
        "president",
        "manuel",
        "barroso",
        "appeal",
        "unity",
        "country",
        "antiausterity",
        "mandate",
        "shock",
        "system",
        "stake",
        "agreement",
        "half",
        "promise",
        "fire",
        "adviser",
        "analysis",
        "firm",
        "population",
        "sure",
        "brinkmanship",
        "part",
        "result",
        "voice",
        "k",
        "candidate",
        "sais"
    ],
    "category": [
        "world",
        "europe"
    ]
}