{
    "title": "Cave art the work of prehistoric pre-schoolers",
    "url": "https://edition.cnn.com/2011/09/30/world/europe/prehistoric-cave-art/index.html",
    "date": "2011-09-30",
    "keywords": [
        "art",
        "research",
        "cooney",
        "cambridge",
        "university",
        "light",
        "hunter",
        "gatherer",
        "cavern",
        "finger",
        "fluting",
        "child",
        "fact",
        "place",
        "story",
        "system",
        "ground",
        "study",
        "period",
        "rouffignac",
        "cave",
        "bison",
        "clay",
        "age",
        "gender",
        "form",
        "width",
        "profile",
        "archaeologist",
        "jess",
        "question",
        "girl",
        "adult",
        "culture",
        "chamber",
        "playpen",
        "guinea",
        "australia",
        "guess",
        "initiation",
        "training",
        "kind",
        "something",
        "day",
        "hutlike",
        "instance",
        "aspect",
        "history",
        "academia",
        "role",
        "development"
    ],
    "category": [
        "world",
        "europe"
    ]
}