{
    "title": "F1 title race: Vettel on the verge of retaining crown",
    "url": "https://edition.cnn.com/2011/09/23/sport/motorsport/motorsport-f1-sebastian-vettel/index.html",
    "date": "2011-10-06",
    "keywords": [
        "vettel",
        "world",
        "race",
        "title",
        "button",
        "driver",
        "champion",
        "weekend",
        "circuit",
        "bull",
        "point",
        "chance",
        "jenson",
        "championship",
        "history",
        "prix",
        "fernando",
        "finish",
        "year",
        "moment",
        "target",
        "past",
        "alonso",
        "deal",
        "paper",
        "car",
        "highspeed",
        "story",
        "lead",
        "cnn",
        "fiveway",
        "shootout",
        "abu",
        "dhabi",
        "japan",
        "crown",
        "form",
        "victory",
        "brink",
        "backtoback",
        "compatriot",
        "michael",
        "schumacher",
        "standard",
        "fifth",
        "record",
        "alonsos",
        "feat",
        "renault",
        "f1",
        "singapore",
        "gp",
        "toro",
        "rosso",
        "triumph",
        "second",
        "racer",
        "combination",
        "knowing",
        "sauber",
        "haul",
        "formula",
        "nothing",
        "stage",
        "way",
        "yes",
        "reason",
        "success",
        "answer",
        "word",
        "sight",
        "consistency",
        "respect",
        "climax",
        "season",
        "contrast",
        "position",
        "marina",
        "mark",
        "webber",
        "ferraris",
        "glory",
        "situation",
        "gap",
        "adrift",
        "firstplace",
        "gulf",
        "try",
        "wait",
        "suzuka",
        "everyone",
        "pace",
        "team",
        "fight",
        "sector",
        "track",
        "package",
        "spa",
        "straightline",
        "speed"
    ],
    "category": [
        "sport",
        "motorsport"
    ]
}