{
    "title": "Fourth missing miner found dead, Wales police say",
    "url": "https://edition.cnn.com/2011/09/16/world/europe/uk-wales-mine/index.html",
    "date": "2011-09-17",
    "keywords": [
        "mine",
        "government",
        "body",
        "coal",
        "thursday",
        "hill",
        "rescue",
        "laura",
        "story",
        "man",
        "cnn",
        "search",
        "phillip",
        "neath",
        "david",
        "powell",
        "garry",
        "swansea",
        "valley",
        "police",
        "water",
        "area",
        "neighboring",
        "officer",
        "watson",
        "condition",
        "minister",
        "carwyn",
        "tribute",
        "discovery",
        "news",
        "world",
        "solidarity",
        "tragedy",
        "investigation",
        "welsh",
        "secretary",
        "cheryl",
        "gillan",
        "statement",
        "june",
        "mining",
        "industry",
        "drift",
        "side",
        "cnns",
        "perez",
        "maestro",
        "smithspark",
        "report"
    ],
    "category": [
        "world",
        "europe"
    ]
}