{
    "title": "World\u2019s largest solar bridge project gets underway",
    "url": "https://edition.cnn.com/2011/10/05/world/europe/solar-bridge-london-blackfriars/index.html",
    "date": "2011-10-05",
    "keywords": [
        "station",
        "bridge",
        "roof",
        "century",
        "network",
        "rail",
        "london",
        "electricity",
        "year",
        "power",
        "energy",
        "project",
        "statement",
        "age",
        "steam",
        "date",
        "technology",
        "railway",
        "part",
        "story",
        "array",
        "world",
        "pv",
        "completion",
        "cnn",
        "work",
        "river",
        "photovoltaic",
        "half",
        "company",
        "co2",
        "location",
        "derry",
        "executive",
        "lindsay",
        "vamplew",
        "step",
        "future",
        "upgrade",
        "owner",
        "operator",
        "infrastructure",
        "uk",
        "history",
        "city",
        "director",
        "addition",
        "sanyo",
        "co",
        "summer"
    ],
    "category": [
        "world",
        "europe"
    ]
}