{
    "title": "Key people in WikiLeaks saga are divided on Assange extradition",
    "url": "https://edition.cnn.com/2011/11/02/world/europe/wikileaks-insiders-assange-react/index.html",
    "date": "2011-11-02",
    "keywords": [
        "assange",
        "court",
        "group",
        "extradition",
        "paterson",
        "story",
        "ellsberg",
        "bradley",
        "lamo",
        "manning",
        "support",
        "exhacker",
        "ruling",
        "ego",
        "daniel",
        "pentagon",
        "hero",
        "amendment",
        "wednesday",
        "case",
        "online",
        "war",
        "year",
        "money",
        "hearing",
        "order",
        "glad",
        "editor",
        "sex",
        "battle",
        "britain",
        "saga",
        "future",
        "october",
        "possibility",
        "death",
        "knell",
        "satisfaction",
        "everything",
        "california",
        "summer",
        "wartime",
        "trove",
        "kansas",
        "light",
        "loss",
        "source",
        "iraq",
        "involvement",
        "man",
        "pressure",
        "jeff",
        "network",
        "defense",
        "courage",
        "document",
        "website",
        "majority",
        "counsel",
        "rest",
        "matter",
        "frontier",
        "foundation",
        "advocacy",
        "chill",
        "journalism",
        "danger",
        "press",
        "freedom",
        "sweden",
        "trevor",
        "timm",
        "defender",
        "front",
        "house",
        "march",
        "attention",
        "treatment",
        "end",
        "noting",
        "month",
        "news",
        "effort",
        "forum",
        "balance",
        "service",
        "country",
        "world",
        "decision"
    ],
    "category": [
        "world",
        "europe"
    ]
}