{
    "title": "Serb authorities prohibit gay pride parade",
    "url": "https://edition.cnn.com/2011/10/01/world/europe/serbia-gay-pride/index.html",
    "date": "2011-10-01",
    "keywords": [
        "parade",
        "police",
        "pride",
        "ministry",
        "statement",
        "safety",
        "gay",
        "belgrade",
        "violence",
        "story",
        "reason",
        "event",
        "molotov",
        "graffiti",
        "cnn",
        "sunday",
        "prohibition",
        "protection",
        "obstruction",
        "transport",
        "health",
        "moral",
        "department",
        "beograd",
        "parada",
        "website",
        "complaint",
        "decision",
        "october",
        "petrol",
        "bombs",
        "backing",
        "presence",
        "year",
        "way",
        "brunt",
        "sixty",
        "wake",
        "wave",
        "antigay",
        "news",
        "time",
        "march",
        "thought",
        "countrys"
    ],
    "category": [
        "world",
        "europe"
    ]
}