{
    "title": "At least 7 dead, 51 hurt in traffic \u2018fireball\u2019 in Britain",
    "url": "https://edition.cnn.com/2011/11/05/world/europe/uk-traffic-accident/index.html",
    "date": "2011-11-05",
    "keywords": [
        "somerset",
        "weather",
        "factor",
        "crash",
        "police",
        "bangham",
        "scene",
        "highway",
        "fire",
        "incident",
        "story",
        "cnn",
        "horrific",
        "traffic",
        "accident",
        "southwest",
        "england",
        "saturday",
        "assistant",
        "chief",
        "anthony",
        "ground",
        "news",
        "conference",
        "site",
        "bristol",
        "release",
        "devon",
        "rescue",
        "rain",
        "fog",
        "area",
        "fireworks",
        "display",
        "role",
        "public",
        "bravery",
        "emergency",
        "motorway",
        "part",
        "cnns",
        "robertson",
        "report"
    ],
    "category": [
        "world",
        "europe"
    ]
}