{
    "title": "Vettel dominates in Korea as Red Bull wrap up constructors\u2019 title",
    "url": "https://edition.cnn.com/2011/10/16/sport/motorsport/motorsport-korea-vettel-hamilton/index.html",
    "date": "2011-10-16",
    "keywords": [
        "vettel",
        "season",
        "champion",
        "hamilton",
        "bull",
        "webber",
        "team",
        "world",
        "prix",
        "lap",
        "race",
        "mark",
        "place",
        "title",
        "japan",
        "lead",
        "rosso",
        "story",
        "seal",
        "victory",
        "cnn",
        "sunday",
        "drive",
        "win",
        "overtook",
        "polesitter",
        "challenge",
        "meant",
        "jenson",
        "button",
        "championship",
        "ferrari",
        "weekend",
        "bed",
        "record",
        "michael",
        "schumacher",
        "flag",
        "felipe",
        "massa",
        "jaime",
        "alguersuari",
        "rosberg",
        "buemi",
        "toro",
        "rookie",
        "paul",
        "di",
        "resta",
        "force",
        "india",
        "collision",
        "petrov",
        "renault",
        "russian",
        "fault"
    ],
    "category": [
        "sport",
        "motorsport"
    ]
}