{
    "title": "YouTube \u2018backheel\u2019 sensation Theyab Awana dies in crash",
    "url": "https://edition.cnn.com/2011/09/26/sport/football/football-theyab-awana-dies/index.html",
    "date": "2011-09-26",
    "keywords": [
        "accident",
        "awana",
        "penalty",
        "football",
        "family",
        "footballer",
        "theyab",
        "car",
        "death",
        "club",
        "lebanon",
        "july",
        "world",
        "sensation",
        "traffic",
        "countrys",
        "dhabi",
        "afc",
        "cup",
        "night",
        "uae",
        "statement",
        "ball",
        "coach",
        "player",
        "nooby",
        "al",
        "story",
        "video",
        "month",
        "cnn",
        "arab",
        "internet",
        "capital",
        "abu",
        "winger",
        "bani",
        "yas",
        "fifa",
        "road",
        "association",
        "god",
        "soul",
        "year",
        "silver",
        "medal",
        "recognition",
        "corner",
        "net",
        "srecko",
        "katanec",
        "lack",
        "respect",
        "opposition",
        "youtube",
        "clip",
        "behalf",
        "community",
        "president",
        "jilong",
        "emirati",
        "division",
        "side",
        "dhafra",
        "saeed",
        "jorvan",
        "vieira",
        "newspaper",
        "gulf",
        "news",
        "hour",
        "call",
        "manager",
        "hospital",
        "time",
        "man",
        "boy"
    ],
    "category": [
        "sport",
        "football"
    ]
}