{
    "title": "Leaders Bayern brush off Leverkusen",
    "url": "https://edition.cnn.com/2011/09/24/sport/football/football-bayern-munich-leverkusen/index.html",
    "date": "2011-09-24",
    "keywords": [
        "victory",
        "club",
        "home",
        "leverkusen",
        "place",
        "minute",
        "lead",
        "defeat",
        "bayer",
        "schalke",
        "coach",
        "dortmund",
        "bayern",
        "muller",
        "scoring",
        "mainz",
        "story",
        "maintain",
        "twopoint",
        "league",
        "freiburg",
        "eighth",
        "cnn",
        "munich",
        "top",
        "bundesliga",
        "table",
        "win",
        "saturday",
        "thomas",
        "riberys",
        "cross",
        "belgium",
        "daniel",
        "van",
        "buyten",
        "shot",
        "dutch",
        "winger",
        "arjen",
        "robben",
        "end",
        "substitute",
        "return",
        "injury",
        "form",
        "visit",
        "manchester",
        "city",
        "genk",
        "competition",
        "wednesday",
        "borussia",
        "moenchengladbach",
        "briefly",
        "nuremberg",
        "captain",
        "filip",
        "goal",
        "penalty",
        "spot",
        "marco",
        "reus",
        "guidance",
        "seppo",
        "ralf",
        "rangnick",
        "health",
        "demba",
        "cisse",
        "jefferson",
        "striker",
        "klaasjan",
        "huntelaar",
        "holtby",
        "spaniard",
        "raul",
        "strike",
        "consolation",
        "hanover",
        "chance",
        "augsberg",
        "promotion",
        "volley",
        "poland",
        "rightback",
        "lukasz",
        "piszczek",
        "run",
        "trip",
        "france",
        "debut",
        "croatia",
        "midfielder",
        "ivan",
        "perisic",
        "firsthalf",
        "card",
        "defender",
        "dejagah"
    ],
    "category": [
        "sport",
        "football"
    ]
}