{
    "title": "Pilot and passenger crash into forested area in Switzerland",
    "url": "https://edition.cnn.com/2011/10/15/world/europe/swiss-plane-crash/index.html",
    "date": "2011-10-15",
    "keywords": [
        "police",
        "takeoff",
        "piper",
        "aircraft",
        "plane",
        "area",
        "canton",
        "resident",
        "story",
        "cnn",
        "saturday",
        "pilot",
        "passenger",
        "countrys",
        "neuchatel",
        "switzerland",
        "crash",
        "village",
        "fontainessurgrandson",
        "vaud",
        "airfield",
        "colombier",
        "france",
        "contact",
        "air",
        "traffic",
        "control",
        "information",
        "cause",
        "accident",
        "hotline"
    ],
    "category": [
        "world",
        "europe"
    ]
}