{
    "title": "Force India to auction F1 \u2018Art Car\u2019",
    "url": "https://edition.cnn.com/2011/10/21/sport/motorsport/motorsport-f1-force-india/index.html",
    "date": "2015-04-30",
    "keywords": [
        "car",
        "art",
        "motorsport",
        "formula",
        "force",
        "india",
        "dexter",
        "project",
        "team",
        "charity",
        "giancarlo",
        "fisichella",
        "season",
        "artist",
        "brown",
        "f1",
        "fia",
        "london",
        "initiative",
        "time",
        "ive",
        "chance",
        "mallya",
        "story",
        "cnn",
        "outfit",
        "week",
        "order",
        "money",
        "vehicle",
        "host",
        "world",
        "champion",
        "hamilton",
        "title",
        "winner",
        "fernando",
        "alonso",
        "briton",
        "jackie",
        "stewart",
        "cockpit",
        "video",
        "sale",
        "excess",
        "street",
        "hospital",
        "talent",
        "aircraft",
        "future",
        "safety",
        "challenge",
        "bodywork",
        "indias",
        "injection",
        "vijay",
        "stake",
        "painting",
        "billionaire",
        "engine",
        "battersea",
        "wednesday"
    ],
    "category": [
        "sport",
        "motorsport"
    ]
}