{
    "title": "Khan keen to keep Portugal lead as Dubai race hots up",
    "url": "https://edition.cnn.com/2011/10/14/sport/golf/golf-khan-portugal-masters/index.html",
    "date": "2011-10-14",
    "keywords": [
        "tour",
        "race",
        "khan",
        "year",
        "pressure",
        "lead",
        "golfer",
        "vilamoura",
        "leader",
        "time",
        "aguilar",
        "shadow",
        "story",
        "halfway",
        "stage",
        "event",
        "victory",
        "place",
        "cnn",
        "simon",
        "top",
        "friday",
        "sixunderpar",
        "shot",
        "firstround",
        "second",
        "level",
        "rhys",
        "world",
        "title",
        "bmw",
        "pga",
        "championship",
        "playoff",
        "course",
        "portugal",
        "enjoy",
        "something",
        "line",
        "dubai",
        "season",
        "finale",
        "december",
        "book",
        "prize",
        "im",
        "position",
        "weekend",
        "nothing",
        "card"
    ],
    "category": [
        "sport",
        "golf"
    ]
}