{
    "title": "Gyan: Al Ain move not about the money",
    "url": "https://edition.cnn.com/2011/09/19/sport/football/gyan-pinto-al-ain/index.html",
    "date": "2011-09-21",
    "keywords": [
        "league",
        "sunderland",
        "gyan",
        "club",
        "move",
        "al",
        "im",
        "football",
        "east",
        "steve",
        "life",
        "striker",
        "asamoah",
        "pedro",
        "world",
        "money",
        "coach",
        "bruce",
        "loan",
        "player",
        "manager",
        "premier",
        "everything",
        "city",
        "step",
        "season",
        "story",
        "pinto",
        "epl",
        "isnt",
        "arab",
        "ghanaian",
        "blood",
        "confrontation",
        "anyone",
        "family",
        "decision",
        "oasis",
        "deep",
        "desert",
        "transfer",
        "game",
        "start",
        "regret",
        "future",
        "asia",
        "host",
        "maradona",
        "charge",
        "dubai",
        "wasl",
        "france",
        "david",
        "trezeguet",
        "bani",
        "yas",
        "inter",
        "milan",
        "luis",
        "jimenez",
        "jazira",
        "manchester",
        "owner",
        "bin",
        "whilst",
        "situation",
        "fa",
        "control",
        "june",
        "draw",
        "standard",
        "premiership",
        "exposure",
        "africa",
        "europe",
        "lot",
        "playersand"
    ],
    "category": [
        "sport",
        "football"
    ]
}