{
    "title": "Kingston leads on low-scoring day in Portugal",
    "url": "https://edition.cnn.com/2011/10/13/sport/golf/golf-portugal-kingston-montgomerie/index.html",
    "date": "2011-10-13",
    "keywords": [
        "round",
        "tour",
        "eightunder",
        "vilamoura",
        "bjorn",
        "group",
        "colin",
        "fiveunder",
        "day",
        "world",
        "number",
        "story",
        "denmark",
        "shot",
        "card",
        "cnn",
        "veteran",
        "clutch",
        "name",
        "order",
        "run",
        "lead",
        "par",
        "simon",
        "khan",
        "england",
        "maybin",
        "welshman",
        "rhys",
        "wiesberger",
        "austria",
        "inform",
        "win",
        "season",
        "race",
        "kingston",
        "couldnt",
        "board",
        "week",
        "official",
        "martin",
        "kaymer",
        "tournament",
        "scoring",
        "word",
        "mark",
        "ryder",
        "cup",
        "montgomerie",
        "winner",
        "harrington",
        "ireland",
        "champion",
        "richard",
        "green",
        "australia",
        "daly",
        "webb",
        "simpson",
        "clubhouse",
        "leader",
        "sevenunderpar",
        "mcgladrey",
        "sea",
        "island",
        "luke",
        "donald",
        "weekend"
    ],
    "category": [
        "sport",
        "golf"
    ]
}