{
    "title": "Champions take big lead in Seve Trophy",
    "url": "https://edition.cnn.com/2011/09/15/sport/golf/golf-seve-trophy-jimenez/index.html",
    "date": "2011-09-15",
    "keywords": [
        "jimenez",
        "tour",
        "tournament",
        "shot",
        "friend",
        "lead",
        "team",
        "europe",
        "seve",
        "van",
        "trophy",
        "spaniard",
        "britain",
        "ireland",
        "france",
        "event",
        "founder",
        "ballesteros",
        "battle",
        "brain",
        "cancer",
        "mcginley",
        "angel",
        "champion",
        "dyson",
        "player",
        "jamieson",
        "hanson",
        "jacquelin",
        "poulter",
        "rock",
        "reason",
        "everybody",
        "tribute",
        "man",
        "clarke",
        "horsey",
        "victory",
        "manassero",
        "molinari",
        "westwood",
        "foster",
        "story",
        "honor",
        "day",
        "thursday",
        "golf",
        "legend",
        "memory",
        "saintnomlabreteche",
        "tee",
        "match",
        "play",
        "captain",
        "paul",
        "end",
        "advantage",
        "compatriot",
        "pablo",
        "competition",
        "simon",
        "england",
        "margin",
        "cup",
        "ross",
        "fisher",
        "debutant",
        "scott",
        "robert",
        "inform",
        "thomas",
        "bjorn",
        "denmark",
        "season",
        "jean",
        "darren",
        "teenager",
        "matteo",
        "point",
        "francesco",
        "world",
        "lee",
        "mark",
        "hole",
        "success",
        "year",
        "counterpart",
        "velde",
        "idea",
        "something",
        "website",
        "heart",
        "miguel",
        "donaldson",
        "game",
        "face",
        "hansen"
    ],
    "category": [
        "sport",
        "golf"
    ]
}