{
    "title": "2012 African Cup of Nations draw",
    "url": "https://edition.cnn.com/2011/10/31/sport/football/football-african-nations-2012/index.html",
    "date": "2011-10-31",
    "keywords": [
        "tournament",
        "guinea",
        "cup",
        "draw",
        "bata",
        "stade",
        "dangonde",
        "libreville",
        "competition",
        "place",
        "story",
        "cnn",
        "end",
        "qualifying",
        "campaign",
        "group",
        "stage",
        "gabon",
        "showpiece",
        "woe",
        "football",
        "trio",
        "niger",
        "appearance",
        "match",
        "host",
        "libya",
        "set"
    ],
    "category": [
        "sport",
        "football"
    ]
}