{
    "title": "McIlroy extends lead in Shanghai",
    "url": "https://edition.cnn.com/2011/10/28/sport/golf/golf-shanghai-mcilroy-noh/index.html",
    "date": "2011-10-28",
    "keywords": [
        "mcilroy",
        "world",
        "round",
        "champion",
        "rory",
        "shanghai",
        "anthony",
        "day",
        "tournament",
        "story",
        "lead",
        "seungyul",
        "winner",
        "share",
        "field",
        "leader",
        "bogey",
        "number",
        "nineunder",
        "place",
        "lake",
        "malaren",
        "golf",
        "stroke",
        "louis",
        "oosthuizen",
        "kim",
        "harrington",
        "fifth",
        "sevenunder",
        "alongside",
        "mahan",
        "shot",
        "englishman",
        "poulter",
        "sixunder",
        "no2",
        "lee",
        "westwood",
        "ryder",
        "cup",
        "captain",
        "colin",
        "montgomerie",
        "duo",
        "tours",
        "prize",
        "fund"
    ],
    "category": [
        "sport",
        "golf"
    ]
}