{
    "title": "Ba treble helps Newcastle up to third",
    "url": "https://edition.cnn.com/2011/10/31/sport/football/football-newcastle-ba-stoke/index.html",
    "date": "2011-10-31",
    "keywords": [
        "ba",
        "season",
        "home",
        "hattrick",
        "stoke",
        "monday",
        "result",
        "start",
        "city",
        "sevilla",
        "position",
        "premier",
        "league",
        "win",
        "pulis",
        "minute",
        "range",
        "point",
        "granada",
        "story",
        "demba",
        "superb",
        "place",
        "target",
        "manager",
        "tony",
        "verge",
        "club",
        "ham",
        "newcastle",
        "close",
        "envy",
        "star",
        "show",
        "display",
        "gabriel",
        "right",
        "player",
        "leon",
        "shot",
        "path",
        "lifeline",
        "jonathan",
        "penalty",
        "spot",
        "peter",
        "crouch",
        "area",
        "spotkick",
        "push",
        "huth",
        "goal",
        "manchester",
        "chelsea",
        "division",
        "surprise",
        "la",
        "match",
        "defeat",
        "manu",
        "dream",
        "geijo",
        "equalizer",
        "odion",
        "igalhos",
        "crossbar",
        "mikel",
        "ricos",
        "leftfoot",
        "strike",
        "foot",
        "table",
        "process",
        "side",
        "getafe",
        "barcelona"
    ],
    "category": [
        "sport",
        "football"
    ]
}