{
    "title": "Doubles success hands Czechs Fed Cup",
    "url": "https://edition.cnn.com/2011/11/06/sport/tennis/tennis-fed-czechs-russia/index.html",
    "date": "2011-11-07",
    "keywords": [
        "cup",
        "peschke",
        "czechs",
        "russia",
        "hradecka",
        "victory",
        "rubber",
        "moscow",
        "year",
        "kvitova",
        "wimbledon",
        "tour",
        "success",
        "match",
        "part",
        "team",
        "set",
        "story",
        "petra",
        "czech",
        "republic",
        "title",
        "sunday",
        "pair",
        "kirilenko",
        "vesnina",
        "czechoslavakia",
        "clash",
        "day",
        "start",
        "anastasia",
        "pavlyuchenkova",
        "safarova",
        "specialist",
        "istanbul",
        "world",
        "number",
        "tennis",
        "svetlana"
    ],
    "category": [
        "sport",
        "tennis"
    ]
}