{
    "title": "Greece\u2019s embattled leader hails from a political dynasty",
    "url": "https://edition.cnn.com/2011/11/04/world/europe/greece-papandreou-profile/index.html",
    "date": "2011-11-04",
    "keywords": [
        "papandreou",
        "greece",
        "minnesota",
        "university",
        "minister",
        "video",
        "son",
        "family",
        "power",
        "party",
        "figure",
        "grandson",
        "run",
        "job",
        "legacy",
        "george",
        "bailout",
        "world",
        "diplomat",
        "father",
        "agreement",
        "crisis",
        "drachma",
        "euro",
        "eu",
        "decision",
        "name",
        "institution",
        "professor",
        "chant",
        "news",
        "fight",
        "liberation",
        "bid",
        "olympic",
        "story",
        "cnn",
        "turmoil",
        "eurozone",
        "protagonist",
        "drama",
        "center",
        "storm",
        "europe",
        "future",
        "line",
        "day",
        "wrangling",
        "government",
        "opposition",
        "fire",
        "call",
        "referendum",
        "package",
        "uncertainty",
        "man",
        "age",
        "student",
        "product",
        "establishment",
        "grandfather",
        "position",
        "movement",
        "pasok",
        "pm",
        "fostercrisistimetable_00010024",
        "mann",
        "drama_00001525",
        "currency",
        "dos",
        "santos",
        "ctwgreecestefanosmanos_00003318",
        "time",
        "responsibility",
        "end",
        "nation",
        "rise",
        "june",
        "st",
        "paul",
        "faculty",
        "economics",
        "post",
        "berkeley",
        "california",
        "character",
        "scott",
        "elder",
        "department",
        "newsletter",
        "cia",
        "bed",
        "commitment",
        "journalism",
        "degree",
        "twin",
        "year",
        "health",
        "letter",
        "edition"
    ],
    "category": [
        "world",
        "europe"
    ]
}