{
    "title": "Putin says another presidential term lets him \u2018stabilize, diversify\u2019 Russian economy",
    "url": "https://edition.cnn.com/2011/10/17/world/europe/russia-putin-interview/index.html",
    "date": "2011-10-17",
    "keywords": [
        "putin",
        "medvedev",
        "interview",
        "presidency",
        "dmitry",
        "minister",
        "monday",
        "president",
        "return",
        "job",
        "something",
        "bid",
        "role",
        "economy",
        "country",
        "union",
        "constitution",
        "russia",
        "configuration",
        "party",
        "december",
        "term",
        "story",
        "moscow",
        "cnn",
        "vladimir",
        "goal",
        "kremlin",
        "basis",
        "system",
        "post",
        "place",
        "turbulence",
        "demise",
        "franklin",
        "roosevelt",
        "chancellor",
        "helmut",
        "kohl",
        "office",
        "postworld",
        "war",
        "ii",
        "influence",
        "run",
        "way",
        "successor",
        "intrigue",
        "format",
        "opinion",
        "election",
        "countrys",
        "scenario",
        "period",
        "right",
        "idea",
        "power",
        "society",
        "state",
        "moment",
        "issue",
        "proposal",
        "month",
        "ruling",
        "turn",
        "swap",
        "force",
        "march",
        "charge",
        "future",
        "rule",
        "condition",
        "action",
        "problem",
        "government",
        "world",
        "crisis",
        "year",
        "inflation",
        "rate"
    ],
    "category": [
        "world",
        "europe"
    ]
}