{
    "title": "5 voices on the Greek crisis",
    "url": "https://edition.cnn.com/2011/11/03/world/europe/greece-voices/index.html",
    "date": "2011-11-04",
    "keywords": [
        "greece",
        "government",
        "debt",
        "crisis",
        "referendum",
        "caretaker",
        "minister",
        "euro",
        "zone",
        "video",
        "pressure",
        "status",
        "signal",
        "europe",
        "opposition",
        "default",
        "papandreou",
        "economy",
        "money",
        "risk",
        "story",
        "finance",
        "plan",
        "need",
        "support",
        "economist",
        "office",
        "thursday",
        "antonis",
        "parliament",
        "eu",
        "situation",
        "editor",
        "myth",
        "bankruptcy",
        "nightmare",
        "place",
        "assistance",
        "expert",
        "till",
        "journalist",
        "cnn",
        "george",
        "deal",
        "austerity",
        "announcement",
        "chaos",
        "germany",
        "france",
        "doesnt",
        "arrangement",
        "watch",
        "condition",
        "leader",
        "offer",
        "vote",
        "confidence",
        "morning",
        "afternoon",
        "anxiety_00021127",
        "exit",
        "fostercrisistimetable_00010024",
        "riversgreekdiasporauk_00020210",
        "santos",
        "eurozone",
        "cnncom",
        "uncertainty",
        "heather",
        "conley",
        "fellow",
        "director",
        "program",
        "center",
        "conclusion",
        "specialization",
        "kind",
        "spain",
        "portugal",
        "italy",
        "area",
        "something",
        "country",
        "harm",
        "economics",
        "professor",
        "university",
        "californiairvine",
        "paper",
        "timidity",
        "troika",
        "denominator",
        "response",
        "question",
        "size",
        "consent",
        "majority",
        "minority",
        "everybodys",
        "strain",
        "review"
    ],
    "category": [
        "world",
        "europe"
    ]
}