{
    "title": "Italian scientists on trial over L\u2019Aquila earthquake",
    "url": "https://edition.cnn.com/2011/09/20/world/europe/italy-quake-trial/index.html",
    "date": "2011-09-20",
    "keywords": [
        "earthquake",
        "trial",
        "laquila",
        "panel",
        "bernardinis",
        "risk",
        "activity",
        "city",
        "protection",
        "president",
        "april",
        "assessment",
        "tuesday",
        "institute",
        "vulcanology",
        "agency",
        "population",
        "science",
        "concern",
        "letter",
        "melandri",
        "meeting",
        "interview",
        "glass",
        "wine",
        "matter",
        "story",
        "manslaughter",
        "italy",
        "member",
        "generic",
        "incomplete",
        "contradictory",
        "information",
        "hearing",
        "morning",
        "tribunal",
        "compensation",
        "defendant",
        "court",
        "vice",
        "bernardo",
        "turf",
        "professionalism",
        "attention",
        "world",
        "association",
        "advancement",
        "napolitano",
        "june",
        "year",
        "indictment",
        "basis",
        "way",
        "lawyer",
        "marcello",
        "time",
        "quake",
        "professor",
        "boschi",
        "march",
        "citys",
        "commission",
        "press",
        "tv",
        "station",
        "community",
        "thing",
        "energy",
        "joke",
        "meanwhile",
        "journalist",
        "destruction",
        "loss",
        "life",
        "eugenio",
        "carlomagno",
        "one",
        "evacuation",
        "session"
    ],
    "category": [
        "world",
        "europe"
    ]
}