{
    "title": "Occupy London protesters set up tent city in the City",
    "url": "https://edition.cnn.com/2011/10/18/world/europe/occupy-london-protests/index.html",
    "date": "2011-10-18",
    "keywords": [
        "street",
        "movement",
        "system",
        "city",
        "cathedral",
        "cnn",
        "part",
        "occupy",
        "wall",
        "story",
        "shadow",
        "site",
        "saturday",
        "london",
        "stock",
        "exchange",
        "world",
        "police",
        "action",
        "g7",
        "gsevenbillion",
        "democracy",
        "nothing",
        "list",
        "video",
        "fun",
        "way",
        "camp",
        "america",
        "lot",
        "demonstration",
        "st",
        "encampment",
        "canvas",
        "sidewalk",
        "statue",
        "group",
        "york",
        "month",
        "collective",
        "boost",
        "sunday",
        "chancellor",
        "church",
        "paternoster",
        "line",
        "doubledecker",
        "nature",
        "finance",
        "makeshift",
        "campsite",
        "fuss",
        "flash",
        "pan",
        "something",
        "rector",
        "jokey",
        "friend",
        "artist",
        "protester",
        "laura",
        "christmas",
        "year",
        "government",
        "historian",
        "farhan",
        "rasheed",
        "stuff",
        "money",
        "trouble",
        "economy",
        "happening",
        "headline",
        "generation",
        "mood",
        "morning",
        "street_00033215",
        "wedding_00000321",
        "groom",
        "backdrop",
        "session",
        "musician",
        "builder",
        "home",
        "birmingham",
        "feeling",
        "stomach",
        "week",
        "passersby",
        "atmosphere",
        "camaraderie",
        "hostility",
        "food",
        "guy",
        "tourist",
        "anja",
        "kloos",
        "tent",
        "village",
        "family"
    ],
    "category": [
        "world",
        "europe"
    ]
}