{
    "title": "Short but flashy fireworks show wins worldwide notice",
    "url": "https://edition.cnn.com/2011/11/08/world/europe/scotland-fireworks/index.html",
    "date": "2011-11-08",
    "keywords": [
        "show",
        "oban",
        "scotland",
        "mccuish",
        "error",
        "company",
        "replacement",
        "winter",
        "festival",
        "guy",
        "bay",
        "display",
        "town",
        "time",
        "interest",
        "story",
        "kingdom",
        "gather",
        "year",
        "day",
        "event",
        "saturday",
        "councilman",
        "audience",
        "reaction",
        "crowd",
        "nobody",
        "money",
        "everyone",
        "pyrotechnic",
        "order",
        "accident",
        "internet",
        "world",
        "comment",
        "video",
        "spokesman",
        "thing",
        "publicity",
        "surge",
        "economy",
        "picturesque",
        "tourism",
        "association",
        "seafood",
        "capital",
        "fact",
        "part",
        "attendance",
        "incident"
    ],
    "category": [
        "world",
        "europe"
    ]
}