{
    "title": "Motorsport: Stoner claims pole in Spain",
    "url": "https://edition.cnn.com/2011/09/17/sport/motorsport/motorsport-stoner-on-pole/index.html",
    "date": "2011-09-17",
    "keywords": [
        "stoner",
        "motogp",
        "spain",
        "lorenzo",
        "row",
        "session",
        "story",
        "aragon",
        "world",
        "championship",
        "jorge",
        "valentino",
        "record",
        "honda",
        "time",
        "race",
        "teammate",
        "champion",
        "bike",
        "feeling",
        "gap",
        "crash",
        "ducati",
        "cnn",
        "leader",
        "casey",
        "position",
        "saturday",
        "lap",
        "motorland",
        "circuit",
        "minute",
        "repsol",
        "rider",
        "front",
        "dani",
        "pedrosa",
        "pole",
        "lead",
        "pair",
        "dovizioso",
        "marco",
        "simoncelli",
        "heart",
        "performance",
        "marino",
        "gp",
        "place",
        "ducatis",
        "hayden",
        "rossi",
        "opening",
        "qualifying",
        "newcomer",
        "karel",
        "abraham",
        "republic",
        "spot",
        "aoyama",
        "puniet",
        "domination",
        "miscalculation",
        "end",
        "wall",
        "website",
        "everything",
        "weekend"
    ],
    "category": [
        "sport",
        "motorsport"
    ]
}