{
    "title": "Smoky highway caused fiery British crash, police say",
    "url": "https://edition.cnn.com/2011/11/06/world/europe/uk-fatal-crash/index.html",
    "date": "2011-11-06",
    "keywords": [
        "smoke",
        "crash",
        "highway",
        "bangham",
        "event",
        "night",
        "accountability",
        "police",
        "permission",
        "story",
        "spokesman",
        "london",
        "cnn",
        "bonfire",
        "weekend",
        "england",
        "pileup",
        "dozen",
        "assistant",
        "chief",
        "constable",
        "avon",
        "department",
        "area",
        "heat",
        "stretch",
        "taunton",
        "death",
        "toll",
        "side",
        "carriageway",
        "source",
        "name",
        "eve",
        "day",
        "commemoration",
        "plot",
        "parliament",
        "assassinate",
        "king",
        "holiday",
        "evening",
        "road",
        "time",
        "hour"
    ],
    "category": [
        "world",
        "europe"
    ]
}