{
    "title": "Chandhok: Indian GP drive would be \u2018magic\u2019",
    "url": "https://edition.cnn.com/2011/09/13/sport/motorsport/motorsport-f1-chandhok-lotus/index.html",
    "date": "2011-09-13",
    "keywords": [
        "team",
        "chandhok",
        "prix",
        "driver",
        "lotus",
        "race",
        "trulli",
        "season",
        "grid",
        "future",
        "reserve",
        "cnn",
        "formula",
        "debut",
        "home",
        "month",
        "kovalainen",
        "jarno",
        "part",
        "opportunity",
        "drive",
        "weekend",
        "situation",
        "id",
        "story",
        "appearance",
        "karun",
        "country",
        "start",
        "firstchoice",
        "pecking",
        "order",
        "hrt",
        "delhi",
        "track",
        "chief",
        "deal",
        "issue",
        "racer",
        "way",
        "soccer",
        "park",
        "axe",
        "number",
        "response",
        "admission",
        "man",
        "racing",
        "moment",
        "question",
        "circuit",
        "site",
        "circle",
        "contract",
        "july",
        "place",
        "relationship",
        "doubt",
        "year",
        "yamamoto",
        "half",
        "car",
        "germany",
        "advice",
        "support",
        "professional",
        "bahrain",
        "secret",
        "desire",
        "seat",
        "decision",
        "tony",
        "ambition",
        "tonys",
        "vision",
        "love",
        "programme"
    ],
    "category": [
        "sport",
        "motorsport"
    ]
}