{
    "title": "DSK accuser describes media frenzy in book",
    "url": "https://edition.cnn.com/2011/10/13/world/europe/france-dsk-book/index.html",
    "date": "2011-10-13",
    "keywords": [
        "banon",
        "book",
        "strausskahn",
        "york",
        "tristane",
        "life",
        "name",
        "rape",
        "baboon",
        "man",
        "incident",
        "time",
        "press",
        "story",
        "dominique",
        "strausskahns",
        "writer",
        "fund",
        "head",
        "thursday",
        "case",
        "bal",
        "pig",
        "doubt",
        "news",
        "parisbound",
        "plane",
        "maid",
        "luxury",
        "hotel",
        "suite",
        "august",
        "credibility",
        "accuser",
        "nafissatou",
        "diallo",
        "bittermann",
        "imf",
        "chief",
        "complaint",
        "july",
        "office",
        "evidence",
        "aggression",
        "arrest",
        "facebook",
        "lawyer",
        "leftwing",
        "behalf",
        "someone",
        "heart",
        "reference",
        "favorite",
        "candidate",
        "hollande",
        "amount",
        "weight",
        "detail",
        "writing",
        "phone",
        "world",
        "interview",
        "point",
        "decision",
        "jury",
        "vengeance",
        "television",
        "newspaper",
        "destroy",
        "radio"
    ],
    "category": [
        "world",
        "europe"
    ]
}