{
    "title": "Bayern extend lead at top of Bundesliga after easy win",
    "url": "https://edition.cnn.com/2011/10/15/sport/football/football-bayern-bundesliga-top/index.html",
    "date": "2011-10-15",
    "keywords": [
        "home",
        "defeat",
        "penalty",
        "win",
        "lead",
        "top",
        "bundesliga",
        "berlin",
        "mario",
        "gomez",
        "chance",
        "minute",
        "striker",
        "point",
        "stuttgart",
        "kouemaha",
        "story",
        "bayer",
        "munich",
        "thumping",
        "hertha",
        "saturday",
        "allianz",
        "arena",
        "bayern",
        "league",
        "form",
        "ribery",
        "schweinsteiger",
        "half",
        "prolific",
        "victory",
        "jupp",
        "monchengladbach",
        "leverkusen",
        "andre",
        "moenchengladbach",
        "werder",
        "night",
        "position",
        "spell",
        "mandzukic",
        "nuremberg",
        "fc",
        "augsburg",
        "mainz",
        "evening",
        "schalke",
        "shock",
        "ralf",
        "fahrmann",
        "foul",
        "dorge",
        "tiffert",
        "dutch",
        "klaas",
        "jan",
        "huntelaar",
        "hour",
        "winner"
    ],
    "category": [
        "sport",
        "football"
    ]
}