{
    "title": "Blazer to step down from CONCACAF role",
    "url": "https://edition.cnn.com/2011/10/07/sport/football/football-blazer-fifa-concacaf/index.html",
    "date": "2011-10-07",
    "keywords": [
        "blazer",
        "football",
        "concacaf",
        "committee",
        "body",
        "organization",
        "world",
        "secretary",
        "executive",
        "role",
        "position",
        "time",
        "sport",
        "concacafs",
        "honor",
        "challenge",
        "year",
        "vote",
        "warner",
        "june",
        "fifa",
        "corruption",
        "head",
        "bin",
        "hammam",
        "story",
        "place",
        "chuck",
        "america",
        "caribbean",
        "association",
        "passion",
        "soccer",
        "statement",
        "website",
        "growth",
        "accomplishment",
        "close",
        "gold",
        "cup",
        "timing",
        "charge",
        "member",
        "part",
        "cups",
        "resignation",
        "chief",
        "vice",
        "president",
        "jack",
        "trinidad",
        "tobago",
        "post",
        "bribery",
        "run",
        "ballot",
        "blatter",
        "swiss",
        "rival",
        "race",
        "presidency",
        "round",
        "battle",
        "qatari",
        "ban",
        "appeal",
        "sanction"
    ],
    "category": [
        "sport",
        "football"
    ]
}