{
    "title": "Assange loses fight against extradition",
    "url": "https://edition.cnn.com/2011/11/02/world/europe/uk-wikileaks-assange/index.html",
    "date": "2011-11-03",
    "keywords": [
        "court",
        "assange",
        "sex",
        "extradition",
        "wednesday",
        "justice",
        "year",
        "case",
        "sweden",
        "month",
        "defense",
        "arrest",
        "crime",
        "country",
        "wikileaks",
        "organization",
        "information",
        "story",
        "assertion",
        "cnn",
        "editor",
        "battle",
        "kingdom",
        "john",
        "thomas",
        "ouseley",
        "team",
        "hearing",
        "house",
        "warrant",
        "today",
        "connection",
        "prosecution",
        "dispute",
        "woman",
        "condom",
        "allegation",
        "intercourse",
        "position",
        "consent",
        "belief",
        "crowd",
        "rally",
        "australian",
        "judge",
        "head",
        "attempt",
        "language",
        "system",
        "hand",
        "prosecutor",
        "claim",
        "work",
        "founder",
        "editorinchief",
        "side",
        "leaking",
        "embarrassment",
        "government",
        "iraq",
        "afghanistan",
        "pressure",
        "week",
        "publication",
        "order",
        "blockade",
        "bank",
        "mastercard",
        "paypal",
        "union",
        "revenue",
        "business",
        "site",
        "security",
        "cnns",
        "nyberg",
        "report"
    ],
    "category": [
        "world",
        "europe"
    ]
}