{
    "title": "\u2018Dream come true\u2019 for youngest winner Thompson",
    "url": "https://edition.cnn.com/2011/09/19/sport/golf/golf-lpga-lexi-thompson/index.html",
    "date": "2011-09-20",
    "keywords": [
        "thompson",
        "dad",
        "lexi",
        "course",
        "navistar",
        "lpga",
        "record",
        "joh",
        "walk",
        "side",
        "experience",
        "position",
        "story",
        "youngestever",
        "winner",
        "victory",
        "cnn",
        "delight",
        "sunday",
        "golf",
        "triumph",
        "trent",
        "senator",
        "year",
        "marlene",
        "dream",
        "life",
        "right",
        "feeling",
        "resident",
        "player",
        "age",
        "round",
        "competition",
        "compatriot",
        "tiffany",
        "alexis",
        "winner_00010210",
        "video",
        "way",
        "father",
        "scott",
        "world",
        "number",
        "fairway",
        "bag",
        "mom",
        "check",
        "win",
        "youngster",
        "warrior",
        "project",
        "charity",
        "country",
        "pin",
        "day",
        "angela",
        "stanford",
        "shot",
        "brittany",
        "lang",
        "england"
    ],
    "category": [
        "sport",
        "golf"
    ]
}