{
    "title": "Meredith Kercher: Remembering the victim",
    "url": "https://edition.cnn.com/2011/09/29/world/europe/kercher-profile/index.html",
    "date": "2015-03-26",
    "keywords": [
        "kercher",
        "family",
        "meredith",
        "knox",
        "perugia",
        "life",
        "court",
        "case",
        "conviction",
        "story",
        "death",
        "something",
        "book",
        "loss",
        "appeal",
        "retrial",
        "sollecito",
        "day",
        "knoxs",
        "september",
        "end",
        "hope",
        "hayward",
        "john",
        "daughter",
        "villa",
        "italy",
        "heart",
        "cnn",
        "interest",
        "trial",
        "amanda",
        "victim",
        "interview",
        "video",
        "florence",
        "murder",
        "wednesday",
        "time",
        "stephanie",
        "night",
        "truth",
        "nothing",
        "everyone",
        "lawyer",
        "maresca",
        "money",
        "side",
        "pain",
        "university",
        "town",
        "student",
        "chance",
        "year",
        "father",
        "telegraph",
        "sense",
        "girl",
        "newspaper",
        "world",
        "croydon",
        "service",
        "dignity",
        "raffaele",
        "prison",
        "march",
        "pairs",
        "jury",
        "evidence",
        "testimony",
        "chris",
        "fate",
        "verdict",
        "read",
        "speaking",
        "journey",
        "fact",
        "lyle",
        "brother",
        "horror",
        "conclusion",
        "francesco",
        "closing",
        "december",
        "one",
        "memoir",
        "statement",
        "mistrust",
        "opportunity",
        "share",
        "focus",
        "endless",
        "memory",
        "human",
        "deal",
        "comfort",
        "body",
        "throat",
        "airport",
        "home"
    ],
    "category": [
        "world",
        "europe"
    ]
}