{
    "title": "Mihajlovic sacked as Fiorentina coach",
    "url": "https://edition.cnn.com/2011/11/07/sport/football/football-fiorentina-mihajlovic/index.html",
    "date": "2011-11-07",
    "keywords": [
        "mihajlovic",
        "coach",
        "season",
        "serie",
        "side",
        "defeat",
        "rossi",
        "serb",
        "club",
        "inter",
        "milan",
        "playing",
        "career",
        "league",
        "palermo",
        "bologna",
        "story",
        "delio",
        "cnn",
        "midfielder",
        "sinisa",
        "fiorentina",
        "chievo",
        "sunday",
        "roma",
        "sampdoria",
        "lazio",
        "table",
        "pressure",
        "board",
        "replacement",
        "europa",
        "owner",
        "zamparini",
        "contract",
        "close",
        "thrashing",
        "month",
        "catania",
        "start",
        "succession",
        "prandelli",
        "place",
        "job",
        "roberto",
        "donadoni",
        "cagliari",
        "stefano",
        "pioli",
        "palmero",
        "piero",
        "gasperini",
        "bisoli",
        "marco",
        "giampaolo",
        "cesena"
    ],
    "category": [
        "sport",
        "football"
    ]
}