{
    "title": "Game, set and strike: Has men\u2019s tennis reached burn-out?",
    "url": "https://edition.cnn.com/2011/10/19/sport/tennis/tennis-atp-schedule-murray/index.html",
    "date": "2011-10-20",
    "keywords": [
        "tour",
        "world",
        "murray",
        "atp",
        "tennis",
        "woodforde",
        "schedule",
        "number",
        "calendar",
        "time",
        "player",
        "end",
        "strike",
        "season",
        "year",
        "exhibition",
        "scrutiny",
        "roddick",
        "action",
        "place",
        "game",
        "money",
        "way",
        "case",
        "mark",
        "slam",
        "issue",
        "tournament",
        "toll",
        "blackout",
        "period",
        "castle",
        "lot",
        "spokesman",
        "higson",
        "input",
        "feature",
        "growth",
        "story",
        "fierce",
        "reduction",
        "male",
        "question",
        "andy",
        "matter",
        "head",
        "beginning",
        "attempt",
        "sentiment",
        "kind",
        "discussion",
        "absence",
        "roger",
        "federer",
        "djokovic",
        "shanghai",
        "opinion",
        "week",
        "anything",
        "figure",
        "decade",
        "increase",
        "prize",
        "offer",
        "perception",
        "somebody",
        "duo",
        "addition",
        "hand",
        "knowledge",
        "circuit",
        "cup",
        "breather",
        "experience",
        "round",
        "event",
        "balance",
        "excellence",
        "mounting",
        "reaction",
        "thing",
        "fear",
        "agent",
        "need",
        "competition",
        "club",
        "commentator",
        "column",
        "newspaper",
        "metro",
        "mandatory",
        "pregrand",
        "commitment",
        "strain",
        "body",
        "something",
        "future",
        "talk",
        "possibility",
        "level"
    ],
    "category": [
        "sport",
        "tennis"
    ]
}