{
    "title": "Man Utd win EPL thriller",
    "url": "https://edition.cnn.com/2011/09/18/sport/football/epl/index.html",
    "date": "2011-09-19",
    "keywords": [
        "rooney",
        "chelsea",
        "penalty",
        "goal",
        "city",
        "chance",
        "clash",
        "sunday",
        "star",
        "shot",
        "home",
        "strike",
        "top",
        "premier",
        "league",
        "miss",
        "manchester",
        "fulham",
        "tottenham",
        "hotspur",
        "adebayor",
        "superb",
        "match",
        "half",
        "gea",
        "point",
        "cole",
        "shocking",
        "tackle",
        "referee",
        "dont",
        "ferguson",
        "start",
        "season",
        "side",
        "win",
        "challenge",
        "liverpool",
        "story",
        "beat",
        "stay",
        "place",
        "thrash",
        "trafford",
        "table",
        "play",
        "backside",
        "lead",
        "blunder",
        "spain",
        "world",
        "cup",
        "game",
        "piece",
        "skill",
        "team",
        "mercy",
        "leftfoot",
        "form",
        "head",
        "dimitar",
        "berbatov",
        "castiron",
        "opportunity",
        "effort",
        "line",
        "alex",
        "chris",
        "ashley",
        "kick",
        "foot",
        "level",
        "nani",
        "rasping",
        "petr",
        "cech",
        "sloppiness",
        "charge",
        "defender",
        "phil",
        "simplest",
        "injury",
        "hernandez",
        "post",
        "manager",
        "victory",
        "aguero",
        "introduction",
        "epl",
        "cottage",
        "relaxed",
        "bobby",
        "zamora",
        "murphy",
        "recovery",
        "hart",
        "lane",
        "luka",
        "adam",
        "skrtel"
    ],
    "category": [
        "sport",
        "football"
    ]
}