{
    "title": "Mourinho banned for jabbing Barca coach\u2019s eye",
    "url": "https://edition.cnn.com/2011/10/05/sport/football/football-mourinho-real-madrid-barcelona/index.html",
    "date": "2011-10-05",
    "keywords": [
        "cup",
        "match",
        "ban",
        "mourinho",
        "barcelona",
        "vilanova",
        "coach",
        "twomatch",
        "finger",
        "eye",
        "assistant",
        "tito",
        "retaliation",
        "preseason",
        "season",
        "aggregate",
        "story",
        "camp",
        "nou",
        "bustup",
        "pitchside",
        "attendance",
        "la",
        "liga",
        "end",
        "leg",
        "portuguese",
        "league",
        "del",
        "rey",
        "wednesday",
        "football",
        "absence",
        "injury",
        "lack",
        "evidence",
        "intention",
        "harm",
        "mr",
        "repeat",
        "enmity",
        "barca",
        "success",
        "marcelo",
        "tackle",
        "cesc",
        "fabregas",
        "teammate",
        "david",
        "villa",
        "ozil",
        "pitch",
        "touchline",
        "title",
        "time"
    ],
    "category": [
        "sport",
        "football"
    ]
}