{
    "title": "Italy\u2019s Berlusconi to resign as prime minister",
    "url": "https://edition.cnn.com/2011/11/08/world/europe/italy-economy/index.html",
    "date": "2011-11-08",
    "keywords": [
        "berlusconi",
        "italy",
        "government",
        "budget",
        "vote",
        "minister",
        "majority",
        "berlusconis",
        "economy",
        "video",
        "level",
        "parliament",
        "bond",
        "tuesday",
        "austerity",
        "office",
        "crisis",
        "greece",
        "party",
        "ability",
        "confidence",
        "part",
        "silvio",
        "everything",
        "thing",
        "chance",
        "passage",
        "house",
        "eurozone",
        "departure",
        "news",
        "pressure",
        "countrys",
        "time",
        "problem",
        "opposition",
        "member",
        "stability",
        "move",
        "support",
        "step",
        "league",
        "tax",
        "fund",
        "world",
        "story",
        "cnn",
        "approval",
        "finance",
        "law",
        "europe",
        "eurogroup",
        "head",
        "state",
        "television",
        "paramount",
        "importance",
        "care",
        "moment",
        "good",
        "resignation",
        "pm",
        "italyberlusconi",
        "history",
        "placard",
        "portrait",
        "playboy",
        "suspicion",
        "protest",
        "saturday",
        "statement",
        "announcement",
        "senate",
        "concern",
        "debt",
        "pile",
        "meltdown",
        "shock",
        "commissioner",
        "situation",
        "delegation",
        "timing",
        "power",
        "end",
        "era",
        "business",
        "tycoon",
        "force",
        "forza",
        "italia",
        "sex",
        "corruption",
        "loss",
        "blow",
        "test",
        "measure",
        "lone",
        "holdout",
        "half",
        "indication"
    ],
    "category": [
        "world",
        "europe"
    ]
}