{
    "title": "Inter Milan coach Gasperini sacked after poor start to season",
    "url": "https://edition.cnn.com/2011/09/21/sport/football/football-inter-milan-gasperini/index.html",
    "date": "2011-09-21",
    "keywords": [
        "inter",
        "coach",
        "gasperini",
        "genoa",
        "piero",
        "serie",
        "league",
        "moratti",
        "wednesday",
        "charge",
        "defeat",
        "cup",
        "season",
        "tuesday",
        "point",
        "club",
        "relationship",
        "way",
        "story",
        "gasperinis",
        "reign",
        "cnn",
        "price",
        "novara",
        "june",
        "guidance",
        "opening",
        "position",
        "table",
        "place",
        "relegation",
        "zone",
        "milan",
        "august",
        "outfit",
        "trabzonspor",
        "match",
        "fc",
        "session",
        "centro",
        "sportivo",
        "angelo",
        "appiano",
        "gentile",
        "assistant",
        "bernazzani",
        "giuseppe",
        "baresi",
        "dedication",
        "work",
        "slump",
        "president",
        "ax",
        "boss",
        "dont",
        "today",
        "situation",
        "nothing",
        "leonardo",
        "spell",
        "fifthplace",
        "finish",
        "qualification",
        "everything",
        "shame",
        "end",
        "everyone",
        "draw",
        "face",
        "trip",
        "saturday"
    ],
    "category": [
        "sport",
        "football"
    ]
}