{
    "title": "Amanda Knox: How the four-year court saga unfolded",
    "url": "https://edition.cnn.com/2011/09/30/world/europe/knox-court-saga/index.html",
    "date": "2011-10-03",
    "keywords": [
        "knox",
        "trial",
        "evidence",
        "murder",
        "appeal",
        "dna",
        "knoxs",
        "court",
        "defense",
        "amanda",
        "video",
        "daughter",
        "scene",
        "kercher",
        "sollecito",
        "conviction",
        "case",
        "prison",
        "clasp",
        "crime",
        "room",
        "ticket",
        "perugia",
        "hope",
        "home",
        "knife",
        "blood",
        "doubt",
        "look",
        "meredith",
        "cnn",
        "plane",
        "murderer",
        "dad",
        "curt",
        "battle",
        "rudy",
        "guede",
        "prosecution",
        "bra",
        "bongiorno",
        "story",
        "thenboyfriend",
        "heart",
        "italy",
        "name",
        "family",
        "closing",
        "end",
        "time",
        "verdict",
        "camp",
        "nickname",
        "rafaelle",
        "police",
        "work",
        "truth",
        "month",
        "review",
        "chance",
        "examination",
        "material",
        "floor",
        "judge",
        "prosecutor",
        "expert",
        "way",
        "decision",
        "sollecitos",
        "jury",
        "lawyer",
        "outcome",
        "office",
        "ruling",
        "saga",
        "washington",
        "christmas",
        "leap",
        "faith",
        "hoping",
        "allegation",
        "roommate",
        "world",
        "word",
        "december",
        "thing",
        "anderson",
        "explained_00002322",
        "kercher_00001317",
        "claim_00002001",
        "claim",
        "mom_00010703",
        "mother",
        "fight",
        "image",
        "caricature",
        "school",
        "soccer",
        "careless",
        "party"
    ],
    "category": [
        "world",
        "europe"
    ]
}