{
    "title": "Greek PM appears to back off referendum plans",
    "url": "https://edition.cnn.com/2011/11/03/world/europe/greece-main/index.html",
    "date": "2011-11-08",
    "keywords": [
        "papandreou",
        "greece",
        "bailout",
        "referendum",
        "video",
        "government",
        "opposition",
        "country",
        "package",
        "week",
        "thursday",
        "austerity",
        "vote",
        "debt",
        "euro",
        "summit",
        "support",
        "story",
        "leader",
        "minister",
        "call",
        "friday",
        "december",
        "power",
        "crisis",
        "germany",
        "france",
        "deal",
        "greeks",
        "plan",
        "order",
        "end",
        "zone",
        "way",
        "currency",
        "resignation",
        "cnn",
        "george",
        "proposal",
        "response",
        "antonis",
        "confidence",
        "night",
        "untrustworthy",
        "anxiety_00021127",
        "exit",
        "pleitgen",
        "crisis_00000000",
        "sot",
        "important_00002103",
        "stake",
        "nothing",
        "chair",
        "prospect",
        "job",
        "cost",
        "im",
        "something",
        "disaster",
        "default",
        "instability",
        "europe",
        "world",
        "everything",
        "table",
        "blue",
        "period",
        "time",
        "vacuum",
        "room",
        "conversation",
        "wider",
        "good",
        "criticism",
        "biggestever",
        "planet",
        "half",
        "promise",
        "public",
        "sector",
        "please",
        "name",
        "right",
        "pm",
        "greece_00005912",
        "student",
        "pulse",
        "people_00002820",
        "bouldengreecebailoutvote_00015127",
        "fire",
        "surprise",
        "process",
        "basis",
        "leap",
        "matter",
        "unity",
        "tool",
        "decision",
        "family",
        "finance"
    ],
    "category": [
        "world",
        "europe"
    ]
}