{
    "title": "Cibulkova to play Kanepi in Kremlin Cup final",
    "url": "https://edition.cnn.com/2011/10/22/sport/tennis/tennis-kremlin-semis-cibulkova/index.html",
    "date": "2011-10-22",
    "keywords": [
        "kanepi",
        "safarova",
        "cup",
        "premier",
        "level",
        "event",
        "title",
        "home",
        "career",
        "set",
        "victory",
        "story",
        "moscow",
        "slovak",
        "vesnina",
        "wta",
        "cnn",
        "dominika",
        "cibulkova",
        "bidding",
        "tour",
        "estonia",
        "time",
        "hope",
        "tiebreak",
        "chance",
        "cibulkovas",
        "contrast",
        "tor",
        "seed",
        "favorite",
        "vera",
        "zvonareva",
        "fashion",
        "marion",
        "bartoli",
        "virus",
        "place",
        "week",
        "radwanska",
        "round",
        "match",
        "kremlin",
        "clash",
        "number",
        "tense",
        "deciding"
    ],
    "category": [
        "sport",
        "tennis"
    ]
}