{
    "title": "Vettel on pole in Singapore as second F1 title beckons",
    "url": "https://edition.cnn.com/2011/09/24/sport/motorsport/motorsport-f1-vettel-singapore/index.html",
    "date": "2011-09-24",
    "keywords": [
        "vettel",
        "bull",
        "teammate",
        "title",
        "mark",
        "webber",
        "world",
        "season",
        "race",
        "run",
        "position",
        "singapore",
        "night",
        "track",
        "alonso",
        "renault",
        "circuit",
        "year",
        "moon",
        "line",
        "anything",
        "party",
        "boss",
        "horner",
        "lap",
        "hamilton",
        "time",
        "story",
        "home",
        "cnn",
        "champion",
        "victory",
        "championship",
        "lead",
        "event",
        "fernando",
        "spaniard",
        "marina",
        "street",
        "start",
        "verge",
        "felipe",
        "team",
        "weekend",
        "pace",
        "minute",
        "q3",
        "record",
        "practice",
        "mistake",
        "car",
        "end",
        "everything",
        "button",
        "fuel",
        "problem",
        "massa",
        "rosberg",
        "michael",
        "schumacher",
        "force",
        "indias",
        "sutil",
        "paul",
        "di",
        "resta"
    ],
    "category": [
        "sport",
        "motorsport"
    ]
}