{
    "title": "Europe and America prepare for Solheim Cup showdown",
    "url": "https://edition.cnn.com/2011/09/22/sport/golf/golf-solheim-cup-ireland/index.html",
    "date": "2011-09-22",
    "keywords": [
        "cup",
        "team",
        "catriona",
        "europe",
        "edition",
        "friday",
        "title",
        "time",
        "resort",
        "ireland",
        "opening",
        "golf",
        "competition",
        "ball",
        "hjorth",
        "duo",
        "blend",
        "way",
        "draw",
        "creamer",
        "matthew",
        "azahara",
        "munoz",
        "stacy",
        "lewis",
        "website",
        "match",
        "swe",
        "story",
        "golfs",
        "weekend",
        "action",
        "castle",
        "occasion",
        "tournament",
        "replica",
        "morning",
        "player",
        "format",
        "total",
        "grabs",
        "winning",
        "triumphs",
        "illinois",
        "alison",
        "defeat",
        "nordqvist",
        "michelle",
        "wie",
        "cristie",
        "karen",
        "melissa",
        "reid",
        "face",
        "paula",
        "lincicome",
        "second",
        "scot",
        "rookie",
        "angela",
        "counterpart",
        "rosie",
        "need",
        "start",
        "instance",
        "leader",
        "everyone",
        "experience",
        "pairing",
        "lot",
        "success",
        "point",
        "master",
        "plan",
        "number",
        "eng",
        "laura",
        "gustafson",
        "hedwall",
        "sp",
        "ger",
        "christel",
        "inkster",
        "kerr",
        "stanford",
        "lang",
        "pressel",
        "kim",
        "ryann"
    ],
    "category": [
        "sport",
        "golf"
    ]
}