{
    "title": "Vietnam lawmaker bans officials from golf",
    "url": "https://edition.cnn.com/2011/10/26/sport/golf/golf-vietnam-officials-ban/index.html",
    "date": "2011-10-26",
    "keywords": [
        "golf",
        "transport",
        "time",
        "thang",
        "staff",
        "minister",
        "economy",
        "government",
        "loc",
        "dinh",
        "la",
        "bus",
        "week",
        "traffic",
        "country",
        "responsibility",
        "number",
        "pham",
        "tang",
        "story",
        "course",
        "travel",
        "day",
        "accident",
        "rate",
        "asia",
        "infrastructure",
        "crisis",
        "solution",
        "weekend",
        "ministry",
        "website",
        "result",
        "work",
        "period",
        "vietnam",
        "concern",
        "loss",
        "land",
        "handful",
        "system",
        "hiding",
        "power",
        "politburo",
        "thayer",
        "defence",
        "force",
        "academy",
        "form",
        "accountability",
        "oil",
        "gas",
        "monopoly",
        "profile",
        "scooter",
        "official",
        "charge",
        "airport",
        "terminal",
        "resort",
        "city",
        "pace",
        "construction",
        "ban",
        "head",
        "ministrys",
        "organization",
        "department",
        "communist",
        "unit",
        "monitoring",
        "recidivist",
        "tien",
        "pioneer",
        "newspaper",
        "spending",
        "waste",
        "money",
        "game",
        "regulation",
        "way",
        "noone",
        "anything",
        "drinking",
        "tennis"
    ],
    "category": [
        "sport",
        "golf"
    ]
}