{
    "title": "Country profile: Macedonia",
    "url": "https://edition.cnn.com/2011/09/30/world/europe/macedonia-country-profile/index.html",
    "date": "2011-09-30",
    "keywords": [
        "macedonia",
        "country",
        "name",
        "population",
        "greece",
        "quarter",
        "skopje",
        "river",
        "world",
        "republic",
        "capital",
        "vardar",
        "year",
        "ottoman",
        "yugoslav",
        "factbook",
        "number",
        "europe",
        "region",
        "independence",
        "september",
        "union",
        "peace",
        "ivanov",
        "party",
        "story",
        "dispute",
        "cnn",
        "kosovo",
        "serbia",
        "city",
        "evidence",
        "history",
        "byzantine",
        "rule",
        "result",
        "host",
        "west",
        "deepest",
        "dating",
        "century",
        "shar",
        "planina",
        "planet",
        "travel",
        "guide",
        "paradise",
        "hiking",
        "yugoslavia",
        "identity",
        "crisis",
        "federation",
        "majority",
        "support",
        "referendum",
        "call",
        "fyr",
        "reason",
        "controversy",
        "recognition",
        "designation",
        "solution",
        "commonwealth",
        "office",
        "uprising",
        "violence",
        "peacekeeping",
        "operation",
        "constitution",
        "language",
        "access",
        "sector",
        "police",
        "force",
        "official",
        "unemployment",
        "percent",
        "account",
        "job",
        "market",
        "cent",
        "gdp",
        "president",
        "gjorgje",
        "power",
        "minister",
        "nikola",
        "gruevski",
        "meanwhile",
        "july",
        "vmrodpmne",
        "coalition",
        "dui",
        "victory",
        "speech",
        "priority",
        "integration",
        "candidate",
        "membership",
        "anniversary"
    ],
    "category": [
        "world",
        "europe"
    ]
}