{
    "title": "The secret life of Julian Assange",
    "url": "https://edition.cnn.com/2011/11/02/world/europe/assange-profile/index.html",
    "date": "2011-11-02",
    "keywords": [
        "assange",
        "computer",
        "year",
        "mother",
        "cnn",
        "son",
        "age",
        "sense",
        "wikileaks",
        "role",
        "video",
        "interview",
        "source",
        "story",
        "state",
        "department",
        "pattern",
        "lightning",
        "rod",
        "battle",
        "founder",
        "sex",
        "summer",
        "world",
        "security",
        "spokesman",
        "information",
        "chess",
        "melbourne",
        "herald",
        "sun",
        "brett",
        "encryption",
        "yorker",
        "company",
        "blog",
        "iqorg",
        "address",
        "material",
        "move",
        "theater",
        "business",
        "justice",
        "face",
        "wednesday",
        "kingdom",
        "extradition",
        "crime",
        "country",
        "turn",
        "saga",
        "figure",
        "spotlight",
        "vo",
        "occupy",
        "london_00004204",
        "london",
        "mclaughlinoccupywallstreetlondon_00010024",
        "street",
        "jk",
        "quarter",
        "reams",
        "intelligence",
        "ire",
        "damage",
        "reckless",
        "victoria",
        "nuland",
        "speech",
        "public",
        "government",
        "publication",
        "order",
        "wake",
        "blockade",
        "attack",
        "oppressive",
        "precedent",
        "work",
        "persona",
        "youth",
        "christine",
        "intelligent",
        "commodore",
        "modem",
        "journey",
        "magazine",
        "randomness",
        "problem",
        "influence",
        "tender",
        "desire",
        "humor",
        "australia",
        "newspaper",
        "julian",
        "surname",
        "boy",
        "right",
        "affiliate"
    ],
    "category": [
        "world",
        "europe"
    ]
}