{
    "title": "Italian players\u2019 strike comes to an end",
    "url": "https://edition.cnn.com/2011/09/05/sport/football/football-serie-a-strike/index.html",
    "date": "2011-09-05",
    "keywords": [
        "strike",
        "season",
        "milan",
        "agreement",
        "football",
        "contract",
        "weekend",
        "action",
        "bargaining",
        "lazio",
        "serie",
        "league",
        "start",
        "end",
        "june",
        "today",
        "statement",
        "story",
        "union",
        "monday",
        "aic",
        "competition",
        "hand",
        "power",
        "squad",
        "team",
        "force",
        "solidarity",
        "tax",
        "campaign",
        "federation",
        "figc",
        "signing",
        "place",
        "meeting",
        "morning",
        "title",
        "cesena",
        "saturday",
        "inter",
        "sunday",
        "addition",
        "topflight",
        "spain",
        "week",
        "move",
        "association"
    ],
    "category": [
        "sport",
        "football"
    ]
}