{
    "title": "The Catholic church has an app for that",
    "url": "https://edition.cnn.com/2011/10/17/world/europe/ireland-caholic-church-app/index.html",
    "date": "2011-10-17",
    "keywords": [
        "app",
        "church",
        "priesthood",
        "ireland",
        "number",
        "statement",
        "catholic",
        "vocation",
        "website",
        "world",
        "launch",
        "bishop",
        "celibacy",
        "rushe",
        "prayer",
        "life",
        "priest",
        "story",
        "hightech",
        "bid",
        "decline",
        "establishment",
        "bastion",
        "tradition",
        "approach",
        "information",
        "series",
        "sex",
        "abuse",
        "situation",
        "end",
        "derry",
        "churchs",
        "cnn",
        "issue",
        "father",
        "paddy",
        "company",
        "time",
        "dublin",
        "apple",
        "iphone",
        "store",
        "connection",
        "twitter",
        "networking",
        "service",
        "person",
        "news",
        "feed",
        "user",
        "future",
        "counter",
        "period",
        "picture",
        "gallery",
        "handover",
        "coordinator",
        "willie",
        "purcell",
        "team",
        "part",
        "campaign",
        "httpwwwvocationsie",
        "sunday",
        "september",
        "opportunity",
        "relationship",
        "particular",
        "care",
        "parish",
        "community",
        "importance",
        "jesus",
        "christ",
        "place"
    ],
    "category": [
        "world",
        "europe"
    ]
}