{
    "title": "Newark flight makes emergency landing in Poland",
    "url": "https://edition.cnn.com/2011/11/01/world/europe/poland-plane/index.html",
    "date": "2011-11-02",
    "keywords": [
        "airport",
        "emergency",
        "airline",
        "flight",
        "lot",
        "plane",
        "landing",
        "video",
        "calm",
        "newark",
        "cnn",
        "tuesday",
        "york",
        "area",
        "time",
        "aircraft",
        "story",
        "jersey",
        "spokeswoman",
        "liberty",
        "hour",
        "system",
        "failure",
        "procedure",
        "statement",
        "place",
        "ground",
        "survivor",
        "exp",
        "landing_00002001",
        "footage",
        "scene",
        "tarmac",
        "halt",
        "terminal",
        "support",
        "staff",
        "home",
        "examination",
        "police",
        "interview",
        "disruption",
        "wednesday",
        "spokesman",
        "poland",
        "air",
        "passenger",
        "traffic",
        "day",
        "flag",
        "carrier",
        "website",
        "quality",
        "service",
        "value",
        "money",
        "cnns",
        "antonia",
        "mortensen",
        "report"
    ],
    "category": [
        "world",
        "europe"
    ]
}