{
    "title": "City catch United at top of EPL table",
    "url": "https://edition.cnn.com/2011/09/24/sport/football/football-manchester-united-city-stoke/index.html",
    "date": "2011-09-24",
    "keywords": [
        "striker",
        "midfielder",
        "league",
        "minute",
        "home",
        "match",
        "defender",
        "goal",
        "city",
        "side",
        "season",
        "swansea",
        "place",
        "premier",
        "shot",
        "time",
        "tottenham",
        "england",
        "substitute",
        "liverpool",
        "victory",
        "stoke",
        "head",
        "table",
        "difference",
        "everton",
        "chelsea",
        "beat",
        "demba",
        "ba",
        "blackburn",
        "manchester",
        "draw",
        "point",
        "corner",
        "david",
        "injury",
        "forward",
        "video",
        "walcott",
        "cup",
        "silva",
        "trip",
        "halftime",
        "weekend",
        "relegation",
        "zone",
        "comeback",
        "win",
        "bale",
        "bolton",
        "story",
        "drop",
        "retain",
        "cnn",
        "start",
        "halt",
        "saturday",
        "defending",
        "row",
        "lead",
        "nani",
        "box",
        "header",
        "bigmoney",
        "august",
        "signing",
        "peter",
        "rio",
        "ferdinand",
        "goalkeeper",
        "gea",
        "helpless",
        "line",
        "rooney",
        "twitter",
        "visit",
        "partner",
        "javier",
        "hernandez",
        "doubt",
        "half",
        "tussle",
        "woodgate",
        "sought",
        "theo",
        "scorer",
        "dimitar",
        "owen",
        "midweek",
        "impression",
        "pintowalcottworldcupdream_00023119",
        "world",
        "dream",
        "berbatov",
        "welbeck",
        "vain",
        "result",
        "briefly",
        "balotelli"
    ],
    "category": [
        "sport",
        "football"
    ]
}