{
    "title": "Caribbean officials banned by FIFA in cash-for-votes probe",
    "url": "https://edition.cnn.com/2011/10/14/sport/football/football-fifa-caribbean-hammam/index.html",
    "date": "2011-10-14",
    "keywords": [
        "fifa",
        "meeting",
        "hammam",
        "football",
        "world",
        "cash",
        "june",
        "committee",
        "virgin",
        "period",
        "jamaicas",
        "horace",
        "half",
        "vincent",
        "frederick",
        "story",
        "body",
        "involvement",
        "event",
        "question",
        "vicepresident",
        "cnn",
        "action",
        "candidate",
        "life",
        "opponent",
        "election",
        "caribbean",
        "confederation",
        "head",
        "race",
        "month",
        "battle",
        "friday",
        "pickering",
        "whilst",
        "soccer",
        "africas",
        "cup",
        "bid",
        "england",
        "netherlandsbelgium",
        "japan",
        "qatar",
        "russia",
        "spainportugal",
        "ceremony",
        "headquarters",
        "bidding",
        "julyseptember",
        "corruption",
        "timeline",
        "burrell",
        "blazer",
        "role",
        "guzman",
        "hypolite",
        "liburd",
        "amount",
        "johnson",
        "mark",
        "bob",
        "forde",
        "barbados",
        "trinidad",
        "richard",
        "groden",
        "jeanbart",
        "haiti",
        "reid",
        "felix",
        "ledesma",
        "republic",
        "hearing",
        "adonis",
        "cayman",
        "joseph",
        "interrogation"
    ],
    "category": [
        "sport",
        "football"
    ]
}