{
    "title": "Coach Rangnick quits Schalke position citing \u2018fatigue\u2019",
    "url": "https://edition.cnn.com/2011/09/22/sport/football/football-schalke-rangnick-resignation/index.html",
    "date": "2011-09-22",
    "keywords": [
        "rangnick",
        "ralf",
        "season",
        "decision",
        "coach",
        "bundesliga",
        "club",
        "team",
        "charge",
        "magath",
        "job",
        "hamburg",
        "week",
        "start",
        "energy",
        "story",
        "position",
        "cnn",
        "syndrome",
        "reason",
        "march",
        "cup",
        "courtesy",
        "thrashing",
        "division",
        "side",
        "duisburg",
        "statement",
        "consideration",
        "conclusion",
        "break",
        "forward",
        "footballing",
        "development",
        "step",
        "interest",
        "success",
        "rest",
        "manager",
        "horst",
        "heldt",
        "respect",
        "share",
        "view",
        "health",
        "priority",
        "game",
        "notice",
        "use",
        "time",
        "doctor",
        "rarreck",
        "situation",
        "depression",
        "burnout",
        "monday"
    ],
    "category": [
        "sport",
        "football"
    ]
}