{
    "title": "Marchers shut down central Athens in financial protest",
    "url": "https://edition.cnn.com/2011/10/05/world/europe/greece-protests/index.html",
    "date": "2011-10-05",
    "keywords": [
        "year",
        "government",
        "pay",
        "finance",
        "minister",
        "deficit",
        "sector",
        "strike",
        "school",
        "ministry",
        "video",
        "march",
        "country",
        "target",
        "bank",
        "fund",
        "bid",
        "september",
        "bailout",
        "cabinet",
        "gdp",
        "education",
        "story",
        "airport",
        "theyve",
        "cnn",
        "center",
        "capital",
        "wednesday",
        "austerity",
        "oneday",
        "public",
        "skeleton",
        "commuter",
        "rail",
        "threesome",
        "commission",
        "amount",
        "state",
        "week",
        "operating",
        "lokgreeceausteritystrike_00011101",
        "track",
        "symbol",
        "currency",
        "euro",
        "headquarters",
        "ecb",
        "frankfurt",
        "vote",
        "eurozone",
        "pleitgen",
        "germany",
        "help",
        "budget",
        "monday",
        "spending",
        "installment",
        "plan",
        "money",
        "sunday",
        "reason",
        "economy",
        "george",
        "papandreou",
        "evangelos",
        "venizelos",
        "surplus",
        "end",
        "october",
        "meantime",
        "countrys",
        "result"
    ],
    "category": [
        "world",
        "europe"
    ]
}