{
    "title": "Occupy protest closes landmark London cathedral",
    "url": "https://edition.cnn.com/2011/10/22/world/europe/uk-landmark-closed/index.html",
    "date": "2011-10-22",
    "keywords": [
        "cathedral",
        "city",
        "camp",
        "church",
        "risk",
        "safety",
        "st",
        "statement",
        "protest",
        "fire",
        "letter",
        "notice",
        "london",
        "health",
        "weekend",
        "stock",
        "exchange",
        "group",
        "decision",
        "heart",
        "size",
        "district",
        "impact",
        "corporation",
        "story",
        "landmark",
        "week",
        "saturday",
        "public",
        "time",
        "dome",
        "world",
        "occupy",
        "wall",
        "street",
        "movement",
        "york",
        "month",
        "dean",
        "rev",
        "graeme",
        "afternoon",
        "move",
        "choice",
        "anyone",
        "compliance",
        "position",
        "police",
        "paternoster",
        "square",
        "friday",
        "desire",
        "action",
        "tourist",
        "attraction",
        "doorstep",
        "concern",
        "government",
        "campsite",
        "highway",
        "stuart",
        "fraser",
        "presence",
        "sense",
        "integrity",
        "manner",
        "poverty",
        "inequality",
        "institute",
        "place",
        "debate",
        "meantime",
        "prayer",
        "worship",
        "reflection",
        "architect",
        "sir",
        "christopher",
        "wren",
        "site",
        "river"
    ],
    "category": [
        "world",
        "europe"
    ]
}