{
    "title": "Manchester City leapfrog neighbors United to top English Premier League",
    "url": "https://edition.cnn.com/2011/10/15/sport/football/football-epl-city-top/index.html",
    "date": "2011-10-15",
    "keywords": [
        "city",
        "manchester",
        "villa",
        "balotelli",
        "home",
        "win",
        "mario",
        "liverpool",
        "top",
        "premier",
        "league",
        "goal",
        "bottom",
        "way",
        "kick",
        "striker",
        "roberto",
        "half",
        "side",
        "mancini",
        "bench",
        "substitute",
        "rooney",
        "draw",
        "story",
        "front",
        "spot",
        "bolton",
        "defeat",
        "aston",
        "stadium",
        "saturday",
        "victory",
        "overhead",
        "corner",
        "brooding",
        "mancinis",
        "adam",
        "johnson",
        "vincent",
        "kompany",
        "stephen",
        "warnock",
        "consolation",
        "chance",
        "opening",
        "season",
        "press",
        "association",
        "moment",
        "player",
        "game",
        "team",
        "playing",
        "chase",
        "title",
        "weekend",
        "gerrard",
        "start",
        "freekick",
        "wall",
        "minute",
        "equalizer",
        "slack",
        "defense",
        "majority",
        "match",
        "manager",
        "ferguson",
        "star",
        "decision",
        "euro",
        "sending",
        "england",
        "suarez",
        "superb",
        "save",
        "jordan",
        "henderson",
        "chelsea",
        "point",
        "stamford",
        "bridge",
        "daniel",
        "sturridge",
        "captain",
        "john",
        "terry",
        "midfielder",
        "strike",
        "apostolos",
        "score",
        "table",
        "blackburn",
        "park",
        "road",
        "battle",
        "jonathan",
        "rory",
        "delap"
    ],
    "category": [
        "sport",
        "football"
    ]
}