{
    "title": "Girls given equal rights to British throne under law changes",
    "url": "https://edition.cnn.com/2011/10/28/world/europe/uk-monarchy/index.html",
    "date": "2011-10-28",
    "keywords": [
        "commonwealth",
        "head",
        "monarch",
        "law",
        "prince",
        "throne",
        "church",
        "william",
        "girl",
        "queen",
        "change",
        "family",
        "brother",
        "succession",
        "cameron",
        "state",
        "precedence",
        "duchess",
        "cambridge",
        "catholic",
        "england",
        "catherine",
        "australia",
        "government",
        "someone",
        "duke",
        "act",
        "monarchy",
        "parliament",
        "kingdom",
        "buckingham",
        "palace",
        "story",
        "make",
        "right",
        "minister",
        "david",
        "effect",
        "year",
        "counterpart",
        "julia",
        "gillard",
        "perth",
        "agreement",
        "something",
        "moment",
        "address",
        "idea",
        "son",
        "elder",
        "daughter",
        "man",
        "way",
        "thinking",
        "day",
        "settlement",
        "communion",
        "chance",
        "theyre",
        "keith",
        "leader",
        "scotland",
        "reform",
        "overheard",
        "henry",
        "grave",
        "process",
        "detail",
        "course",
        "statement",
        "richard",
        "commentator",
        "editor",
        "whos",
        "cnn",
        "talk",
        "part",
        "harry",
        "situation",
        "sister",
        "marriage",
        "role",
        "nation",
        "equality",
        "denmark",
        "margrethe",
        "sweden",
        "suit",
        "birth",
        "princess",
        "successor",
        "issue",
        "primogeniture",
        "male",
        "royal",
        "comment",
        "matter",
        "uk",
        "elizabeth",
        "association"
    ],
    "category": [
        "world",
        "europe"
    ]
}