{
    "title": "Court reopens rape investigation of Saudi prince",
    "url": "https://edition.cnn.com/2011/09/15/world/europe/spain-saudi-prince-accused/index.html",
    "date": "2011-09-15",
    "keywords": [
        "court",
        "prince",
        "woman",
        "statement",
        "case",
        "cnn",
        "ibiza",
        "message",
        "rape",
        "victim",
        "investigation",
        "yacht",
        "evidence",
        "mother",
        "judge",
        "talal",
        "perpetrator",
        "alwaleed",
        "island",
        "saudi",
        "imputado",
        "man",
        "dna",
        "email",
        "story",
        "place",
        "time",
        "attack",
        "allegation",
        "bin",
        "decade",
        "complaint",
        "year",
        "lack",
        "crime",
        "appeal",
        "reason",
        "member",
        "family",
        "document",
        "ruling",
        "person",
        "someone",
        "step",
        "indictment",
        "billionaire",
        "investor",
        "news",
        "corp",
        "week",
        "accusation",
        "false",
        "investment",
        "firm",
        "co",
        "encounter",
        "vacation",
        "night",
        "company",
        "drink",
        "friend",
        "tranquilizer",
        "attorney",
        "alcohol",
        "body",
        "drug",
        "turiel",
        "injustice",
        "feeling",
        "advantage",
        "board",
        "daughter",
        "part",
        "fear",
        "lot",
        "dignity",
        "cant",
        "spanish",
        "citizen",
        "comment"
    ],
    "category": [
        "world",
        "europe"
    ]
}