{
    "title": "Photo winners capture UK\u2019s diversity",
    "url": "https://edition.cnn.com/2011/09/26/world/europe/wildlife-photography-uk-awards-duplicate-2/index.html",
    "date": "2011-09-26",
    "keywords": [
        "wildlife",
        "image",
        "photography",
        "competition",
        "island",
        "winner",
        "london",
        "uk",
        "shot",
        "story",
        "batch",
        "diversity",
        "beauty",
        "jellyfish",
        "richard",
        "shucksmith",
        "isle",
        "scotland",
        "greg",
        "armfield",
        "film",
        "manager",
        "iridescent",
        "category",
        "oliver",
        "fox",
        "walter",
        "frog",
        "spawn",
        "seventy",
        "show",
        "wildlifexpo",
        "october",
        "tour",
        "beginning"
    ],
    "category": [
        "world",
        "europe"
    ]
}