{
    "title": "Legal action coming to remove Occupy protest at London cathedral",
    "url": "https://edition.cnn.com/2011/10/28/world/europe/uk-cathedral-protest/index.html",
    "date": "2011-10-28",
    "keywords": [
        "action",
        "city",
        "church",
        "london",
        "cathedral",
        "st",
        "pauls",
        "closure",
        "court",
        "protest",
        "safety",
        "newspaper",
        "protester",
        "service",
        "district",
        "cnn",
        "statement",
        "step",
        "jesus",
        "johnson",
        "health",
        "day",
        "staff",
        "interview",
        "violence",
        "story",
        "friday",
        "corporation",
        "area",
        "chairman",
        "policy",
        "problem",
        "highway",
        "mix",
        "process",
        "refusal",
        "chapter",
        "reluctance",
        "solution",
        "spyro",
        "van",
        "leemnen",
        "route",
        "temple",
        "system",
        "christianity",
        "doorstep",
        "group",
        "lawyer",
        "mayor",
        "debate",
        "heart",
        "week",
        "decision",
        "cleric",
        "canon",
        "chancellor",
        "worship",
        "landmark",
        "tourist",
        "attraction",
        "soulsearching",
        "clergy",
        "dean",
        "rev",
        "graeme",
        "right",
        "situation",
        "way",
        "tent",
        "access",
        "team",
        "police",
        "fire",
        "brigade",
        "aim",
        "justice",
        "person",
        "society",
        "announcement",
        "resignation",
        "fraser",
        "issue",
        "possibility",
        "land",
        "paper",
        "camp",
        "language",
        "name",
        "god",
        "mammon",
        "time",
        "architect",
        "sir",
        "christopher",
        "site",
        "river"
    ],
    "category": [
        "world",
        "europe"
    ]
}