{
    "title": "FIFA reveals anti-corruption reform plans",
    "url": "https://edition.cnn.com/2011/10/21/sport/football/football-fifa-blatter-corruption/index.html",
    "date": "2011-10-21",
    "keywords": [
        "committee",
        "blatter",
        "president",
        "task",
        "football",
        "fifa",
        "body",
        "governance",
        "corruption",
        "force",
        "court",
        "case",
        "world",
        "sepp",
        "marketing",
        "decade",
        "life",
        "executive",
        "roadmap",
        "image",
        "one",
        "transparency",
        "compliance",
        "december",
        "exco",
        "isl",
        "organization",
        "story",
        "activity",
        "company",
        "raft",
        "credibility",
        "succession",
        "tenure",
        "head",
        "leadup",
        "highechelon",
        "fallout",
        "week",
        "caribbean",
        "union",
        "involvement",
        "scandal",
        "election",
        "rival",
        "june",
        "ballot",
        "confederation",
        "hammam",
        "action",
        "punishment",
        "fellow",
        "order",
        "administration",
        "press",
        "conference",
        "zurich",
        "friday",
        "goal",
        "germanys",
        "association",
        "theo",
        "zwanziger",
        "claudio",
        "sulser",
        "chairman",
        "group",
        "fa",
        "hattum",
        "counterpart",
        "juan",
        "angel",
        "napout",
        "legend",
        "franz",
        "beckenbauer",
        "work",
        "meeting",
        "secretary",
        "state",
        "henry",
        "kissinger",
        "role",
        "independence",
        "right",
        "something",
        "respect",
        "question",
        "mark",
        "step",
        "push",
        "woman",
        "time",
        "partner",
        "leoz",
        "joao",
        "havelange",
        "end",
        "day",
        "violence"
    ],
    "category": [
        "sport",
        "football"
    ]
}