{
    "title": "Report: Turkey suicide bomb attack kills 3, injures 20",
    "url": "https://edition.cnn.com/2011/10/29/world/europe/turkey-attack/index.html",
    "date": "2011-10-29",
    "keywords": [
        "attack",
        "bingol",
        "province",
        "agency",
        "suicide",
        "bomber",
        "turkey",
        "woman",
        "story",
        "istanbul",
        "saturday",
        "staterun",
        "news",
        "governor",
        "mustafa",
        "guvencer",
        "town",
        "minister",
        "idris",
        "naim",
        "sahin",
        "hospital",
        "number",
        "countrys",
        "hakkari",
        "month",
        "explosion",
        "heart",
        "capital",
        "rebel",
        "splinter",
        "group",
        "responsibility"
    ],
    "category": [
        "world",
        "europe"
    ]
}