{
    "title": "Napoli go top with win at 10-man Inter",
    "url": "https://edition.cnn.com/2011/10/01/sport/football/football-inter-milan-napoli-roma/index.html",
    "date": "2011-10-01",
    "keywords": [
        "home",
        "inter",
        "obi",
        "ranieri",
        "midfielder",
        "milan",
        "cesar",
        "claudio",
        "victory",
        "goal",
        "card",
        "penalty",
        "game",
        "joel",
        "coach",
        "defeat",
        "spain",
        "julio",
        "defender",
        "area",
        "match",
        "half",
        "defending",
        "shame",
        "referee",
        "everything",
        "roma",
        "host",
        "lead",
        "striker",
        "win",
        "story",
        "league",
        "juventusac",
        "clash",
        "charge",
        "saturday",
        "reverse",
        "serie",
        "giampaolo",
        "pazzini",
        "dressing",
        "room",
        "television",
        "maggio",
        "box",
        "gianluca",
        "rocchi",
        "marek",
        "hamsiks",
        "spotkick",
        "hugo",
        "campagnaro",
        "rebound",
        "official",
        "brazilian",
        "control",
        "yuto",
        "nagatomo",
        "minute",
        "closerange",
        "miss",
        "zuniga",
        "hamsik",
        "trap",
        "pass",
        "lavezzi",
        "beat",
        "ball",
        "foul",
        "result",
        "juventus",
        "earlyseason",
        "double",
        "pick",
        "ranieris",
        "reign",
        "relegation",
        "zone",
        "start",
        "season",
        "krkic",
        "pablo",
        "capital",
        "denis",
        "deficit",
        "simplicio",
        "atalanta",
        "top",
        "la",
        "liga",
        "forward",
        "baptista",
        "kick",
        "getafe",
        "medhi",
        "booking",
        "miku",
        "enzo",
        "maresca"
    ],
    "category": [
        "sport",
        "football"
    ]
}