{
    "title": "Report: Death toll rises to 217 after massive earthquake in Turkey",
    "url": "https://edition.cnn.com/2011/10/23/world/europe/turkey-earthquake/index.html",
    "date": "2011-10-23",
    "keywords": [
        "turkey",
        "quake",
        "rescue",
        "van",
        "earthquake",
        "minister",
        "agency",
        "ercis",
        "center",
        "cnn",
        "crescent",
        "video",
        "magnitude",
        "news",
        "dormitory",
        "town",
        "statement",
        "health",
        "turk",
        "aid",
        "crisis",
        "ministry",
        "machinery",
        "survey",
        "recep",
        "shore",
        "apartment",
        "student",
        "building",
        "reporter",
        "mengu",
        "city",
        "area",
        "damage",
        "capital",
        "sunday",
        "israel",
        "assistance",
        "time",
        "usgs",
        "story",
        "istanbul",
        "bare",
        "military",
        "searchandrescue",
        "atalay",
        "idris",
        "naim",
        "official",
        "toll",
        "week",
        "tayyip",
        "erdogan",
        "lake",
        "part",
        "hospital",
        "sister",
        "network",
        "nevsin",
        "weather",
        "electricity",
        "gas",
        "food",
        "way",
        "sevda",
        "incesu",
        "trouble",
        "debris",
        "woman",
        "voturkeyquakeerdogan_00000525",
        "nr",
        "finkel",
        "turkey73quake_00040913",
        "footage",
        "scene",
        "crush",
        "equipment",
        "wreckage",
        "drinking",
        "water",
        "countrys",
        "akdag",
        "air",
        "ambulance",
        "zone",
        "ground",
        "tent",
        "cargo",
        "sevenstory",
        "kazim",
        "street",
        "village",
        "tabanli",
        "province",
        "help",
        "defense",
        "office",
        "deterioration",
        "dispute",
        "commando"
    ],
    "category": [
        "world",
        "europe"
    ]
}