{
    "title": "Bradley sets early pace in Shanghai",
    "url": "https://edition.cnn.com/2011/11/03/sport/golf/golf-bradley-mcilroy-shanghai/index.html",
    "date": "2011-11-03",
    "keywords": [
        "world",
        "donald",
        "money",
        "round",
        "tour",
        "tournament",
        "westwood",
        "scott",
        "event",
        "shanghai",
        "position",
        "rory",
        "mcilroy",
        "twounder",
        "list",
        "bradley",
        "golf",
        "top",
        "adam",
        "way",
        "group",
        "story",
        "lead",
        "threeway",
        "tie",
        "cnn",
        "champion",
        "keegan",
        "opening",
        "thursday",
        "sevenunderpar",
        "club",
        "bo",
        "van",
        "pelt",
        "duo",
        "fredrik",
        "jacobson",
        "alexander",
        "number",
        "englishman",
        "absent",
        "birth",
        "child",
        "player",
        "season",
        "dream",
        "rookie",
        "year",
        "victory",
        "byron",
        "nelson",
        "championship",
        "addition",
        "win",
        "vermont",
        "native",
        "lee",
        "company",
        "im",
        "time",
        "week",
        "course",
        "lot",
        "fourunder",
        "end",
        "day",
        "david",
        "kj",
        "choi",
        "jaidee",
        "thailand",
        "shot",
        "no1",
        "martin",
        "kaymer",
        "winner",
        "graeme",
        "mcdowell",
        "charl",
        "schwartzel",
        "ryder",
        "cup",
        "poulter",
        "francesco",
        "molinari"
    ],
    "category": [
        "sport",
        "golf"
    ]
}