{
    "title": "Serving the electorate? Tennis star courts the Kremlin",
    "url": "https://edition.cnn.com/2011/11/01/sport/tennis/tennis-chakvetadze-russia-putin/index.html",
    "date": "2011-11-01",
    "keywords": [
        "sport",
        "chakvetadze",
        "putin",
        "cause",
        "party",
        "russia",
        "tennis",
        "kremlin",
        "year",
        "president",
        "state",
        "anna",
        "cnn",
        "right",
        "one",
        "player",
        "parliament",
        "fringe",
        "puppet",
        "time",
        "world",
        "russias",
        "development",
        "country",
        "prokhorov",
        "reporter",
        "journalist",
        "decadeplus",
        "restoration",
        "model",
        "opposition",
        "campaign",
        "thing",
        "care",
        "health",
        "part",
        "infrastructure",
        "service",
        "career",
        "story",
        "illness",
        "difference",
        "moscow",
        "countrys",
        "standing",
        "sporting",
        "status",
        "superpower",
        "rise",
        "bigspending",
        "football",
        "league",
        "sovietera",
        "regime",
        "olympic",
        "winter",
        "sochi",
        "soccer",
        "line",
        "female",
        "scene",
        "finalist",
        "compatriot",
        "myskina",
        "fifth",
        "wta",
        "tour",
        "chance",
        "run_00011326",
        "video",
        "presidency",
        "combination",
        "youth",
        "access",
        "goal",
        "majority",
        "family",
        "december",
        "vote",
        "marat",
        "safin",
        "kabaeva",
        "duma",
        "champion",
        "guard",
        "relevancy",
        "vladimir",
        "challenge",
        "mikhail",
        "havent",
        "share",
        "program",
        "idea",
        "billionaire",
        "businessman",
        "september",
        "leader",
        "accusation",
        "luke",
        "newspaper"
    ],
    "category": [
        "sport",
        "tennis"
    ]
}