{
    "title": "Silvio Berlusconi\u2019s colorful career drawing to an end?",
    "url": "https://edition.cnn.com/2011/11/07/world/europe/berlusconi-profile/index.html",
    "date": "2011-11-08",
    "keywords": [
        "berlusconi",
        "year",
        "tax",
        "sex",
        "minister",
        "party",
        "berlusconis",
        "bunga",
        "time",
        "fraud",
        "authority",
        "crisis",
        "milan",
        "italy",
        "speculation",
        "silvio",
        "career",
        "world",
        "football",
        "government",
        "charge",
        "court",
        "parliament",
        "confidence",
        "video",
        "property",
        "tv",
        "cable",
        "attention",
        "election",
        "coalition",
        "appeal",
        "earthquake",
        "weekend",
        "rally",
        "power",
        "month",
        "economy",
        "pm",
        "dancer",
        "el",
        "mahroug",
        "story",
        "cnn",
        "era",
        "bland",
        "premier",
        "charming",
        "outspoken",
        "vain",
        "presence",
        "stage",
        "close",
        "life",
        "business",
        "empire",
        "construction",
        "making",
        "person",
        "worth",
        "girl",
        "lifes",
        "side",
        "lounge",
        "room",
        "crooner",
        "cruise",
        "ship",
        "university",
        "tuition",
        "law",
        "erin",
        "bunga_00014106",
        "gaffes_00000917",
        "fledgling",
        "entrepreneur",
        "success",
        "development",
        "project",
        "fortune",
        "portfolio",
        "company",
        "telemilano",
        "buying",
        "effort",
        "monopoly",
        "fininvest",
        "group",
        "department",
        "insurance",
        "centerright",
        "forza",
        "italia",
        "dispute",
        "league",
        "indictment",
        "tenure",
        "end",
        "job",
        "statute"
    ],
    "category": [
        "world",
        "europe"
    ]
}