{
    "title": "Berlusconi: Italy\u2019s most colorful, controversial public figure",
    "url": "https://edition.cnn.com/2011/11/08/world/europe/berlusconi-profile/index.html",
    "date": "2012-12-08",
    "keywords": [
        "berlusconi",
        "year",
        "minister",
        "sex",
        "tax",
        "time",
        "party",
        "italy",
        "milan",
        "power",
        "pm",
        "prison",
        "evasion",
        "life",
        "government",
        "crisis",
        "election",
        "berlusconis",
        "sentence",
        "nothing",
        "jail",
        "italys",
        "country",
        "football",
        "girl",
        "charge",
        "court",
        "parliament",
        "confidence",
        "property",
        "tv",
        "cable",
        "attention",
        "coalition",
        "appeal",
        "rally",
        "economy",
        "authority",
        "dancer",
        "el",
        "mahroug",
        "bunga",
        "story",
        "term",
        "cnn",
        "proof",
        "figure",
        "run",
        "office",
        "chapter",
        "billionaire",
        "threetime",
        "verdict",
        "business",
        "empire",
        "construction",
        "making",
        "person",
        "world",
        "worth",
        "premiership",
        "scandal",
        "lifes",
        "side",
        "lounge",
        "room",
        "crooner",
        "cruise",
        "ship",
        "university",
        "tuition",
        "law",
        "fledgling",
        "entrepreneur",
        "success",
        "development",
        "project",
        "expm",
        "fortune",
        "portfolio",
        "company",
        "telemilano",
        "buying",
        "effort",
        "monopoly",
        "fininvest",
        "group",
        "department",
        "insurance",
        "centerright",
        "forza",
        "italia",
        "dispute",
        "league",
        "indictment",
        "fraud",
        "tenure",
        "end",
        "job",
        "statute"
    ],
    "category": [
        "world",
        "europe"
    ]
}