{
    "title": "Spanish police arrest suspected Chinese mafia members",
    "url": "https://edition.cnn.com/2011/10/05/world/europe/spain-chinese-mafia/index.html",
    "date": "2011-10-05",
    "keywords": [
        "prostitution",
        "police",
        "barcelona",
        "mafia",
        "catalan",
        "trafficking",
        "market",
        "slavery",
        "spain",
        "officer",
        "investigation",
        "unit",
        "crime",
        "story",
        "element",
        "cnn",
        "week",
        "strike",
        "date",
        "chineserun",
        "region",
        "catalonia",
        "capital",
        "head",
        "syndicate",
        "district",
        "belowmarket",
        "row",
        "hour",
        "judge",
        "prison",
        "total",
        "assistance",
        "organization",
        "document",
        "forgery",
        "news",
        "conference",
        "wednesday",
        "addition",
        "gang",
        "hub",
        "time",
        "order",
        "perfect",
        "machinery",
        "drug",
        "forcedlabor",
        "scheme",
        "clothing",
        "nation",
        "problem",
        "north",
        "africa",
        "europe",
        "year",
        "ring"
    ],
    "category": [
        "world",
        "europe"
    ]
}