{
    "title": "Troubled waters? Chelsea\u2019s bid to leave Stamford Bridge",
    "url": "https://edition.cnn.com/2011/10/04/sport/football/football-chelsea-stamford-bridge/index.html",
    "date": "2011-10-05",
    "keywords": [
        "club",
        "chelsea",
        "stadium",
        "cpo",
        "bridge",
        "football",
        "stamford",
        "ground",
        "home",
        "offer",
        "order",
        "league",
        "move",
        "capacity",
        "future",
        "way",
        "season",
        "premier",
        "team",
        "revenue",
        "venue",
        "ownership",
        "deal",
        "juventus",
        "mr",
        "chairman",
        "buck",
        "structure",
        "place",
        "certainty",
        "proposal",
        "success",
        "statement",
        "world",
        "loss",
        "concern",
        "peter",
        "investment",
        "honor",
        "priority",
        "story",
        "owner",
        "group",
        "roman",
        "abramovich",
        "location",
        "scale",
        "crowd",
        "landmark",
        "allseater",
        "billionaire",
        "prospect",
        "property",
        "pitch",
        "loan",
        "name",
        "tv",
        "video",
        "formation",
        "threat",
        "favor",
        "decision",
        "meeting",
        "bearing",
        "introduction",
        "fairplay",
        "benefactor",
        "game",
        "ham",
        "bid",
        "olympic",
        "camp",
        "nou",
        "santiago",
        "bernabeu",
        "borussia",
        "iduna",
        "park",
        "germany",
        "italy",
        "milan",
        "crowds",
        "trend",
        "stadio",
        "delle",
        "alpi",
        "competition",
        "fortune",
        "radius",
        "desire",
        "force",
        "level",
        "executive",
        "ron",
        "gourlay",
        "site",
        "fan",
        "cpos",
        "price",
        "share"
    ],
    "category": [
        "sport",
        "football"
    ]
}