{
    "title": "Jordan top group as China struggle to qualify",
    "url": "https://edition.cnn.com/2011/10/11/sport/football/football-jordan-china-asia-qualifiers/index.html",
    "date": "2011-10-11",
    "keywords": [
        "group",
        "jordan",
        "iraq",
        "goal",
        "world",
        "cup",
        "thailand",
        "japan",
        "time",
        "win",
        "half",
        "record",
        "home",
        "place",
        "team",
        "coach",
        "victory",
        "story",
        "continue",
        "form",
        "beat",
        "rout",
        "c",
        "cnn",
        "step",
        "singapore",
        "tuesday",
        "cent",
        "round",
        "qualification",
        "brazil",
        "match",
        "china",
        "closerange",
        "header",
        "bani",
        "yaseen",
        "hayel",
        "jalan",
        "stadium",
        "adnan",
        "hadad",
        "striker",
        "mahmood",
        "abbas",
        "midway",
        "possession",
        "equalizer",
        "game",
        "problem",
        "star",
        "zico",
        "action",
        "perfect",
        "surprise",
        "result",
        "hold",
        "frank",
        "arabia",
        "draw",
        "bangkok",
        "saudis",
        "saudi",
        "chance",
        "soil",
        "oman",
        "dutch",
        "rijkaard",
        "day",
        "thrashing",
        "tajikistan",
        "difference",
        "top",
        "havenaar",
        "shinji",
        "twice",
        "korea",
        "alexander",
        "geynrikh",
        "b",
        "side",
        "chuyoung",
        "scoring"
    ],
    "category": [
        "sport",
        "football"
    ]
}