{
    "title": "Remember Kercher\u2019s suffering, Knox jury told",
    "url": "https://edition.cnn.com/2011/09/26/world/europe/italy-knox-appeal/index.html",
    "date": "2011-09-26",
    "keywords": [
        "knox",
        "sollecito",
        "lawyer",
        "court",
        "evidence",
        "amanda",
        "defense",
        "curt",
        "murder",
        "case",
        "night",
        "body",
        "meredith",
        "monday",
        "appeal",
        "dna",
        "doubt",
        "killing",
        "closing",
        "pacelli",
        "lumumba",
        "trial",
        "house",
        "prosecutor",
        "side",
        "week",
        "perugia",
        "jury",
        "video",
        "roommate",
        "testimony",
        "knoxs",
        "father",
        "alibi",
        "crime",
        "life",
        "saturday",
        "sollecitos",
        "kercher",
        "bathroom",
        "opportunity",
        "story",
        "photos",
        "raffaele",
        "italy",
        "family",
        "stab",
        "rafaelle",
        "pain",
        "francesco",
        "maresca",
        "aggressor",
        "type",
        "number",
        "knox_00010510",
        "stretch",
        "chanceknoxappealnearsend_00000628",
        "useless",
        "review",
        "student",
        "boyfriend",
        "prison",
        "man",
        "rudy",
        "guede",
        "killer",
        "photographs",
        "soul",
        "compassionate",
        "tender",
        "carlo",
        "luciferlike",
        "diabolical",
        "behavior",
        "patrick",
        "language",
        "person",
        "brooke",
        "baldwin",
        "libel",
        "accusation",
        "conviction",
        "spell",
        "defendant",
        "proof",
        "result",
        "stress",
        "mistreatment",
        "police",
        "translation",
        "help",
        "verdict",
        "picture",
        "world",
        "youre",
        "couple",
        "top",
        "sweater",
        "process",
        "conclusion"
    ],
    "category": [
        "world",
        "europe"
    ]
}