{
    "title": "Milan\u2019s Cassano to have heart surgery",
    "url": "https://edition.cnn.com/2011/11/02/sport/football/football-cassano-milan-surgery/index.html",
    "date": "2011-11-02",
    "keywords": [
        "cassano",
        "milan",
        "heart",
        "damage",
        "surgery",
        "striker",
        "statement",
        "time",
        "condition",
        "ac",
        "recovery",
        "midfielder",
        "move",
        "story",
        "win",
        "football",
        "stadio",
        "olimpico",
        "wednesday",
        "malformation",
        "blood",
        "flow",
        "brain",
        "vision",
        "movement",
        "speech",
        "barca",
        "policlinico",
        "antonio",
        "serie",
        "title",
        "cause",
        "presence",
        "patent",
        "timing",
        "therapy",
        "improvement",
        "player",
        "cardiology",
        "closure",
        "return",
        "playing",
        "absence",
        "rossoneri",
        "progression",
        "tuesday",
        "draw",
        "borisov",
        "belarus",
        "ghana",
        "kevin",
        "prince",
        "boateng",
        "shirt",
        "name",
        "number",
        "zlatan",
        "ibrahimovic",
        "side",
        "lead",
        "renan",
        "bressan",
        "bate",
        "penalty",
        "spot",
        "point",
        "knockout",
        "figure",
        "career",
        "club",
        "bari",
        "bigmoney",
        "teenager",
        "capital",
        "spell",
        "injury",
        "fallingout",
        "coach",
        "fabio",
        "capello",
        "home",
        "loan",
        "january",
        "year",
        "dispute",
        "genoa",
        "chairman",
        "garrone",
        "part",
        "cesare",
        "prandellis",
        "italy",
        "squad",
        "championship",
        "poland",
        "june"
    ],
    "category": [
        "sport",
        "football"
    ]
}