{
    "title": "No men allowed at Turkish football match",
    "url": "https://edition.cnn.com/2011/09/21/sport/football/fenerbahce-all-female-crowd/index.html",
    "date": "2011-09-22",
    "keywords": [
        "football",
        "match",
        "club",
        "fenerbahce",
        "stadium",
        "lot",
        "ali",
        "koc",
        "world",
        "night",
        "tff",
        "victory",
        "story",
        "play",
        "manisaspor",
        "male",
        "pitch",
        "invasion",
        "july",
        "vicepresident",
        "pedro",
        "cnn",
        "home",
        "crowd",
        "scandal",
        "hadnt",
        "anything",
        "tuesday",
        "istanbul",
        "federation",
        "punishment",
        "advantage",
        "passion",
        "bit",
        "september",
        "manisapor",
        "league",
        "saracoglu",
        "atmosphere",
        "kind",
        "historic",
        "sense",
        "cnns",
        "event",
        "championship",
        "cloud",
        "fixing",
        "light",
        "summer",
        "profile",
        "group",
        "stage",
        "draw",
        "shame",
        "adult",
        "morning",
        "globe",
        "attendance",
        "news",
        "fixingthe",
        "call",
        "duty",
        "fight",
        "approach",
        "cent",
        "solidarity",
        "day",
        "man",
        "patience",
        "line",
        "course",
        "passionate",
        "whistle",
        "turkey",
        "candidate",
        "cup",
        "host",
        "country",
        "direction"
    ],
    "category": [
        "sport",
        "football"
    ]
}