{
    "title": "What next for Greece\u2019s crisis-hit government?",
    "url": "https://edition.cnn.com/2011/11/03/world/europe/greece-crisis-what-next/index.html",
    "date": "2011-11-08",
    "keywords": [
        "government",
        "greece",
        "vote",
        "europe",
        "party",
        "papandreou",
        "bailout",
        "referendum",
        "crisis",
        "euro",
        "opposition",
        "coalition",
        "confidence",
        "state",
        "democracy",
        "president",
        "leader",
        "video",
        "pasok",
        "conley",
        "support",
        "scenario",
        "thursday",
        "deal",
        "place",
        "zone",
        "pm",
        "george",
        "turmoil",
        "minister",
        "g20",
        "group",
        "debt",
        "caretaker",
        "director",
        "office",
        "union",
        "commission",
        "plan",
        "country",
        "tranche",
        "priority",
        "firewall",
        "story",
        "eurozone",
        "cnn",
        "call",
        "week",
        "package",
        "night",
        "uncertainty",
        "france",
        "default",
        "shock",
        "economy",
        "formation",
        "mandate",
        "ruling",
        "socialist",
        "charge",
        "key",
        "consensus",
        "agreement",
        "pleitgengermanyhelpinggreece_00012224",
        "germanys",
        "solution",
        "lawmaker",
        "tilemachos",
        "chytiris",
        "tv",
        "channel",
        "ert",
        "status",
        "fellow",
        "program",
        "center",
        "secretary",
        "foregone",
        "conclusion",
        "parliament",
        "stage",
        "condition",
        "antonis",
        "samaras",
        "law",
        "meaning",
        "december",
        "soonest",
        "case",
        "majority",
        "assistant",
        "professor",
        "university",
        "twente",
        "harder",
        "option",
        "stability",
        "gemenis",
        "likelihood",
        "cabinet"
    ],
    "category": [
        "world",
        "europe"
    ]
}