{
    "title": "Toure: Man City can be like Barcelona",
    "url": "https://edition.cnn.com/2011/11/08/sport/football/football-yaya-toure-manchester-city/index.html",
    "date": "2011-11-08",
    "keywords": [
        "city",
        "toure",
        "cup",
        "year",
        "club",
        "season",
        "league",
        "yaya",
        "style",
        "something",
        "lot",
        "midfielder",
        "top",
        "arrival",
        "roberto",
        "play",
        "cnn",
        "boss",
        "ivory",
        "silva",
        "dzeko",
        "couple",
        "barcelona",
        "machine",
        "football",
        "time",
        "group",
        "step",
        "god",
        "home",
        "country",
        "story",
        "england",
        "manager",
        "mancinis",
        "switch",
        "part",
        "mancini",
        "premier",
        "storm",
        "allout",
        "coast",
        "camp",
        "nou",
        "deal",
        "july",
        "wealth",
        "talent",
        "sergio",
        "aguero",
        "samir",
        "nasri",
        "captain",
        "carlos",
        "tevez",
        "david",
        "mario",
        "balotelli",
        "attack",
        "system",
        "sami",
        "goal",
        "wait",
        "trophy",
        "wembley",
        "form",
        "table",
        "threat",
        "dominance",
        "confidence",
        "competition",
        "chance",
        "knockout",
        "stage",
        "death",
        "napoli",
        "villarreal",
        "moment",
        "world",
        "luck",
        "chunk",
        "citys",
        "guinea",
        "january",
        "b",
        "burkina",
        "faso",
        "sudan",
        "tournament",
        "bigname",
        "war",
        "march",
        "president",
        "laurent",
        "gbagbo",
        "june",
        "everybody",
        "happiness",
        "manchester",
        "status"
    ],
    "category": [
        "sport",
        "football"
    ]
}