{
    "title": "Warrant issued for Terrell Owens over missed court date",
    "url": "https://edition.cnn.com/2011/11/06/sport/football/terrell-owens-warrant/index.html",
    "date": "2011-11-06",
    "keywords": [
        "spokeswoman",
        "hearing",
        "receiver",
        "october",
        "representation",
        "time",
        "dallas",
        "cowboys",
        "philadelphia",
        "player",
        "court",
        "income",
        "story",
        "cnn",
        "arrest",
        "warrant",
        "terrell",
        "support",
        "month",
        "freeagent",
        "order",
        "nfl",
        "workout",
        "contract",
        "night",
        "anyone",
        "nonappearance",
        "diana",
        "bianchini",
        "show",
        "date",
        "knee",
        "injury",
        "surgery",
        "situation",
        "addition",
        "lawsuit",
        "behalf",
        "case",
        "access",
        "fund",
        "shape",
        "issue",
        "francisco",
        "cincinnati",
        "gallman",
        "report"
    ],
    "category": [
        "sport",
        "football"
    ]
}