{
    "title": "History for Qatar as Al Sadd win Asian title in dramatic shootout",
    "url": "https://edition.cnn.com/2011/11/05/sport/football/football-al-sadd-jeonbuk-champions/index.html",
    "date": "2011-11-05",
    "keywords": [
        "game",
        "club",
        "jeonbuk",
        "sadd",
        "home",
        "today",
        "time",
        "football",
        "goalkeeper",
        "player",
        "fossati",
        "shootout",
        "donggook",
        "saqr",
        "title",
        "side",
        "world",
        "cup",
        "coach",
        "jorge",
        "december",
        "competition",
        "end",
        "striker",
        "potential",
        "story",
        "win",
        "clash",
        "korea",
        "cnn",
        "hero",
        "qatari",
        "saturday",
        "extratime",
        "jeonju",
        "stadium",
        "place",
        "confederation",
        "one",
        "everybody",
        "year",
        "saudi",
        "alshahab",
        "qatar",
        "condition",
        "advantage",
        "clubs",
        "front",
        "record",
        "midfielder",
        "eninho",
        "start",
        "freekick",
        "wooyeon",
        "cross",
        "abdulkader",
        "keita",
        "net",
        "hour",
        "ivory",
        "coast",
        "minute",
        "substitute",
        "woodwork",
        "match",
        "period",
        "afif",
        "card",
        "right",
        "kim",
        "dongchan",
        "park",
        "wonjae",
        "defender",
        "lee",
        "jungsoo",
        "crossbar",
        "belhadj",
        "spotkick",
        "scorer",
        "tonight",
        "bench",
        "knock",
        "leg",
        "semi",
        "ittihad",
        "course"
    ],
    "category": [
        "sport",
        "football"
    ]
}