{
    "title": "Timeline: Meredith Kercher murder case",
    "url": "https://edition.cnn.com/2011/09/28/world/europe/italy-amanda-knox-timeline/index.html",
    "date": "2016-01-13",
    "keywords": [
        "knox",
        "sollecito",
        "murder",
        "court",
        "evidence",
        "trial",
        "dna",
        "guede",
        "case",
        "police",
        "kercher",
        "september",
        "defense",
        "lawyer",
        "prosecutor",
        "meredith",
        "appeal",
        "rudy",
        "sentence",
        "knoxs",
        "sollecitos",
        "conviction",
        "student",
        "lumumba",
        "night",
        "july",
        "hearing",
        "jury",
        "innocence",
        "knife",
        "clasp",
        "prosecution",
        "amanda",
        "cnn",
        "raffaele",
        "body",
        "december",
        "january",
        "way",
        "judge",
        "crime",
        "investigation",
        "im",
        "throat",
        "drifter",
        "perugia",
        "italy",
        "home",
        "owner",
        "bar",
        "prison",
        "libel",
        "custody",
        "confession",
        "shock",
        "jail",
        "head",
        "fasttrack",
        "attorney",
        "courtroom",
        "june",
        "look",
        "curt",
        "interview",
        "roommate",
        "credibility",
        "testimony",
        "letter",
        "stand",
        "life",
        "family",
        "rabbit",
        "scene",
        "part",
        "march",
        "person",
        "story",
        "year",
        "college",
        "villa",
        "thenboyfriend",
        "timeline",
        "house",
        "cut",
        "alibi",
        "customer",
        "pub",
        "text",
        "note",
        "verity",
        "stress",
        "exhaustion",
        "fact",
        "train",
        "ticket",
        "germany",
        "ivory",
        "coast",
        "swab",
        "man"
    ],
    "category": [
        "world",
        "europe"
    ]
}