{
    "title": "Villas-Boas backs Torres after miss",
    "url": "https://edition.cnn.com/2011/09/19/sport/football/chelsea-villas-boas-torres/index.html",
    "date": "2011-09-19",
    "keywords": [
        "villasboas",
        "chelsea",
        "goal",
        "team",
        "andre",
        "defeat",
        "half",
        "opportunity",
        "manager",
        "fernando",
        "striker",
        "fall",
        "nothing",
        "premier",
        "league",
        "score",
        "game",
        "match",
        "time",
        "story",
        "spain",
        "loss",
        "cnn",
        "trafford",
        "chris",
        "rooney",
        "back",
        "season",
        "liverpool",
        "range",
        "goalkeeper",
        "david",
        "error",
        "penalty",
        "miss",
        "proof",
        "world",
        "porto",
        "coach",
        "postmatch",
        "press",
        "conference",
        "luck",
        "side",
        "atletico",
        "madrid",
        "star",
        "form",
        "january",
        "sunday",
        "second",
        "london",
        "outfit",
        "win",
        "ham",
        "april",
        "period",
        "edge",
        "risk",
        "draw",
        "midfielder",
        "impact",
        "result",
        "officiating",
        "opening",
        "way",
        "kind",
        "word",
        "title",
        "swansea",
        "city",
        "stamford",
        "bridge",
        "saturday"
    ],
    "category": [
        "sport",
        "football"
    ]
}