{
    "title": "Greece faces stormy waters in its bid to cut tax evasion",
    "url": "https://edition.cnn.com/2011/10/27/world/europe/greece-tax-evasion/index.html",
    "date": "2011-10-27",
    "keywords": [
        "tax",
        "greece",
        "panaritis",
        "evasion",
        "ministry",
        "government",
        "group",
        "finance",
        "debt",
        "crisis",
        "system",
        "sector",
        "amount",
        "public",
        "tip",
        "year",
        "economy",
        "problem",
        "yacht",
        "pay",
        "citizen",
        "authority",
        "euro",
        "trust",
        "series",
        "pressure",
        "plirono",
        "austerity",
        "spokesman",
        "boat",
        "story",
        "cnn",
        "clampdown",
        "statistic",
        "emerge",
        "rest",
        "europe",
        "use",
        "order",
        "addition",
        "receipt",
        "money",
        "deal",
        "output",
        "commission",
        "countrys",
        "collection",
        "longterm",
        "elena",
        "expert",
        "minister",
        "george",
        "rife",
        "income",
        "culprit",
        "broken",
        "management",
        "revenue",
        "globalist",
        "dodge",
        "staff",
        "salary",
        "declare",
        "fraction",
        "employee",
        "remainder",
        "cash",
        "bill",
        "collusion",
        "something",
        "controller",
        "collector",
        "servant",
        "accounting",
        "judge",
        "woman",
        "work",
        "market",
        "analyst",
        "london",
        "attitude",
        "part",
        "decision",
        "noone",
        "future",
        "world",
        "bank",
        "knowledge",
        "reform",
        "gulf",
        "policing",
        "answer",
        "bureaucracy",
        "way",
        "capital",
        "reaction",
        "privatization",
        "sell",
        "imposition",
        "road"
    ],
    "category": [
        "world",
        "europe"
    ]
}