{
    "title": "UK police drop bid to force newspaper to reveal phone-hacking sources",
    "url": "https://edition.cnn.com/2011/09/20/world/europe/uk-phone-hacking-guardian/index.html",
    "date": "2011-09-20",
    "keywords": [
        "scandal",
        "police",
        "newspaper",
        "news",
        "editor",
        "world",
        "story",
        "intention",
        "sense",
        "lead",
        "phone",
        "information",
        "paper",
        "investigation",
        "coulson",
        "london",
        "bid",
        "tuesday",
        "phonehacking",
        "advice",
        "service",
        "time",
        "application",
        "production",
        "hearing",
        "friday",
        "officer",
        "gathering",
        "evidence",
        "statement",
        "guardian",
        "hacking",
        "crime",
        "website",
        "decision",
        "order",
        "assault",
        "interest",
        "journalism",
        "way",
        "alan",
        "rusbridger",
        "july",
        "outrage",
        "accusation",
        "voice",
        "mail",
        "teenager",
        "dozen",
        "course",
        "operation",
        "inquiry",
        "minister",
        "david",
        "cameron",
        "pressure",
        "spokesman",
        "job",
        "year"
    ],
    "category": [
        "world",
        "europe"
    ]
}