{
    "title": "Pope in Germany \u2018to speak about God,\u2019 not politics",
    "url": "https://edition.cnn.com/2011/09/22/world/europe/germany-pope-visit/index.html",
    "date": "2011-09-23",
    "keywords": [
        "pope",
        "visit",
        "church",
        "berlin",
        "germany",
        "child",
        "abuse",
        "scandal",
        "benedict",
        "reichstag",
        "purpose",
        "freedom",
        "sex",
        "state",
        "homeland",
        "president",
        "republic",
        "responsibility",
        "itinerary",
        "speech",
        "encounter",
        "magazine",
        "community",
        "story",
        "responsibilty",
        "downturn",
        "membership",
        "cnn",
        "minister",
        "journey",
        "see",
        "residence",
        "today",
        "power",
        "morning",
        "airport",
        "presence",
        "encroachment",
        "churchstate",
        "separation",
        "nation",
        "robert",
        "organizer",
        "demonstration",
        "thursday",
        "leader",
        "parliament",
        "pleitgen",
        "visit_00011416",
        "video",
        "homecoming",
        "xvi",
        "police",
        "security",
        "meeting",
        "chancellor",
        "angela",
        "merkel",
        "wulff",
        "situation",
        "culture",
        "jerusalem",
        "threeway",
        "identity",
        "europe",
        "awareness",
        "god",
        "acknowledgment",
        "dignity",
        "person",
        "law",
        "moment",
        "history",
        "enthusiasm",
        "joseph",
        "ratzinger",
        "disenchantment",
        "hold",
        "wake",
        "perception",
        "difficulty",
        "priesthood",
        "conference",
        "poll",
        "conduct",
        "mass",
        "olympic",
        "stadium",
        "friday",
        "council",
        "celebration",
        "convent",
        "wallfahrtskapelle",
        "chapel",
        "virgin",
        "cnns",
        "diana",
        "magnay",
        "report"
    ],
    "category": [
        "world",
        "europe"
    ]
}