{
    "title": "Back with a brand: Troubled Tiger Woods is still on top",
    "url": "https://edition.cnn.com/2011/10/04/sport/golf/golf-tiger-woods-forbes/index.html",
    "date": "2011-10-05",
    "keywords": [
        "brand",
        "star",
        "team",
        "value",
        "tennis",
        "roger",
        "federer",
        "york",
        "worth",
        "world",
        "story",
        "tiger",
        "list",
        "form",
        "slump",
        "golfer",
        "golf",
        "career",
        "spiral",
        "sportsman",
        "business",
        "magazine",
        "week",
        "time",
        "position",
        "year",
        "scandal",
        "divorce",
        "wife",
        "elin",
        "portfolio",
        "agreement",
        "company",
        "equipment",
        "brands_00040416",
        "video",
        "mickelson",
        "basketball",
        "lebron",
        "miami",
        "heat",
        "player",
        "deal",
        "nike",
        "swoosh",
        "football",
        "club",
        "manchester",
        "spot",
        "pound",
        "dollar",
        "exchange",
        "rate",
        "fan",
        "base",
        "share",
        "offering",
        "ozanian",
        "showpiece",
        "super",
        "bowl",
        "summer",
        "cup"
    ],
    "category": [
        "sport",
        "golf"
    ]
}