{
    "title": "Garcia races to 11-shot victory at Castello Masters",
    "url": "https://edition.cnn.com/2011/10/23/sport/golf/golf-garcia-wins-seve/index.html",
    "date": "2011-10-23",
    "keywords": [
        "victory",
        "garcia",
        "round",
        "drought",
        "seve",
        "tour",
        "story",
        "castello",
        "win",
        "spaniard",
        "eightunder",
        "total",
        "margin",
        "history",
        "winless",
        "thought",
        "tribute",
        "year",
        "tournament",
        "spain",
        "ballesteros",
        "battle",
        "brain",
        "cancer",
        "family",
        "everyone",
        "official",
        "website",
        "course",
        "valencia",
        "club",
        "championship",
        "age",
        "day",
        "compatriot",
        "gonzalo",
        "fernandezcastano",
        "pair",
        "world",
        "no2",
        "hsbc",
        "event",
        "slump",
        "form",
        "season",
        "runnersup",
        "spot",
        "larrazabal",
        "munich",
        "june"
    ],
    "category": [
        "sport",
        "golf"
    ]
}