{
    "title": "Tottenham beat Arsenal in north London derby as Walker scores superb winner",
    "url": "https://edition.cnn.com/2011/10/02/sport/football/tottenham/index.html",
    "date": "2011-10-02",
    "keywords": [
        "walker",
        "tottenham",
        "season",
        "hattrick",
        "goal",
        "bolton",
        "home",
        "defeat",
        "drop",
        "zone",
        "lampard",
        "chelsea",
        "johnson",
        "winner",
        "victory",
        "minute",
        "match",
        "ball",
        "spot",
        "penalty",
        "win",
        "story",
        "hotspur",
        "start",
        "cnn",
        "kyle",
        "half",
        "london",
        "hart",
        "lane",
        "sunday",
        "league",
        "team",
        "van",
        "der",
        "vaart",
        "handball",
        "dutchman",
        "adebayois",
        "pass",
        "arsenal",
        "share",
        "possession",
        "break",
        "aaron",
        "ramsey",
        "england",
        "manager",
        "fabio",
        "youngster",
        "strike",
        "szczesny",
        "tally",
        "search",
        "equalizer",
        "game",
        "hand",
        "title",
        "challenge",
        "rout",
        "reebok",
        "daniel",
        "sturridge",
        "loan",
        "spell",
        "juan",
        "corner",
        "way",
        "midfielder",
        "frank",
        "touch",
        "keeper",
        "adam",
        "bogdan",
        "dedryck",
        "boyata",
        "consolation",
        "cottage",
        "martin",
        "murphy",
        "clint",
        "dempsey",
        "bobby",
        "zamora",
        "swansea",
        "stoke",
        "striker",
        "danny",
        "graham",
        "club",
        "scott",
        "sinclair",
        "side"
    ],
    "category": [
        "sport",
        "football"
    ]
}