{
    "title": "Sport overcomes politics as Turkey hosts Israelis amid rising tensions",
    "url": "https://edition.cnn.com/2011/09/22/sport/football/football-turkey-israel-besiktas-maccabi/index.html",
    "date": "2011-09-22",
    "keywords": [
        "match",
        "israel",
        "turkey",
        "team",
        "stadium",
        "game",
        "istanbul",
        "problem",
        "maccabi",
        "mukhtar",
        "security",
        "football",
        "tel",
        "soccer",
        "hotel",
        "police",
        "aviv",
        "trouble",
        "countrys",
        "marmara",
        "way",
        "gaza",
        "university",
        "neighborhood",
        "trip",
        "dozen",
        "tension",
        "mob",
        "week",
        "day",
        "danger",
        "erdogan",
        "mavi",
        "strip",
        "jerusalem",
        "formation",
        "presence",
        "batuman",
        "greenpeace",
        "besiktas",
        "event",
        "square",
        "pregame",
        "reporter",
        "student",
        "youre",
        "crowd",
        "protest",
        "night",
        "divan",
        "everyone",
        "noone",
        "story",
        "avivs",
        "cnn",
        "violence",
        "clubs",
        "pitch",
        "trouncing",
        "europa",
        "league",
        "convergence",
        "low",
        "minister",
        "recep",
        "tayyip",
        "ambassador",
        "refusal",
        "commando",
        "raid",
        "ss",
        "alliance",
        "enemy",
        "flotilla",
        "mediterranean",
        "bullying",
        "area",
        "watson",
        "football_00013114",
        "video",
        "vs",
        "state",
        "israelis",
        "contributor",
        "yorker",
        "writerinresidence",
        "kind",
        "underdog",
        "money",
        "fan",
        "talk",
        "art",
        "gallery",
        "extent",
        "life",
        "policy",
        "yuksel",
        "club",
        "rallying",
        "defense"
    ],
    "category": [
        "sport",
        "football"
    ]
}