{
    "title": "Bin Hammam fails with FIFA ban appeal",
    "url": "https://edition.cnn.com/2011/09/15/sport/football/football-bin-hammam-fifa/index.html",
    "date": "2011-09-15",
    "keywords": [
        "committee",
        "football",
        "hammam",
        "appeal",
        "life",
        "bin",
        "fifa",
        "innocence",
        "ban",
        "qatari",
        "code",
        "confederation",
        "president",
        "world",
        "election",
        "website",
        "part",
        "consequence",
        "time",
        "qatar",
        "story",
        "head",
        "cnn",
        "body",
        "thursday",
        "suspension",
        "decision",
        "sanction",
        "kind",
        "activity",
        "level",
        "panel",
        "senghor",
        "senegal",
        "case",
        "matter",
        "court",
        "arbitration",
        "sport",
        "chance",
        "success",
        "course",
        "light",
        "end",
        "tunnel",
        "step",
        "june",
        "sepp",
        "withdrew",
        "contention",
        "july",
        "money",
        "jack",
        "warner",
        "affair",
        "front",
        "executive",
        "member",
        "chairman",
        "association",
        "figure",
        "right",
        "cup",
        "corruption",
        "buildup",
        "tournament",
        "event"
    ],
    "category": [
        "sport",
        "football"
    ]
}