{
    "title": "Brilliant Garcia forges eight clear at Castello Masters",
    "url": "https://edition.cnn.com/2011/10/22/sport/golf/golf-garcia-castello-leader/index.html",
    "date": "2011-10-22",
    "keywords": [
        "garcia",
        "round",
        "tour",
        "spain",
        "superb",
        "event",
        "challenger",
        "story",
        "closing",
        "win",
        "sevenunder",
        "field",
        "jaidee",
        "cnn",
        "sergio",
        "winless",
        "drought",
        "commanding",
        "lead",
        "castello",
        "control",
        "castellon",
        "course",
        "champion",
        "age",
        "world",
        "number",
        "friday",
        "clubhouse",
        "third",
        "mcgowan",
        "card",
        "back",
        "anthony",
        "wall",
        "fernandezcastano",
        "return",
        "victory",
        "loss",
        "form",
        "alexander",
        "birdie",
        "eagle",
        "hole",
        "threewood",
        "approach",
        "row",
        "sight",
        "group",
        "website",
        "well",
        "anybody",
        "couple",
        "everybody",
        "place",
        "finish",
        "title",
        "sunday"
    ],
    "category": [
        "sport",
        "golf"
    ]
}