{
    "title": "\u2018Risk Atlas\u2019 assesses climate vulnerability",
    "url": "https://edition.cnn.com/2011/10/26/world/europe/cities-climate-threat-report/index.html",
    "date": "2011-10-26",
    "keywords": [
        "risk",
        "population",
        "report",
        "change",
        "climate",
        "land",
        "beldon",
        "world",
        "vulnerability",
        "expansion",
        "asia",
        "calcutta",
        "ababa",
        "milestone",
        "london",
        "index",
        "ccvi",
        "analysis",
        "capacity",
        "extreme",
        "manila",
        "jakarta",
        "flood",
        "charlie",
        "growth",
        "statement",
        "story",
        "eve",
        "africa",
        "impact",
        "mapping",
        "company",
        "concentration",
        "development",
        "dependency",
        "total",
        "sierra",
        "leone",
        "zimbabwe",
        "madagascar",
        "peril",
        "indonesia",
        "part",
        "india",
        "capital",
        "addis",
        "ethiopia",
        "heat",
        "water",
        "storm",
        "hold",
        "analyst",
        "center",
        "decade",
        "courtesy",
        "backtoback",
        "exposure",
        "weather",
        "thailand",
        "tragedy",
        "disaster",
        "business",
        "supply",
        "figure",
        "developing",
        "bangkok",
        "infrastructure",
        "bestperforming",
        "europe",
        "finland",
        "ireland",
        "sweden",
        "ten",
        "list",
        "qatar",
        "louisiana",
        "north",
        "hurricane",
        "katrina",
        "task",
        "director",
        "challenge",
        "opportunity",
        "call",
        "action",
        "launch",
        "state",
        "wednesday"
    ],
    "category": [
        "world",
        "europe"
    ]
}