{
    "title": "World champion Vettel dominates Indian Grand Prix",
    "url": "https://edition.cnn.com/2011/10/30/sport/motorsport/motorsport-f1-vettel-india/index.html",
    "date": "2011-10-30",
    "keywords": [
        "vettel",
        "button",
        "jenson",
        "place",
        "driver",
        "crowd",
        "world",
        "champion",
        "victory",
        "alonso",
        "weekend",
        "prix",
        "bull",
        "season",
        "ferrari",
        "country",
        "runnerup",
        "hamilton",
        "massa",
        "everything",
        "formula",
        "story",
        "fernando",
        "pole",
        "germanys",
        "drive",
        "start",
        "win",
        "delhi",
        "class",
        "apart",
        "lead",
        "top",
        "trend",
        "mark",
        "webber",
        "pair",
        "michael",
        "schumacher",
        "rosberg",
        "change",
        "classification",
        "dhabi",
        "line",
        "lap",
        "guarantee",
        "mclaren",
        "team",
        "effort",
        "right",
        "today",
        "car",
        "race",
        "website",
        "experience",
        "circuit",
        "fast",
        "bit",
        "tick",
        "india",
        "future",
        "year"
    ],
    "category": [
        "sport",
        "motorsport"
    ]
}