{
    "title": "Berlin car burning suspect arrested, police say",
    "url": "https://edition.cnn.com/2011/10/24/world/europe/germamy-burning-cars/index.html",
    "date": "2011-10-24",
    "keywords": [
        "berlin",
        "man",
        "year",
        "suspect",
        "spokesman",
        "habedank",
        "sunday",
        "arson",
        "story",
        "police",
        "cnn",
        "monday",
        "dissatisfaction",
        "ivo",
        "mother",
        "everything",
        "unemployment",
        "housing",
        "living",
        "opinion",
        "vandalism",
        "line",
        "terrorism",
        "dieter",
        "home",
        "expert",
        "party",
        "august",
        "sociologist",
        "klaus",
        "hurrelmann",
        "motivation",
        "time",
        "london",
        "kick",
        "fire",
        "professor",
        "university",
        "bielefeld",
        "extremism",
        "problem",
        "total",
        "car",
        "trouble"
    ],
    "category": [
        "world",
        "europe"
    ]
}