{
    "title": "Tracing Renaissance art to the birth of modern banking",
    "url": "https://edition.cnn.com/2011/09/21/world/europe/money-beauty-renaissance-florence/index.html",
    "date": "2011-09-22",
    "keywords": [
        "money",
        "exhibition",
        "art",
        "wealth",
        "renaissance",
        "botticelli",
        "exchange",
        "show",
        "florence",
        "italy",
        "beauty",
        "savonarola",
        "image",
        "palazzo",
        "strozzi",
        "birth",
        "banking",
        "bonfire",
        "idea",
        "development",
        "end",
        "century",
        "medicis",
        "ludovica",
        "historian",
        "gold",
        "family",
        "author",
        "girolamo",
        "lot",
        "sebregondi",
        "part",
        "story",
        "sandro",
        "london",
        "cnn",
        "period",
        "system",
        "commission",
        "palazzos",
        "director",
        "exploration",
        "history",
        "september",
        "trajectory",
        "medici",
        "bank",
        "use",
        "type",
        "lending",
        "interest",
        "collapse",
        "relationship",
        "class",
        "painter",
        "marinus",
        "van",
        "form",
        "halos",
        "hovering",
        "writer",
        "tim",
        "fifteenthcentury",
        "iconography",
        "building",
        "letter",
        "usury",
        "situation",
        "church",
        "case",
        "influence",
        "virgin",
        "florentine",
        "banker",
        "course",
        "attitude",
        "resistance",
        "christianity",
        "poverty",
        "mobility",
        "set",
        "medieval",
        "charge",
        "order",
        "prosperity",
        "doesnt",
        "spoke",
        "cynicism",
        "power",
        "aspect",
        "vulgarity",
        "sense",
        "sin",
        "backlash",
        "preacher",
        "section",
        "turbulent",
        "anguish",
        "time",
        "bradburne"
    ],
    "category": [
        "world",
        "europe"
    ]
}