{
    "title": "Finance minister steps down amid dispute with Medvedev",
    "url": "https://edition.cnn.com/2011/09/26/world/europe/russia-medvedev-kudrin/index.html",
    "date": "2011-09-26",
    "keywords": [
        "minister",
        "medvedev",
        "kudrin",
        "finance",
        "story",
        "order",
        "president",
        "news",
        "agency",
        "government",
        "economist",
        "russia",
        "downturn",
        "cnn",
        "dmitry",
        "alexei",
        "kremlin",
        "monday",
        "staterun",
        "dispute",
        "announcement",
        "end",
        "day",
        "decision",
        "today",
        "session",
        "modernization",
        "commission",
        "mind",
        "future",
        "comment",
        "washington",
        "defense",
        "spending",
        "interfax",
        "vladimir",
        "putin",
        "saturday",
        "year",
        "presidency",
        "time",
        "debt",
        "oil",
        "wealth",
        "nation",
        "rianovosti",
        "maxim",
        "tkachenko"
    ],
    "category": [
        "world",
        "europe"
    ]
}