{
    "title": "Lawyer: Knox is no femme fatale",
    "url": "https://edition.cnn.com/2011/09/27/world/europe/italy-knox-appeal/index.html",
    "date": "2011-09-29",
    "keywords": [
        "knox",
        "sollecito",
        "lawyer",
        "murder",
        "bongiorno",
        "jury",
        "knoxs",
        "evidence",
        "amanda",
        "room",
        "appeal",
        "video",
        "rabbit",
        "meredith",
        "trial",
        "dna",
        "roommate",
        "closing",
        "court",
        "police",
        "case",
        "sollecitos",
        "defense",
        "family",
        "body",
        "monday",
        "stab",
        "rafaelle",
        "tuesday",
        "character",
        "client",
        "kercher",
        "im",
        "italy",
        "trace",
        "guede",
        "crime",
        "night",
        "dad",
        "photographs",
        "pacelli",
        "lumumba",
        "story",
        "time",
        "image",
        "week",
        "giulia",
        "cartoon",
        "jessica",
        "way",
        "movie",
        "boyfriend",
        "pair",
        "conviction",
        "perugia",
        "prison",
        "rudy",
        "man",
        "sentence",
        "killer",
        "one",
        "decision",
        "kid",
        "today",
        "highestprofile",
        "coverage",
        "notion",
        "sex",
        "anything",
        "home",
        "part",
        "scene",
        "investigation",
        "point",
        "pink",
        "sweater",
        "pain",
        "francesco",
        "maresca",
        "aggressor",
        "type",
        "number",
        "knox_00010510",
        "stretch",
        "chanceknoxappealnearsend_00000628",
        "claim_00002001",
        "claim",
        "useless",
        "review",
        "doubt",
        "soul",
        "compassionate",
        "tender",
        "carlo",
        "side",
        "luciferlike",
        "diabolical",
        "behavior",
        "patrick",
        "testimony"
    ],
    "category": [
        "world",
        "europe"
    ]
}