{
    "title": "Knox release: Media focus on unanswered questions",
    "url": "https://edition.cnn.com/2011/10/04/world/europe/europe-press-review-knox/index.html",
    "date": "2011-10-04",
    "keywords": [
        "knox",
        "evidence",
        "story",
        "family",
        "dna",
        "appeal",
        "kercher",
        "justice",
        "news",
        "amanda",
        "video",
        "courtroom",
        "meredith",
        "victim",
        "trial",
        "case",
        "mail",
        "telegraph",
        "newspaper",
        "la",
        "repubblica",
        "system",
        "battle",
        "sollecito",
        "coverage",
        "murder",
        "verdict",
        "court",
        "perugia",
        "ruling",
        "world",
        "acquittal",
        "blog",
        "focus",
        "release",
        "jail",
        "student",
        "reporting",
        "series",
        "lead",
        "london",
        "john",
        "mockery",
        "space",
        "picture",
        "timeline",
        "stephanie",
        "truth",
        "work",
        "presser",
        "prosecutor",
        "chanceitalylylekercherbrother_00011721",
        "ruling_00011318",
        "account",
        "quote",
        "someone",
        "detail",
        "article",
        "rizzi",
        "le",
        "monde",
        "contrasting",
        "audience",
        "joy",
        "crowd",
        "mother",
        "silent",
        "circus",
        "phase",
        "detention",
        "angel",
        "ice",
        "der",
        "engel",
        "mit",
        "eisaugen",
        "broadsheet",
        "die",
        "way",
        "home",
        "letter",
        "prison",
        "website",
        "tabloid",
        "bild",
        "photograph",
        "plane",
        "wait",
        "lounge",
        "da",
        "vincifiumicino",
        "airport",
        "time",
        "tv",
        "interview",
        "bbc",
        "commentary",
        "michael",
        "hanlon",
        "raffaele"
    ],
    "category": [
        "world",
        "europe"
    ]
}