{
    "title": "Reports: Italian government averts split over economic reforms",
    "url": "https://edition.cnn.com/2011/10/25/world/europe/italy-government/index.html",
    "date": "2011-10-25",
    "keywords": [
        "government",
        "debt",
        "crisis",
        "minister",
        "berlusconis",
        "economy",
        "pension",
        "berlusconi",
        "reform",
        "coalition",
        "partner",
        "collapse",
        "summit",
        "growth",
        "deal",
        "tuesday",
        "league",
        "age",
        "italy",
        "wednesday",
        "progress",
        "bossi",
        "party",
        "eu",
        "rescue",
        "fund",
        "month",
        "story",
        "agreement",
        "cnn",
        "silvio",
        "retirement",
        "handful",
        "center",
        "union",
        "meet",
        "leader",
        "umberto",
        "moment",
        "altero",
        "matteoli",
        "danger",
        "president",
        "giorgio",
        "napolitano",
        "communique",
        "palace",
        "crisis_00001401",
        "video",
        "letter",
        "bank",
        "meeting",
        "weekend",
        "sarkozy",
        "germanys",
        "angela",
        "merkel",
        "spending",
        "plan",
        "solution",
        "threat",
        "euro",
        "currency",
        "decade",
        "load",
        "effectiveness",
        "bond",
        "world",
        "shape",
        "nation",
        "output",
        "package",
        "austerity",
        "tax",
        "money",
        "office",
        "vote",
        "confidence",
        "house",
        "parliament",
        "margin",
        "unhappiness",
        "handling",
        "series",
        "hada",
        "messia",
        "report"
    ],
    "category": [
        "world",
        "europe"
    ]
}