{
    "title": "Udinese and Lazio keep pressure on Juventus in Italy",
    "url": "https://edition.cnn.com/2011/10/30/sport/football/football-udinese-lazio/index.html",
    "date": "2011-10-30",
    "keywords": [
        "pressure",
        "top",
        "point",
        "defeat",
        "win",
        "season",
        "juventus",
        "serie",
        "sunday",
        "goal",
        "result",
        "table",
        "home",
        "club",
        "coach",
        "levante",
        "cejudo",
        "story",
        "run",
        "spain",
        "cnn",
        "captain",
        "di",
        "natale",
        "injury",
        "palermo",
        "dusan",
        "halftime",
        "lazio",
        "success",
        "miroslav",
        "klose",
        "tommaso",
        "milan",
        "position",
        "triumph",
        "roma",
        "meanwhile",
        "bottom",
        "cesena",
        "marco",
        "giampaolo",
        "parma",
        "game",
        "loss",
        "firsthalf",
        "martinez",
        "alvaro",
        "league",
        "victory",
        "offence",
        "halfanhour",
        "side",
        "madrid",
        "beat",
        "gregorio",
        "lopez",
        "place",
        "santander",
        "team",
        "match",
        "betis",
        "stuauni",
        "penalty"
    ],
    "category": [
        "sport",
        "football"
    ]
}