{
    "title": "Stosur crashes out as Wozniacki reaches third round",
    "url": "https://edition.cnn.com/2011/09/27/sport/tennis/tennis-pan-pacific-stosur/index.html",
    "date": "2011-09-27",
    "keywords": [
        "stosur",
        "wozniacki",
        "champion",
        "seed",
        "round",
        "pan",
        "pacific",
        "world",
        "gajdosova",
        "samantha",
        "match",
        "york",
        "win",
        "russia",
        "maria",
        "victory",
        "chance",
        "japan",
        "point",
        "story",
        "carloine",
        "no1",
        "kirilenko",
        "route",
        "pair",
        "tiebreak",
        "history",
        "revenge",
        "tuesday",
        "success",
        "time",
        "slam",
        "tournament",
        "feeling",
        "today",
        "video",
        "difference",
        "kind",
        "number",
        "caroline",
        "defense",
        "title",
        "hardfought",
        "jarmila",
        "petra",
        "kvitova",
        "minella",
        "luxembourg",
        "course",
        "quarterfinal",
        "azarenka",
        "belarus",
        "begu",
        "romania",
        "vera",
        "zvonareva",
        "pironkova",
        "bulgaria",
        "radwanska",
        "poland",
        "julia",
        "germany"
    ],
    "category": [
        "sport",
        "tennis"
    ]
}