{
    "title": "UK summons Syrian envoy",
    "url": "https://edition.cnn.com/2011/10/13/world/europe/britain-syria/index.html",
    "date": "2011-10-13",
    "keywords": [
        "harassment",
        "britain",
        "office",
        "ambassador",
        "embassy",
        "intimidation",
        "kingdom",
        "action",
        "district",
        "virginia",
        "soueid",
        "government",
        "story",
        "thursday",
        "country",
        "khiami",
        "concern",
        "staff",
        "statement",
        "speaking",
        "meeting",
        "minister",
        "east",
        "north",
        "alistair",
        "burt",
        "today",
        "behavior",
        "evidence",
        "anyone",
        "police",
        "wednesday",
        "custody",
        "buchanan",
        "court",
        "detention",
        "video",
        "information",
        "syria",
        "intelligence",
        "order",
        "intimidate",
        "justice",
        "department",
        "washington"
    ],
    "category": [
        "world",
        "europe"
    ]
}