{
    "title": "UK lawyer to file hacking lawsuit against News Corp in U.S.",
    "url": "https://edition.cnn.com/2011/09/23/world/europe/uk-us-phone-hacking/index.html",
    "date": "2011-09-24",
    "keywords": [
        "news",
        "corp",
        "lawyer",
        "action",
        "world",
        "lewis",
        "hacking",
        "police",
        "coulson",
        "mark",
        "phone",
        "editor",
        "lawsuit",
        "hearing",
        "place",
        "york",
        "company",
        "outrage",
        "london",
        "cnn",
        "voice",
        "mail",
        "investigation",
        "family",
        "compensation",
        "story",
        "fall",
        "parent",
        "closure",
        "mogul",
        "friday",
        "scandal",
        "run",
        "arm",
        "confidence",
        "bribery",
        "staff",
        "pkg",
        "video",
        "rupert",
        "crisis",
        "andy",
        "jo",
        "elaborate",
        "subject",
        "minister",
        "david",
        "spokesman",
        "january",
        "year",
        "knowledge",
        "dozen",
        "bail",
        "crime",
        "teenager",
        "july",
        "order",
        "matter",
        "basis",
        "act",
        "jurisdiction",
        "offence",
        "john",
        "law",
        "firm",
        "coogan",
        "celebrity",
        "idea",
        "number",
        "thomson",
        "week",
        "statement",
        "dowler",
        "settlement",
        "cnns",
        "jonathan",
        "wald",
        "laura",
        "smithspark",
        "report"
    ],
    "category": [
        "world",
        "europe"
    ]
}