{
    "title": "Berlusconi denies resignation rumors",
    "url": "https://edition.cnn.com/2011/11/07/world/europe/italy-berlusconi/index.html",
    "date": "2011-11-07",
    "keywords": [
        "berlusconi",
        "economy",
        "italy",
        "government",
        "bond",
        "minister",
        "rome",
        "confidence",
        "reform",
        "resignation",
        "facebook",
        "saturday",
        "texas",
        "california",
        "europe",
        "cnn",
        "silvio",
        "vote",
        "pressure",
        "level",
        "fund",
        "crisis",
        "concern",
        "greece",
        "ferguson",
        "austerity",
        "tax",
        "story",
        "analyst",
        "message",
        "page",
        "press",
        "aide",
        "opposition",
        "week",
        "handling",
        "support",
        "majority",
        "parliament",
        "chanceitalyberlusconihotseat_00004322",
        "video",
        "placard",
        "portrait",
        "playboy",
        "suspicion",
        "protest",
        "past",
        "time",
        "countrys",
        "leadership",
        "budget",
        "tuesday",
        "record",
        "mark",
        "isnt",
        "bailout",
        "trigger",
        "portugal",
        "weekend",
        "friday",
        "summit",
        "program",
        "step",
        "investor",
        "italys",
        "president",
        "giorgio",
        "napolitano",
        "credibility",
        "commitment",
        "month",
        "eurozone",
        "meltdown",
        "collapse",
        "shape",
        "high",
        "nation",
        "output",
        "washington",
        "state",
        "author",
        "civilization",
        "west",
        "rest",
        "thought",
        "union",
        "monday",
        "morning",
        "sign",
        "dire",
        "problem",
        "strength",
        "track",
        "retirement",
        "age",
        "package",
        "money",
        "rescue",
        "world",
        "interest"
    ],
    "category": [
        "world",
        "europe"
    ]
}