{
    "title": "Germany\u2019s famous cross-eyed opossum Heidi dies",
    "url": "https://edition.cnn.com/2011/09/28/world/europe/germany-opossum-dead/index.html",
    "date": "2011-09-29",
    "keywords": [
        "zoo",
        "heidi",
        "health",
        "opossum",
        "website",
        "sensation",
        "year",
        "carolina",
        "sanctuary",
        "leipzig",
        "sister",
        "arthrosis",
        "story",
        "animal",
        "cnn",
        "fame",
        "picture",
        "facebook",
        "zoos",
        "pair",
        "denmark",
        "statement",
        "crosseyed",
        "today",
        "age",
        "illness",
        "couple",
        "medicine",
        "improvement",
        "condition",
        "state",
        "pain",
        "accordance",
        "welfare",
        "joint",
        "cause",
        "heidis",
        "mystery",
        "way",
        "role",
        "fact",
        "eye",
        "naira",
        "male",
        "teddy",
        "type",
        "life",
        "expectancy",
        "cnns",
        "walker",
        "stefan",
        "report"
    ],
    "category": [
        "world",
        "europe"
    ]
}