{
    "title": "Haas steals $10M FedEx Cup jackpot after \u2018perfect\u2019 shot",
    "url": "https://edition.cnn.com/2011/09/26/sport/golf/golf-haas-fedex-cup/index.html",
    "date": "2011-09-26",
    "keywords": [
        "haas",
        "shot",
        "cup",
        "fedex",
        "hole",
        "water",
        "tour",
        "playoff",
        "bill",
        "mahan",
        "way",
        "championship",
        "money",
        "event",
        "hunter",
        "world",
        "win",
        "week",
        "atlanta",
        "star",
        "triumph",
        "luke",
        "donald",
        "career",
        "sunday",
        "putt",
        "compatriot",
        "par",
        "series",
        "position",
        "tournament",
        "head",
        "bogey",
        "round",
        "crowd",
        "number",
        "victory",
        "im",
        "pga",
        "place",
        "work",
        "tie",
        "day",
        "story",
        "bigmoney",
        "golfer",
        "beat",
        "pgas",
        "save",
        "hazard",
        "fourfoot",
        "lake",
        "duo",
        "father",
        "jay",
        "ryder",
        "leap",
        "jackpot",
        "snellhaascashesin_00001413",
        "video",
        "title",
        "unaware",
        "success",
        "line",
        "start",
        "focus",
        "task",
        "glory",
        "share",
        "lead",
        "leaderboard",
        "buildup",
        "sort",
        "contention",
        "clash",
        "team",
        "captain",
        "wildcard",
        "pick",
        "tuesday",
        "possibility",
        "competition",
        "melbourne",
        "talk",
        "everybody",
        "springboard",
        "rest",
        "stature",
        "level",
        "play",
        "stone",
        "lot",
        "vijay",
        "singh",
        "jim",
        "furyk",
        "tiger",
        "time",
        "theyve",
        "year"
    ],
    "category": [
        "sport",
        "golf"
    ]
}