{
    "title": "Accused Norway killer gets 4 more weeks in solitary",
    "url": "https://edition.cnn.com/2011/09/19/world/europe/norway-attacks/index.html",
    "date": "2011-09-19",
    "keywords": [
        "judge",
        "court",
        "breivik",
        "police",
        "custody",
        "trial",
        "summer",
        "july",
        "confinement",
        "lund",
        "bomb",
        "lawyer",
        "defense",
        "island",
        "story",
        "cut",
        "year",
        "end",
        "cnn",
        "margarethe",
        "gun",
        "rampage",
        "monday",
        "something",
        "hearing",
        "everyone",
        "present",
        "counsel",
        "mette",
        "yvonne",
        "larsen",
        "broadcaster",
        "youth",
        "wing",
        "party",
        "time",
        "attack",
        "age",
        "government",
        "speak",
        "form",
        "torture",
        "oslo",
        "place",
        "half",
        "secretary",
        "geir",
        "engebretsen",
        "cynthia",
        "wamwayi",
        "report"
    ],
    "category": [
        "world",
        "europe"
    ]
}