{
    "title": "UK police question 2 Britons arrested in Kenya",
    "url": "https://edition.cnn.com/2011/10/19/world/europe/britain-kenya-arrests/index.html",
    "date": "2011-10-19",
    "keywords": [
        "police",
        "kenya",
        "cardiff",
        "legislation",
        "britain",
        "story",
        "sunday",
        "antiterrorism",
        "provision",
        "terrorism",
        "act",
        "arrival",
        "airport",
        "afternoon",
        "statement",
        "cnn",
        "pair",
        "week",
        "plane",
        "home",
        "office",
        "spokesman",
        "assistance",
        "claudia",
        "rebaza",
        "laura",
        "smithspark",
        "report"
    ],
    "category": [
        "world",
        "europe"
    ]
}