{
    "title": "Rooney handed three-game ban after red card",
    "url": "https://edition.cnn.com/2011/10/13/sport/football/football-rooney-euro-ban/index.html",
    "date": "2011-10-13",
    "keywords": [
        "rooney",
        "capello",
        "decision",
        "card",
        "fa",
        "suspension",
        "ban",
        "uefa",
        "england",
        "striker",
        "group",
        "coach",
        "fabio",
        "mistake",
        "euro",
        "montenegro",
        "friday",
        "body",
        "statement",
        "story",
        "sending",
        "cnn",
        "qualifying",
        "game",
        "draw",
        "podgorica",
        "miodrag",
        "dzudovic",
        "minute",
        "control",
        "today",
        "threematch",
        "dismissal",
        "qualifier",
        "football",
        "association",
        "match",
        "committee",
        "consideration",
        "response",
        "comment",
        "loss",
        "manchester",
        "blow",
        "knockout",
        "poland",
        "year",
        "leniency",
        "hand",
        "onegame",
        "wolfgang",
        "stark",
        "acceptance",
        "advantage",
        "incident",
        "assault",
        "threegame",
        "penalty",
        "fold",
        "team",
        "life",
        "manager",
        "bench",
        "lot",
        "player",
        "moment",
        "preparation",
        "lineup",
        "talisman"
    ],
    "category": [
        "sport",
        "football"
    ]
}