{
    "title": "Simulated Mars mission \u2018returns\u2019 to Earth",
    "url": "https://edition.cnn.com/2011/11/04/world/europe/russia-simulatedmars-trip/index.html",
    "date": "2011-11-04",
    "keywords": [
        "mission",
        "space",
        "crew",
        "suenson",
        "group",
        "isolation",
        "facility",
        "spaceflight",
        "mars500",
        "member",
        "use",
        "period",
        "family",
        "seclusion",
        "russia",
        "trip",
        "planet",
        "story",
        "hand",
        "data",
        "male",
        "part",
        "experiment",
        "red",
        "capsule",
        "size",
        "row",
        "program",
        "officer",
        "food",
        "lag",
        "distance",
        "christmas",
        "tree",
        "party",
        "gathering",
        "travel",
        "sitev",
        "smile",
        "press",
        "moscow",
        "june",
        "afpgetty",
        "mock",
        "landing",
        "fullduration",
        "china",
        "europe",
        "weightlessness",
        "radiation",
        "aspect",
        "study",
        "environment",
        "time",
        "agency",
        "idea",
        "mind",
        "body",
        "return",
        "briefly",
        "quarantine",
        "sound",
        "stay",
        "institute"
    ],
    "category": [
        "world",
        "europe"
    ]
}