{
    "title": "French left takes charge of Senate",
    "url": "https://edition.cnn.com/2011/09/26/world/europe/france-senate/index.html",
    "date": "2011-09-26",
    "keywords": [
        "senate",
        "party",
        "majority",
        "president",
        "sarkozy",
        "republic",
        "sign",
        "victory",
        "monday",
        "control",
        "left",
        "election",
        "defeat",
        "story",
        "development",
        "position",
        "time",
        "september",
        "history",
        "jean",
        "pierre",
        "leader",
        "april",
        "blow",
        "favorite",
        "candidate",
        "dominique",
        "strauss",
        "kahns",
        "campaign",
        "york",
        "hotel",
        "maid",
        "head",
        "surprise",
        "minister",
        "fran\u00e7ois",
        "fillon",
        "statement",
        "moment",
        "truth",
        "spring",
        "battle",
        "today",
        "power",
        "rein",
        "member",
        "morning",
        "analyst",
        "st\u00e9phane",
        "roz\u00e8s",
        "radio",
        "europe",
        "thursday",
        "presidency",
        "feeling",
        "reign",
        "end"
    ],
    "category": [
        "world",
        "europe"
    ]
}