{
    "title": "Messi double as Barcelona set the pace in Spain",
    "url": "https://edition.cnn.com/2011/10/15/sport/football/football-barcelona-real-inter/index.html",
    "date": "2011-10-15",
    "keywords": [
        "messi",
        "hattrick",
        "betis",
        "inter",
        "season",
        "victory",
        "home",
        "santander",
        "gonzalo",
        "beat",
        "serie",
        "goal",
        "penalty",
        "half",
        "higuain",
        "start",
        "catania",
        "story",
        "top",
        "win",
        "lionel",
        "milan",
        "slip",
        "nou",
        "camp",
        "saturday",
        "night",
        "scoring",
        "barca",
        "minute",
        "appeal",
        "ace",
        "freescoring",
        "midfielder",
        "xavi",
        "midway",
        "opening",
        "blot",
        "injury",
        "defender",
        "gerard",
        "pique",
        "foot",
        "problem",
        "abidal",
        "point",
        "messis",
        "teammate",
        "week",
        "argentina",
        "world",
        "cup",
        "chile",
        "breakthrough",
        "break",
        "cristiano",
        "ronaldo",
        "match",
        "star",
        "kaka",
        "jorge",
        "molina",
        "di",
        "maria",
        "hope",
        "recovery",
        "mallorca",
        "villarreal",
        "game",
        "manchester",
        "city",
        "tuesday",
        "draw",
        "getafe",
        "lead",
        "sergio",
        "almiron",
        "lodi",
        "winner",
        "spot",
        "end",
        "piero",
        "gasperini",
        "reign",
        "coach",
        "claudio",
        "ranieri"
    ],
    "category": [
        "sport",
        "football"
    ]
}