{
    "title": "Donald falters in PGA Tour money list bid",
    "url": "https://edition.cnn.com/2011/10/22/sport/golf/golf-donald-webb-money/index.html",
    "date": "2011-10-22",
    "keywords": [
        "simpson",
        "donald",
        "world",
        "money",
        "luke",
        "event",
        "share",
        "course",
        "no1",
        "pace",
        "list",
        "disney",
        "resort",
        "justin",
        "leonard",
        "swede",
        "henrik",
        "stenson",
        "bio",
        "pga",
        "im",
        "weekend",
        "prize",
        "story",
        "sevenunder",
        "cnn",
        "bid",
        "halfway",
        "stage",
        "miracle",
        "network",
        "florida",
        "second",
        "season",
        "race",
        "trio",
        "sevenunderpar",
        "threeunder",
        "golfer",
        "year",
        "performance",
        "tour",
        "website",
        "rory",
        "mcilroy",
        "order",
        "merit",
        "week",
        "day",
        "row",
        "title",
        "place",
        "grip",
        "tournament",
        "minute",
        "tomorrow",
        "get",
        "mix",
        "bit",
        "fun",
        "everyone"
    ],
    "category": [
        "sport",
        "golf"
    ]
}