{
    "title": "Serbians wait on No. 1 Djokovic for home Davis Cup semifinal",
    "url": "https://edition.cnn.com/2011/09/15/sport/tennis/davis-cup-djokovic-nadal/index.html",
    "date": "2011-09-15",
    "keywords": [
        "year",
        "world",
        "cup",
        "nadal",
        "djokovic",
        "clay",
        "france",
        "time",
        "rubber",
        "argentina",
        "tennis",
        "player",
        "rafael",
        "event",
        "troicki",
        "match",
        "video",
        "career",
        "ferrer",
        "story",
        "drawn",
        "tie",
        "triumph",
        "spain",
        "semi",
        "cnn",
        "serbias",
        "belgrade",
        "home",
        "city",
        "thursday",
        "epic",
        "victory",
        "york",
        "monday",
        "possibility",
        "history",
        "czech",
        "republic",
        "victor",
        "year_00004501",
        "im",
        "nalbandian",
        "round",
        "record",
        "york_00001918",
        "david",
        "feature",
        "captain",
        "tito",
        "vazquez",
        "circuit",
        "whos",
        "anybody",
        "janko",
        "juan",
        "martin",
        "del",
        "champion",
        "wrist",
        "zimonjic",
        "chela",
        "monaco",
        "lineup",
        "travel",
        "absence",
        "gael",
        "gasquet",
        "opening",
        "simon",
        "cincinnatis",
        "opponent",
        "warrior",
        "court",
        "believing",
        "moment",
        "lopez",
        "fernando",
        "verdasco",
        "llodra",
        "tsonga",
        "chance",
        "reverse"
    ],
    "category": [
        "sport",
        "tennis"
    ]
}