{
    "title": "Bayern extend lead at top of Bundesliga",
    "url": "https://edition.cnn.com/2011/10/29/sport/football/bundesliga-bayern-gomez/index.html",
    "date": "2011-10-29",
    "keywords": [
        "home",
        "side",
        "win",
        "lead",
        "minute",
        "striker",
        "season",
        "gomez",
        "mario",
        "draw",
        "schalke",
        "table",
        "hoffenheim",
        "borussia",
        "story",
        "coast",
        "cruise",
        "victory",
        "cnn",
        "bayern",
        "munich",
        "top",
        "bundesliga",
        "saturday",
        "allianz",
        "schweinsteiger",
        "shot",
        "edge",
        "area",
        "star",
        "franck",
        "ribery",
        "break",
        "midway",
        "half",
        "raul",
        "bosnia",
        "vedad",
        "klaasjan",
        "huntelaar",
        "league",
        "sure",
        "meanwhile",
        "dortmund",
        "drop",
        "germany",
        "defender",
        "serdar",
        "tasci",
        "piszczek",
        "injury",
        "time",
        "monchengladbach",
        "marco",
        "reus",
        "wolfsburg",
        "berlin",
        "lasogga",
        "winner",
        "end"
    ],
    "category": [
        "sport",
        "football"
    ]
}