{
    "title": "L\u2019Oreal heiress placed under guardianship",
    "url": "https://edition.cnn.com/2011/10/17/world/europe/france-loreal-guardianship/index.html",
    "date": "2011-10-17",
    "keywords": [
        "bettencourt",
        "daughter",
        "mother",
        "decision",
        "judge",
        "ruling",
        "relief",
        "lawyer",
        "woman",
        "grandson",
        "monday",
        "favreau",
        "jeanvictor",
        "court",
        "photographer",
        "statement",
        "interview",
        "im",
        "story",
        "paris",
        "loreal",
        "heiress",
        "liliane",
        "guardianship",
        "bertrand",
        "yearold",
        "year",
        "francoise",
        "francoismarie",
        "banier",
        "money",
        "case",
        "effort",
        "suit",
        "action",
        "wish",
        "grandmother",
        "today",
        "position",
        "sunday",
        "du",
        "dimanche",
        "feeling",
        "enforcement",
        "cnns",
        "report"
    ],
    "category": [
        "world",
        "europe"
    ]
}