{
    "title": "Manchester United hit for six by rampant city rivals",
    "url": "https://edition.cnn.com/2011/10/23/sport/football/football-manchester-city-derby/index.html",
    "date": "2011-10-23",
    "keywords": [
        "city",
        "home",
        "manchester",
        "trafford",
        "half",
        "balotelli",
        "chelsea",
        "goal",
        "day",
        "result",
        "game",
        "van",
        "victory",
        "top",
        "premier",
        "league",
        "mario",
        "chance",
        "strength",
        "mark",
        "silva",
        "history",
        "ferguson",
        "dzeko",
        "time",
        "challenge",
        "drogba",
        "persie",
        "win",
        "story",
        "clash",
        "foul",
        "miss",
        "sunday",
        "opening",
        "rout",
        "defeat",
        "adrift",
        "table",
        "moment",
        "defender",
        "jonny",
        "clattenburg",
        "option",
        "card",
        "saturday",
        "night",
        "prank",
        "hand",
        "work",
        "sergio",
        "aguero",
        "hour",
        "team",
        "strike",
        "darren",
        "fletcher",
        "signal",
        "dominance",
        "substitute",
        "edin",
        "minute",
        "disarray",
        "range",
        "manager",
        "mancini",
        "proof",
        "title",
        "im",
        "dont",
        "lot",
        "contrast",
        "player",
        "think",
        "cant",
        "scoreline",
        "blow",
        "sending",
        "killer",
        "weve",
        "place",
        "london",
        "bosingwa",
        "didier",
        "heidar",
        "helguson",
        "spot",
        "luiz",
        "chris",
        "foy",
        "boswinga",
        "anelka",
        "captain",
        "robin",
        "bench",
        "side",
        "peter",
        "stoke",
        "ace",
        "scoring"
    ],
    "category": [
        "sport",
        "football"
    ]
}