{
    "title": "Veteran British DJ and TV presenter Jimmy Savile dies",
    "url": "https://edition.cnn.com/2011/10/29/world/europe/uk-dj-jimmy-savile-dead/index.html",
    "date": "2011-10-29",
    "keywords": [
        "savile",
        "tv",
        "radio",
        "top",
        "jimll",
        "character",
        "jewelry",
        "show",
        "fix",
        "bbc",
        "death",
        "story",
        "cnn",
        "veteran",
        "dj",
        "personality",
        "jimmy",
        "television",
        "age",
        "showbiz",
        "presenting",
        "host",
        "bbcs",
        "music",
        "program",
        "part",
        "cub",
        "scout",
        "troop",
        "lunch",
        "rollercoaster",
        "track",
        "height",
        "popularity",
        "week",
        "directorgeneral",
        "style",
        "fundraising",
        "charity",
        "knighthood",
        "work",
        "body",
        "home",
        "scene",
        "pneumonia"
    ],
    "category": [
        "world",
        "europe"
    ]
}