{
    "title": "Lawyers argue evidence in Knox murder trial",
    "url": "https://edition.cnn.com/2011/09/30/world/europe/italy-knox-appeal/index.html",
    "date": "2011-10-02",
    "keywords": [
        "knox",
        "evidence",
        "case",
        "sollecito",
        "knoxs",
        "attorney",
        "comodi",
        "prison",
        "video",
        "guede",
        "defense",
        "footprint",
        "amanda",
        "lawyer",
        "murder",
        "dna",
        "trial",
        "court",
        "proof",
        "meredith",
        "kercher",
        "rafaello",
        "killing",
        "victim",
        "regardless",
        "logic",
        "reason",
        "knife",
        "del",
        "grosso",
        "proofs",
        "chance",
        "home",
        "thursday",
        "bathroom",
        "carlo",
        "concentration",
        "motion",
        "story",
        "stabbing",
        "cnn",
        "friday",
        "appeal",
        "conviction",
        "boyfriend",
        "death",
        "roommate",
        "body",
        "throat",
        "pair",
        "spot",
        "kitchen",
        "theyve",
        "nothing",
        "sentence",
        "manuela",
        "maria",
        "client",
        "casting",
        "script",
        "crime",
        "ac",
        "matthew",
        "chance_00002001",
        "look",
        "photos_00003501",
        "perugia",
        "impact_00000209",
        "ruling",
        "monday",
        "judge",
        "father",
        "curt",
        "daughter",
        "journey",
        "end",
        "defendant",
        "rudy",
        "killer",
        "police",
        "investigation",
        "coverup",
        "attempt",
        "standard",
        "donatella",
        "donati",
        "team",
        "time",
        "translator",
        "girl",
        "world",
        "travel",
        "exclusion",
        "blood",
        "dalla",
        "vedova",
        "nothingness",
        "morning",
        "prosecutor",
        "giuliano"
    ],
    "category": [
        "world",
        "europe"
    ]
}