{
    "title": "Alonso vows to fight on in F1 title race",
    "url": "https://edition.cnn.com/2011/09/08/sport/motorsport/motorsport-f1-ferrari-alonso/index.html",
    "date": "2011-09-08",
    "keywords": [
        "alonso",
        "prix",
        "race",
        "ferrari",
        "world",
        "fernando",
        "fighting",
        "home",
        "monza",
        "weekend",
        "spaniard",
        "vettel",
        "formula",
        "championship",
        "motivation",
        "wanting",
        "story",
        "title",
        "twotime",
        "position",
        "season",
        "pressure",
        "result",
        "attendance",
        "situation",
        "spa",
        "gap",
        "bit",
        "web",
        "site",
        "level",
        "driver",
        "deficit",
        "bull",
        "moment",
        "renault",
        "experience",
        "member",
        "team",
        "lap",
        "time",
        "victory",
        "year",
        "podium",
        "front",
        "track",
        "image",
        "tour",
        "month"
    ],
    "category": [
        "sport",
        "motorsport"
    ]
}