{
    "title": "Wimbledon champion Kvitova opens WTA finals in Istanbul",
    "url": "https://edition.cnn.com/2011/10/24/sport/tennis/tennis-wta-championshp-preview/index.html",
    "date": "2011-10-26",
    "keywords": [
        "champion",
        "radwanska",
        "tuesday",
        "tournament",
        "kvitova",
        "field",
        "place",
        "match",
        "group",
        "season",
        "wozniacki",
        "istanbul",
        "petra",
        "vera",
        "maria",
        "winner",
        "sharapova",
        "court",
        "slam",
        "wta",
        "section",
        "event",
        "stosur",
        "azarenka",
        "li",
        "title",
        "story",
        "zvonareva",
        "member",
        "cnn",
        "appearance",
        "endofseason",
        "czech",
        "surprise",
        "grass",
        "turkey",
        "zvonerava",
        "robin",
        "stage",
        "matter",
        "whos",
        "official",
        "breakthrough",
        "world",
        "no1",
        "caroline",
        "pole",
        "newcomer",
        "storming",
        "form",
        "beijing",
        "ace",
        "tennis",
        "asia",
        "performance",
        "marion",
        "bartoli",
        "counting",
        "cup",
        "samantha",
        "blue",
        "belarus",
        "chinas",
        "action",
        "wednesday",
        "task",
        "challenge",
        "kim",
        "injury"
    ],
    "category": [
        "sport",
        "tennis"
    ]
}