{
    "title": "John Lennon\u2019s tooth sells for more than $31,000 at auction",
    "url": "https://edition.cnn.com/2011/11/05/world/europe/uk-lennon-tooth-auction/index.html",
    "date": "2011-11-08",
    "keywords": [
        "tooth",
        "lennon",
        "auction",
        "jarlett",
        "dentist",
        "bid",
        "mother",
        "housekeeper",
        "dna",
        "saturday",
        "house",
        "dot",
        "son",
        "barry",
        "john",
        "day",
        "family",
        "story",
        "test",
        "trash",
        "molar",
        "michael",
        "responsibility",
        "comment",
        "kenwood",
        "home",
        "weybridge",
        "surrey",
        "relationship",
        "kitchen",
        "sister",
        "souvenir",
        "fan",
        "exception",
        "canada",
        "jarletts",
        "daughter",
        "time",
        "owner",
        "cnn",
        "month",
        "testing",
        "doubt",
        "authenticity",
        "provenance",
        "item",
        "anything",
        "worth",
        "clump",
        "hair",
        "army",
        "leather",
        "wallet",
        "necklace",
        "japan",
        "cnns",
        "chris",
        "report"
    ],
    "category": [
        "world",
        "europe"
    ]
}