{
    "title": "Van Persie double gives Arsenal precious EPL win",
    "url": "https://edition.cnn.com/2011/10/16/sport/football/football-arsenal-tottenham-juventus/index.html",
    "date": "2011-10-19",
    "keywords": [
        "van",
        "game",
        "half",
        "persie",
        "victory",
        "win",
        "penalty",
        "sunderland",
        "juventus",
        "chievo",
        "kick",
        "relegation",
        "zone",
        "side",
        "season",
        "action",
        "hamburg",
        "story",
        "beat",
        "clash",
        "jamess",
        "park",
        "italy",
        "draw",
        "cnn",
        "robin",
        "team",
        "premier",
        "history",
        "storm",
        "gunner",
        "larsson",
        "minute",
        "reward",
        "scorer",
        "manager",
        "arsene",
        "wenger",
        "program",
        "transfer",
        "window",
        "player",
        "match",
        "table",
        "time",
        "city",
        "arsenal",
        "london",
        "break",
        "bidding",
        "league",
        "twice",
        "rafael",
        "der",
        "vaart",
        "halftime",
        "jermain",
        "strike",
        "ba",
        "substitute",
        "shola",
        "end",
        "place",
        "tottenham",
        "albion",
        "country",
        "straight",
        "goal",
        "drought",
        "serie",
        "afternoon",
        "top",
        "result",
        "novara",
        "bottom",
        "campaign",
        "freiburg",
        "heung",
        "min",
        "son",
        "ilicevic",
        "papiss",
        "cisse",
        "home",
        "leveler"
    ],
    "category": [
        "sport",
        "football"
    ]
}