{
    "title": "France to open North Korea office",
    "url": "https://edition.cnn.com/2011/09/29/world/europe/france-north-korea/index.html",
    "date": "2011-09-29",
    "keywords": [
        "office",
        "korea",
        "cooperation",
        "statement",
        "france",
        "pyongyang",
        "ministry",
        "aid",
        "minister",
        "ban",
        "story",
        "cnn",
        "help",
        "creation",
        "decision",
        "consideration",
        "diplomat",
        "expert",
        "goal",
        "language",
        "education",
        "culture",
        "secretary",
        "kimoon",
        "pak",
        "gil",
        "vice",
        "wednesday",
        "pair",
        "food",
        "dialogue",
        "issue",
        "report"
    ],
    "category": [
        "world",
        "europe"
    ]
}