{
    "title": "Blatter: No deal with UEFA chief Platini",
    "url": "https://edition.cnn.com/2011/09/14/sport/football/football-fifa-blatter-platini/index.html",
    "date": "2011-09-14",
    "keywords": [
        "blatter",
        "platini",
        "president",
        "body",
        "term",
        "end",
        "head",
        "ban",
        "hand",
        "presidency",
        "report",
        "june",
        "fifa",
        "sepp",
        "world",
        "football",
        "hammam",
        "deal",
        "suggestion",
        "mandate",
        "temarii",
        "appeal",
        "story",
        "plot",
        "chief",
        "cnn",
        "power",
        "michel",
        "tenure",
        "bribery",
        "corruption",
        "suspension",
        "opponent",
        "confederation",
        "france",
        "march",
        "vicepresident",
        "espn",
        "tuesday",
        "footballer",
        "year",
        "job",
        "existence",
        "account",
        "networking",
        "site",
        "twitter",
        "organization",
        "adamu",
        "tahiti",
        "bidding",
        "process",
        "cups",
        "court",
        "arbitration",
        "sport",
        "qatar",
        "tournament",
        "exchange",
        "support",
        "hearing",
        "thursday"
    ],
    "category": [
        "sport",
        "football"
    ]
}