{
    "title": "Spurs lucky to survive Shamrock scare",
    "url": "https://edition.cnn.com/2011/09/29/sport/football/football-spurs-shamrock-europa/index.html",
    "date": "2011-09-30",
    "keywords": [
        "group",
        "match",
        "half",
        "league",
        "psg",
        "bilbao",
        "side",
        "form",
        "jermain",
        "defoe",
        "penalty",
        "story",
        "beat",
        "europa",
        "spurs",
        "cnn",
        "premier",
        "tottenham",
        "hotspur",
        "scare",
        "possession",
        "brush",
        "string",
        "pointblank",
        "effort",
        "budget",
        "equivalent",
        "front",
        "support",
        "pat",
        "shot",
        "stephen",
        "rice",
        "team",
        "answer",
        "impudence",
        "fashion",
        "stung",
        "action",
        "pavyluchenko",
        "giovani",
        "dos",
        "santos",
        "draw",
        "glasgow",
        "club",
        "lead",
        "striker",
        "ki",
        "sungyeung",
        "spot",
        "round",
        "paper",
        "place",
        "f",
        "country",
        "saint",
        "germain",
        "consortium",
        "summer",
        "coach",
        "marco",
        "bielsa",
        "shock",
        "victory"
    ],
    "category": [
        "sport",
        "football"
    ]
}