{
    "title": "Nielsen agrees to join Team Lotus as sporting director",
    "url": "https://edition.cnn.com/2011/11/08/sport/motorsport/motorsport-lotus-nielsen/index.html",
    "date": "2011-11-08",
    "keywords": [
        "team",
        "lotus",
        "nielsen",
        "director",
        "gass",
        "news",
        "steve",
        "season",
        "dieter",
        "f1",
        "offer",
        "tyrrell",
        "benetton",
        "renault",
        "name",
        "mark",
        "story",
        "confirm",
        "announcement",
        "caterham",
        "cnn",
        "post",
        "year",
        "formula",
        "guise",
        "month",
        "germany",
        "sporting",
        "manager",
        "setup",
        "fia",
        "statement",
        "officer",
        "mike",
        "gascoyne",
        "goodbye",
        "end",
        "car",
        "grid",
        "level",
        "record",
        "time",
        "past",
        "championship",
        "singapore",
        "job",
        "chance",
        "someone",
        "belief",
        "ability",
        "midfield"
    ],
    "category": [
        "sport",
        "motorsport"
    ]
}