{
    "title": "Sharapova, Djokovic hit by injury",
    "url": "https://edition.cnn.com/2011/09/29/sport/tennis/tennis-sharapova-injury-japan/index.html",
    "date": "2011-09-29",
    "keywords": [
        "ankle",
        "match",
        "world",
        "number",
        "kvitova",
        "pain",
        "pan",
        "pacific",
        "djokovic",
        "china",
        "strike",
        "sharapova",
        "thing",
        "floor",
        "player",
        "tennis",
        "story",
        "japan",
        "set",
        "novak",
        "burn",
        "tokyo",
        "republic",
        "revenge",
        "wimbledon",
        "year",
        "russian",
        "serve",
        "way",
        "statement",
        "afp",
        "lot",
        "maria",
        "retirement",
        "vera",
        "zvonareva",
        "sadness",
        "manner",
        "swollen",
        "victoria",
        "azarenka",
        "belarus",
        "radwanska",
        "poland",
        "day",
        "tournament",
        "triumph",
        "month",
        "cup",
        "injury",
        "appearance",
        "doubt",
        "federer",
        "richard",
        "gasquet",
        "event",
        "end",
        "grueling",
        "season",
        "prospect",
        "amount"
    ],
    "category": [
        "sport",
        "tennis"
    ]
}